,x,eq_complex_1,eq_complex_2,eq_complex_3,eq_complex_4,eq_complex_6,eq_complex_7,eq_complex_8,eq_complex_9,eq_complex_11,eq_complex_12,eq_complex_14,eq_complex_15,eq_complex_16,eq_complex_17,eq_complex_22,eq_complex_23,eq_complex_25
0,0.054522615,0.007726174452598047,0.007682802199822773,0.9365182046239356,0.9365024422695941,0.9341247569399589,0.9292229596138661,0.9238729013762527,0.923589221527025,0.9271444483735852,0.9262517897866251,0.9184657029901357,0.9213651825921441,0.9187916356983827,0.9211812054257572,0.921706144805038,0.9217060804572264,0.9217008413823425
1,0.059045225,0.007726174452598047,0.007682802199822773,0.927183655636799,0.9271680516979742,0.9249320023531,0.9203156048663086,0.9152925423935651,0.9150115194168064,0.9182642531810628,0.9173179587911523,0.9098532465777533,0.9127041717650621,0.9101791450379833,0.9125672011671063,0.9130968483024704,0.9130967820570758,0.9130914963848958
2,0.06356784,0.007726174452598047,0.007682802199822773,0.917849096329793,0.9178336508066601,0.9157356785597397,0.9113977591773138,0.9066934224294776,0.9064150621344478,0.9093855480494171,0.9083837718842059,0.9012406993821446,0.9040431712314811,0.9015664935121037,0.9039524839103205,0.9044868015910713,0.9044867333885461,0.9044814015242292
3,0.068090454,0.007726174452598047,0.007682802199822773,0.9085145390867607,0.9084992519792847,0.9065358334403386,0.9024695286750433,0.8980757305369214,0.8978000386743409,0.9005083297446578,0.899449163965105,0.8926279513804539,0.8953820779967314,0.8929535674805005,0.8953369127421003,0.8958758561534808,0.8958757859328011,0.8958704083596999
4,0.07261306,0.007726174452598047,0.007682802199822773,0.8991799983555199,0.8991648696634205,0.8973325169430212,0.8935310218757337,0.8894396581624722,0.8891666404237807,0.8916325935226977,0.8905140668515253,0.8840148856383119,0.8867207824823206,0.8843402462335839,0.8867203385470286,0.8872638546920664,0.8872637823907646,0.8872583596763381
5,0.07713568,0.007726174452598047,0.007682802199822773,0.8898454287286444,0.8898304584524119,0.8881257200037292,0.8845822902973114,0.880785341693443,0.8805150037278486,0.882758273932274,0.8815783497105413,0.8754013206178806,0.8780591105267822,0.8757263442926517,0.8781025462463254,0.8786505733601052,0.8786504989143017,0.8786450317161134
6,0.08165829,0.007726174452598047,0.007682802199822773,0.8805108797415077,0.880496067880792,0.8789155272005068,0.8756234767829669,0.8721130058408751,0.8718453532280048,0.8738853916262701,0.872641966926822,0.8667871524264639,0.8693969664448832,0.8671117536580686,0.8694833970719537,0.8700358639210495,0.8700357872655314,0.8700302763383948
7,0.0861809,0.007726174452598047,0.007682802199822773,0.8711763307543711,0.8711616773091722,0.8697019539184333,0.8666546572727931,0.8634228106713479,0.863157848941265,0.8650138959778452,0.8637047997162923,0.8581722018317606,0.8607341792031744,0.8584962908137295,0.8608626754735552,0.8614195006939194,0.8614194217622,0.8614138679649547
8,0.09070352,0.007726174452598047,0.007682802199822773,0.8618417611274956,0.8618272660981637,0.8604850155258076,0.8576759079621697,0.854714916462484,0.8544526510956225,0.8561437313772184,0.8547667229490287,0.8495562783475239,0.8520705668810745,0.8498797608089608,0.8522401531900745,0.8528012445460864,0.8528011632704944,0.8527955675735768
9,0.09522613,0.007726174452598047,0.007682802199822773,0.852507212140359,0.8524928755265437,0.8512647885465751,0.8486873649572738,0.8459895416392151,0.8457299780483745,0.8472748955829041,0.8458276640830115,0.8409392366943492,0.843405993458927,0.8412620137190717,0.8436156457269609,0.8441808992966093,0.8441808156084177,0.8441751791021698
10,0.099748746,0.007726174452598047,0.007682802199822773,0.8431726507693791,0.8431584725712908,0.8420412761435349,0.8396890932097545,0.8372468356348587,0.8369899791865669,0.8384073097639381,0.8368874723427661,0.8323208503215638,0.8347402416568404,0.8326428181530944,0.8349888857459515,0.8355581851191477,0.8355580989486896,0.8355524228515562
11,0.10427135,0.007726174452598047,0.007682802199822773,0.833838114166086,0.8338240943833043,0.8328145508228421,0.8306812256244686,0.8284870139154209,0.8282328699094883,0.8295409552072633,0.8279460566751266,0.8237009439991851,0.8260731462747787,0.8240219938518832,0.8263596557419403,0.8269328711031819,0.8269327823800304,0.8269270680479078
12,0.10879397,0.007726174452598047,0.007682802199822773,0.8245035445392104,0.8244896831722957,0.8235845912592217,0.8216638038243996,0.8197102032155861,0.8194587769125795,0.8206757158508154,0.8190032271760538,0.8150792405296697,0.8174044400800922,0.8153992583803494,0.8177276345730353,0.818304621800841,0.8183045304539732,0.8182987793894132
13,0.11331658,0.007726174452598047,0.007682802199822773,0.8151689955520737,0.8151552926006758,0.8143514863234024,0.8126369773636558,0.8109166352990146,0.8106679318877367,0.8118115736503124,0.8100588923600913,0.8064555504805846,0.8087339445949685,0.8067744168769231,0.8090925873812262,0.8096731870053239,0.8096730929633769,0.8096673068261988
14,0.11783919,0.007726174452598047,0.007682802199822773,0.8058344465649372,0.8058209020290561,0.8051152514378783,0.8036008243725933,0.8021064724648626,0.8018604970838603,0.8029484314136853,0.8011128807487248,0.7978295997107683,0.8000613966974416,0.7981471895567501,0.8004541929052127,0.8010382290812919,0.8010381322728043,0.8010323128905593
15,0.12236181,0.007726174452598047,0.007682802199822773,0.7964998769380616,0.7964864908180473,0.7958759020096061,0.7945554232214768,0.7932798772083869,0.7930366349458915,0.7940861825756945,0.7921650115504327,0.7892010970031662,0.7913865166426406,0.789517279348268,0.791812111170238,0.7923993905610777,0.7923992909147936,0.7923934402941631
16,0.12688442,0.007726174452598047,0.007682802199822773,0.7871653279509251,0.7871521002464277,0.7866335147485999,0.7855009126112102,0.7844370709319644,0.7841965668076509,0.7852247690941683,0.7832151535238354,0.7805697903015884,0.782709064616616,0.7808844281382062,0.7831660398198652,0.7837563503925093,0.7837562478377509,0.7837503681767842
17,0.13140704,0.007726174452598047,0.007682802199822773,0.7778307583240494,0.777817689035419,0.7773880846465341,0.7764373515172949,0.775578197235868,0.7753404362249461,0.7763640433242033,0.7742630859431399,0.7719353320702655,0.7740287053904706,0.7722482821070359,0.7745155792603464,0.7751086890654788,0.7751085835325288,0.775102677233081
18,0.13592964,0.007726174452598047,0.007682802199822773,0.7684962299766519,0.768483319103188,0.7681397089164289,0.76736489942003,0.7667034979725394,0.7664684849753302,0.7675039433051352,0.7653086761618431,0.763297449949292,0.7653451799031513,0.7636085624153786,0.7658604036275704,0.7664560594507459,0.7664559508713502,0.7664500205527845
19,0.14045227,0.007726174452598047,0.007682802199822773,0.7591616397100375,0.7591488872527907,0.7588883211891404,0.7582835556279738,0.7578130583392665,0.7575807982297098,0.7586442369199625,0.7563516216721669,0.7546556973144102,0.7566580545162724,0.7549648157130965,0.7572000108844362,0.7577979369013264,0.7577978252091782,0.7577918737220701
20,0.14497487,0.007726174452598047,0.007682802199822773,0.7498271113626398,0.7498145173205597,0.7496340800974339,0.7491935405650124,0.7489071799695397,0.7486776775281763,0.7497848928516643,0.7473918257361681,0.7460098149888414,0.7479670846481024,0.7463167759325764,0.7485340853127123,0.7491339815677577,0.7491338666991904,0.7491278971407427
21,0.14949748,0.007726174452598047,0.007682802199822773,0.7404925623755033,0.7404801267489398,0.7403769397212702,0.7400948741412332,0.7399859682061587,0.7397592281809101,0.7409256678143319,0.7384289808711643,0.7373593286959031,0.7392718101264093,0.7376639616525131,0.7398620941498517,0.7404636350647903,0.7404635169594126,0.7404575326886425
22,0.1540201,0.007726174452598047,0.007682802199822773,0.7311579927486278,0.7311457155379313,0.7311169359623396,0.7309876568483171,0.7310496072723963,0.73082563435414,0.7320663792956295,0.7294628454650224,0.7287038151940248,0.7305718227362387,0.7290059422986964,0.7311835543535162,0.7317863870854654,0.7317862656869919,0.7317802703413816
23,0.15854271,0.007726174452598047,0.007682802199822773,0.7218234437614912,0.7218113249663115,0.7218541457021401,0.7218720298058895,0.7220983213239418,0.7218771201341467,0.7232068647182459,0.7204932035734065,0.7200428627551352,0.7218667264966211,0.7203422986239646,0.7224979931045095,0.7231017358406593,0.7231016110978421,0.7230956086106257
24,0.16306531,0.007726174452598047,0.007682802199822773,0.7124889154140935,0.7124769550340803,0.7125886049017627,0.7127480942083665,0.7131322954049302,0.7129138705077667,0.7143469012721797,0.7115197849336127,0.711375993138873,0.7131560592463034,0.7116725446684629,0.7138048696655559,0.7144091098459874,0.7144089817136413,0.7144029763318298
25,0.16758794,0.007726174452598047,0.007682802199822773,0.7031543251474791,0.7031425231836831,0.703320267547598,0.7036158707337596,0.7041516353694406,0.703935991296302,0.7054861647308632,0.7025422244624415,0.7027026215566491,0.7044392524277984,0.7029960877155985,0.7051035352868874,0.7057078277318005,0.7057076961719556,0.7057016924753301
26,0.17211054,0.007726174452598047,0.007682802199822773,0.6938197968000814,0.6938081532514518,0.6940492925630446,0.6944755822515033,0.6951566459119475,0.6949437870998798,0.6966245015569229,0.6935603394358048,0.6940223235711998,0.695715899333111,0.6943124952999349,0.6963935010981301,0.6969973660458847,0.6969972310292033,0.6969912339501304
27,0.17663316,0.007726174452598047,0.007682802199822773,0.6844852271732058,0.6844737420404433,0.6847756134355424,0.6853272297369951,0.6861474134849657,0.6859373443442451,0.6877615150705899,0.6845737118558044,0.6853344306665463,0.6869853486597295,0.6856210906476063,0.6876740325130658,0.6882769535671192,0.6882768150743341,0.6882708299185978
28,0.18115577,0.007726174452598047,0.007682802199822773,0.6751506781860693,0.6751393514688236,0.675499327656373,0.6761709761271805,0.6771241839451998,0.6769169088099742,0.6788969351029256,0.6755820649544633,0.6766383930980339,0.6782470691744477,0.6769213156789698,0.678944513464599,0.6795459354576481,0.6795457934813481,0.6795398259497107
29,0.1856784,0.007726174452598047,0.007682802199822773,0.6658160879194547,0.6658049196184262,0.6662204096793621,0.6670068632163905,0.6680870838257453,0.6678826069909821,0.6700303407673441,0.6665849842696046,0.6679335092605022,0.669500377754087,0.6682124602906644,0.6702041750000864,0.6708035017376022,0.6708033562841406,0.6707974124951903
30,0.190201,0.007726174452598047,0.007682802199822773,0.6564815595720572,0.6564705496861952,0.6569389981013127,0.657835095174081,0.6590363998000196,0.6588347254719186,0.6611614317431348,0.6575821952581818,0.6592191931792055,0.6607447081738507,0.6594939299883179,0.6614523640394888,0.6620489559973695,0.6620488070891378,0.6620428936025143
31,0.1947236,0.007726174452598047,0.007682802199822773,0.6471470312246597,0.6471361797539641,0.6476550673955417,0.6486557143365257,0.6499722589663001,0.649773391311706,0.6522897111368262,0.6485732441933951,0.6504946646944529,0.6519792998059254,0.6507649359569851,0.6526882325342598,0.6532814043779253,0.6532812520558011,0.6532753758973152
32,0.19924621,0.007726174452598047,0.007682802199822773,0.6378124822375232,0.6378017891823443,0.6383686330504426,0.6394688037475638,0.6408948285153548,0.6406987716493423,0.643414677703953,0.6395576962117597,0.6417591399195814,0.6432033889981934,0.6420246856333712,0.643910928933814,0.6444999469651995,0.644499791291403,0.6444939599788339
33,0.20376883,0.007726174452598047,0.007682802199822773,0.6284779126106474,0.6284673779713357,0.6290797310840008,0.6302744669868411,0.6318042959117146,0.6316110538913107,0.6345358021072546,0.6305351146603181,0.6330118101651289,0.6344161878896267,0.6332723616562121,0.6351195773209942,0.6357036568093422,0.6357034978706679,0.6356977194407517
34,0.20829144,0.007726174452598047,0.007682802199822773,0.619143363623511,0.6191329873997159,0.6197884386176425,0.6210728486026105,0.6227008891782422,0.6225104659898677,0.6256525420388355,0.6215050803126217,0.6242518594756318,0.6256169020150637,0.6245071394526441,0.6263132953568806,0.62689159776132,0.6268914356728075,0.6268857187093381
35,0.21281406,0.007726174452598047,0.007682802199822773,0.6098087939966353,0.6097985761887074,0.6104947506165413,0.6118640120485943,0.6135847561471595,0.6133971557314595,0.616764219380455,0.6124670707498221,0.6154783464469611,0.6168046115848578,0.6157280690231198,0.6174910757751427,0.6180627057472138,0.6180625406562743,0.6180568943205124
36,0.21733667,0.007726174452598047,0.007682802199822773,0.6004742450094988,0.6004641856170875,0.6011987442418588,0.6026481024459313,0.6044561254834783,0.6042713517102929,0.6078701718632324,0.6034206192486862,0.606690357160013,0.6079784250983552,0.6069342280067418,0.608651940421239,0.6092159427435154,0.6092157748346886,0.6092102088964292
37,0.22185928,0.007726174452598047,0.007682802199822773,0.5911396960223622,0.5911297950454677,0.5919004350183428,0.5934252040874216,0.5953151656542207,0.5951332223412245,0.5989696095198558,0.5943651740788091,0.597886867405149,0.5991373409484656,0.5981245838600663,0.5997948020095601,0.6003501582408322,0.6003499877411547,0.6003445126129113
38,0.2263819,0.007726174452598047,0.007682802199822773,0.5818051263954866,0.5817953838344592,0.582599838459309,0.5841954014496522,0.5861620452721014,0.5859829361847593,0.590061667006747,0.5853001574916691,0.5890667986417503,0.5902803036276902,0.5892980498884666,0.5909185206281217,0.5914641455493348,0.5914639727345019,0.5914585995078255
39,0.2309045,0.007726174452598047,0.007682802199822773,0.5724705980480891,0.5724610139022279,0.5732970523552705,0.5749588609137483,0.5769970142079413,0.5768207430343462,0.5811454752954607,0.5762250451223466,0.5802290941029598,0.5814062801357103,0.5804535614474016,0.5820219805752251,0.5825567184509114,0.5825565436523509,0.5825512841361827
40,0.23542711,0.007726174452598047,0.007682802199822773,0.5631360490609525,0.5631266233306081,0.5639920511027944,0.5657156266056086,0.5678202010685823,0.567646771457005,0.5722199567675914,0.5671391645091082,0.5713725214194334,0.572514061778915,0.5715898784498733,0.5731038918419189,0.5736265121011919,0.5736263357141449,0.5736212024793867
41,0.23994973,0.007726174452598047,0.007682802199822773,0.553801479434077,0.5537922121195996,0.554684870793826,0.5564658040890039,0.5586317953819442,0.5584612109219685,0.5632839939273069,0.5580418745232414,0.562495845950224,0.5636024382249147,0.5627057588487971,0.5641629645975744,0.5646721572688175,0.5646719797617119,0.5646669861885811
42,0.24447234,0.007726174452598047,0.007682802199822773,0.5444669304469404,0.5444578215479798,0.5453755887015478,0.5472095401078645,0.5494320276258944,0.5492642918357381,0.5543364005953394,0.5489325445079736,0.5535978093981251,0.5546701760159002,0.553799937255215,0.5551978876297191,0.5556922582221174,0.5556920801474073,0.5556872404788764
43,0.24899496,0.007726174452598047,0.007682802199822773,0.5351323608200649,0.5351234103369713,0.5360641997813852,0.5379468997961807,0.5402210471974821,0.5400561635491022,0.5453757930878487,0.5398104322650971,0.5446770093392264,0.5457158976465079,0.5448710043573799,0.5462072066852921,0.5466852701625335,0.5466850921693093,0.5466804215744115
44,0.25351757,0.007726174452598047,0.007682802199822773,0.5257978118329283,0.5257890197653514,0.5267507813414622,0.5286780304064284,0.5309990851408297,0.5308370570346421,0.5364007374901023,0.5306748438255372,0.5357320539310264,0.5367382368933606,0.5359175617346232,0.5371894798069776,0.5376496539095531,0.5376494767583084,0.5376449914027857
45,0.2580402,0.007726174452598047,0.007682802199822773,0.5164632215663137,0.5164545879149542,0.5174353077352933,0.519402976946663,0.5217662707868905,0.5216071015832637,0.5274095593257093,0.5215249502163851,0.5267613812102612,0.5277356574841625,0.5269380409271679,0.528143094338375,0.5285836913998281,0.5285835159798499,0.5285792331131766
46,0.26256278,0.007726174452598047,0.007682802199822773,0.5071287344983941,0.5071202592615006,0.508117959311761,0.510121989762015,0.5125229379060622,0.5123666308620143,0.5184006288713198,0.5123600889093742,0.5177635530275483,0.5187067481495365,0.5179309975562388,0.519066562052212,0.5194857799580336,0.5194856073079421,0.5194815453602245
47,0.26708543,0.007726174452598047,0.007682802199822773,0.49779410295230164,0.4977857861323259,0.49879852499060057,0.5008349294978428,0.5032690321529556,0.5031155905423326,0.5093717699250678,0.5031791739185988,0.5087366743143028,0.5096496399701905,0.5088945298449963,0.5099579315856784,0.5103538414681769,0.5103536728005931,0.510349851514486
48,0.27160805,0.007726174452598047,0.007682802199822773,0.48845953332542613,0.4884513749213174,0.4894772469698196,0.49154210857296415,0.49400494919988897,0.49385437617401845,0.5003210621587781,0.49398152386078115,0.4996792042526685,0.5005628204735934,0.499827090401236,0.5008156043183674,0.5011861377795644,0.501185974510428,0.5011824150795332
49,0.27613065,0.007726174452598047,0.007682802199822773,0.4791250049780285,0.47911700498908627,0.4801541408401568,0.4822436138933702,0.4847308601409056,0.4845831587981367,0.49124616800243864,0.48476618914900893,0.4905892931700377,0.49144446844387185,0.49072682212039626,0.49163766221352656,0.49198059386798787,0.4919804376522473,0.4919771629098344
50,0.28065327,0.007726174452598047,0.007682802199822773,0.46979043535115295,0.4697825937780777,0.4708291603205028,0.47293947077805154,0.4754468745677535,0.47530204797250053,0.48214447467674,0.47553210836851995,0.4814649324604435,0.48229260466938867,0.48159170783308375,0.4824220147615593,0.48273494115134286,0.48273479392640983,0.48273182857399
51,0.2851759,0.007726174452598047,0.007682802199822773,0.46045584508453846,0.4604481619276805,0.46150236219531693,0.4636298075020346,0.46615320473124305,0.466011255882198,0.47301323795312916,0.4662782649874867,0.4723041055600963,0.47310524373474994,0.47241972091821555,0.4731665461622061,0.47344686026499055,0.47344672430384865,0.47344409518810815
52,0.28969848,0.007726174452598047,0.007682802199822773,0.45112135801661885,0.45111383327422677,0.4521739064140195,0.4543148555972559,0.4568501660725285,0.4567110978707081,0.4638495664585458,0.45700368009524794,0.46310477691656804,0.46388038336683196,0.46320881359056465,0.4638690977582071,0.4641139575152526,0.4641138354918558,0.464111571946639
53,0.2942211,0.007726174452598047,0.007682802199822773,0.4417867883897432,0.4417794220632182,0.4428436435424578,0.4449945378557508,0.44753776570577547,0.44740158104999384,0.4546499988641601,0.4477069912934656,0.45386446795760554,0.4546155798531,0.45395649146760053,0.4545270313831855,0.4547333190725072,0.45473321414359036,0.4547313484300641
54,0.29874372,0.007726174452598047,0.007682802199822773,0.4324522187628677,0.4324450108522097,0.43351169228307773,0.435669044971013,0.43821627827776777,0.43808297998179546,0.44541105412508497,0.43838701283649795,0.4445808044370023,0.4453084977247828,0.4446603605333323,0.4451377728089423,0.44530204734645473,0.44530196325258153,0.445300531076348
55,0.30326632,0.007726174452598047,0.007682802199822773,0.4231176904154702,0.4231106409199786,0.4241781301258024,0.42633852673030365,0.428885937664174,0.4287555284693632,0.4361289132835404,0.42904241099896895,0.43525118450756833,0.43595657792491455,0.4353177935136553,0.4356984649552535,0.435816902000119,0.4358168431925906,0.4358158843504524
56,0.30778894,0.007726174452598047,0.007682802199822773,0.4137831207885946,0.41377622970897,0.4148429107376169,0.41700300930391165,0.41954685412146575,0.41941933673502807,0.4267993231491994,0.41967159820418776,0.4258726588459625,0.42655691903450105,0.425925808298263,0.4262058334529338,0.4262741518624163,0.42627412366283,0.4262736828334451
57,0.31231153,0.007726174452598047,0.007682802199822773,0.40444861308093594,0.40444188041612755,0.4055061735530653,0.40766270478607136,0.41019932388335967,0.41007470092077924,0.4174178961266543,0.41027301520729154,0.4164421953795166,0.4171065443499941,0.41648133129062337,0.4166564401558813,0.41666981493420097,0.416669823733744,0.4166699514086806
58,0.31683415,0.007726174452598047,0.007682802199822773,0.3951140434540604,0.3951074692051191,0.39616783093386493,0.39831759830307356,0.4008434160722786,0.400721690127636,0.4079796942124824,0.4008446812516903,0.4069562066080688,0.40760193038919323,0.4069807221063563,0.40704618961432043,0.4069991458561345,0.40699919936704043,0.4069999529751199
59,0.32135677,0.007726174452598047,0.007682802199822773,0.3857794738271848,0.38577305799411044,0.3868279810447411,0.3889678610071857,0.3914793859723173,0.39136055956064547,0.39847964943836445,0.3913845662444553,0.3974108948534687,0.39803935574354615,0.3974201173008813,0.397370664268369,0.39725695604508715,0.3972570636128354,0.3972585087897661
60,0.3258794,0.007726174452598047,0.007682802199822773,0.3764448835605704,0.37643862614371326,0.3774866394711953,0.3796135815852914,0.3821074063267627,0.3819914819096054,0.38891231303781865,0.381890268429396,0.3878018940379837,0.3884145457655951,0.3877950696782418,0.38762475030837695,0.387437221697138,0.38743739468851124,0.38743960670852223
61,0.330402,0.007726174452598047,0.007682802199822773,0.3671103552131728,0.3671042562114822,0.3681439250889009,0.3702549523355573,0.37272775371477995,0.3726147336680394,0.37927208200647783,0.37235914139158033,0.3781243560134371,0.3787227636879836,0.37810063326589016,0.37780272078078697,0.37753315663977577,0.3775334089161822,0.37753647418668934
62,0.3349246,0.007726174452598047,0.007682802199822773,0.35777582686577514,0.357769886279251,0.3587998121912585,0.36089202091420464,0.36334055979060964,0.36323044644942165,0.36955300648843487,0.3627879714690328,0.3683725740612225,0.36895843941109996,0.36833098567272854,0.3678978622942236,0.36753683591996755,0.3675371844065767,0.3675412019197141
63,0.33944723,0.007726174452598047,0.007682802199822773,0.3484412365991607,0.3484354544288538,0.34945427503998805,0.35152483501631604,0.35394595616421104,0.35383875182295915,0.35974903238042394,0.353173047287466,0.35853999571362866,0.3591151898396231,0.35847944229108986,0.3579025191128495,0.35743926016797944,0.3574397255128643,0.3574448079609344
64,0.34396985,0.007726174452598047,0.007682802199822773,0.3391066669722851,0.3391010432178452,0.34010743254559694,0.34215358745616076,0.34454421998224066,0.344439926849491,0.3498542983279801,0.34351023308500805,0.3486192383264327,0.349185843690075,0.3485384766359132,0.347808178004847,0.34723049788290583,0.34723110517826633,0.34723737927085635
65,0.34849244,0.007726174452598047,0.007682802199822773,0.32977215926462644,0.3297666939250028,0.3307593623279152,0.33277842986840467,0.3351355871672647,0.33503420737853107,0.33986315052081445,0.3337947147203218,0.33860177232930594,0.3391621357883904,0.33849941320305166,0.337605274289999,0.33689960638026356,0.3369003858790298,0.3369079911526729
66,0.35301507,0.007726174452598047,0.007682802199822773,0.32043756899801196,0.3204322620746056,0.321409955968426,0.3233993274138765,0.3257201064676114,0.32562164214331274,0.32977027695291217,0.3240208175374647,0.32847768775774516,0.32903448736590174,0.32835221234776435,0.3272831715918071,0.3264348235389324,0.3264358112192604,0.32644489617138206
67,0.3575377,0.007726174452598047,0.007682802199822773,0.3111029787313974,0.31109783022420834,0.312059332419399,0.3140164734134415,0.3162980556055709,0.31620250878013073,0.31957155781315055,0.3141824796893038,0.318236173665293,0.3187925018170523,0.31808598297873825,0.3168310012698865,0.3158247790646633,0.3158260167446573,0.31583673041718713
68,0.3620603,0.007726174452598047,0.007682802199822773,0.3017684503839999,0.3017634602919772,0.30270759000180825,0.3046300406958865,0.30686969181749224,0.30677706444568176,0.3092643620085832,0.3042731748579976,0.3078655010663815,0.3084249648708156,0.3076890175275751,0.3062381860977163,0.30505960578781605,0.30506114029364423,0.3050736168033013
69,0.3665829,0.007726174452598047,0.007682802199822773,0.2924339220366023,0.2924290903597461,0.2933547029816735,0.2952400777151563,0.29743514742740457,0.29734544142302144,0.2988481854697845,0.29428621481808676,0.29735351986194797,0.2979203577691372,0.2971493700962448,0.29549574444006854,0.2941331480328833,0.2941350285702602,0.2941493610304478
70,0.37110552,0.007726174452598047,0.007682802199822773,0.28309935240972667,0.28309467914873754,0.2840006662830671,0.28584665373094265,0.28799457560364067,0.2879077928330548,0.288325813917667,0.2842157015703985,0.28668904264385553,0.28726824952414803,0.28645636162623656,0.28459882602429576,0.28304681928906916,0.28304909166869424,0.28306529101650135
71,0.37562814,0.007726174452598047,0.007682802199822773,0.27376478278285116,0.273760267937729,0.2746455575609667,0.2764499211903795,0.27854821311023314,0.2784643553665013,0.277704713796914,0.27405800456968343,0.27586411164775065,0.2764615507361808,0.27560301764551354,0.2735505169817996,0.27181520655690766,0.2718179023090169,0.271835836320666
72,0.38015077,0.007726174452598047,0.007682802199822773,0.2644301925162366,0.2644258360873318,0.2652893924277876,0.2670499703539997,0.2690962342172683,0.26901530323948514,0.26699856288817236,0.2638139202620197,0.26487747238411236,0.2654999262757489,0.2645897662610194,0.2623671971090684,0.26047364990902333,0.2604767677166193,0.2604960769535588
73,0.38467336,0.007726174452598047,0.007682802199822773,0.25509568480857797,0.25509148679448934,0.2559323106356728,0.2576470163360838,0.2596389387659292,0.259560936200345,0.2562295760216999,0.25349245180786806,0.2537404503829696,0.2543955131065706,0.253430582558652,0.25108642276306914,0.24908845625933995,0.24909193291770607,0.24911192533595952
74,0.38919598,0.007726174452598047,0.007682802199822773,0.2457611151817025,0.24575707558348084,0.24657420366906593,0.24824102488122474,0.2501763757971392,0.2501013032748188,0.24543061365663077,0.24311555622600833,0.2424847361838705,0.24318036849825783,0.24216103391718566,0.2397762082615962,0.23776776049469972,0.23777142975510843,0.2377909673733058
75,0.3937186,0.007726174452598047,0.007682802199822773,0.23642654555482698,0.23642266437247236,0.23721516990626257,0.23883216973121715,0.24070880353706758,0.24063666260911717,0.23464857361756694,0.2327254249676781,0.23117391058458756,0.2319173581524558,0.23084994629178865,0.22854632843858216,0.22667199525226608,0.22667553689892264,0.22669294878245905
76,0.39824122,0.007726174452598047,0.007682802199822773,0.22709197592795138,0.22708825316146378,0.2278552456634702,0.22942056236696923,0.23123641759936456,0.23116720975631938,0.22394700886104946,0.22239184109696938,0.21991602527636117,0.22071168655173232,0.21961178421018937,0.21755688517734198,0.21601646743149056,0.21601935829901103,0.21603244540664182
77,0.4027638,0.007726174452598047,0.007682802199822773,0.21775748886003174,0.21775392450801007,0.21849455005477958,0.22000639764269225,0.2217594975356881,0.22169322418152143,0.21340868886433956,0.21221846893474677,0.20887558484605992,0.20972143400011312,0.20861775356507745,0.207019744980094,0.2060581563677965,0.2060596516492451,0.20606588373485069
78,0.40728644,0.007726174452598047,0.007682802199822773,0.2084228779536782,0.20841947201822408,0.20913291242063478,0.21058957905531048,0.21227802957730668,0.21221469212025518,0.20313595048145744,0.20234195356071516,0.19827720357582748,0.1991598700300079,0.1980974967922396,0.1971825636719914,0.19705365362340144,0.19705284977415075,0.19704987013276587
79,0.41180903,0.007726174452598047,0.007682802199822773,0.19908837024601958,0.19908512272538162,0.1997705967785342,0.20117044739562742,0.202792440216202,0.20273203993244085,0.19324874552442975,0.19291727222003677,0.18839141760189232,0.18928144469680747,0.18832158808939203,0.18828562813104419,0.18917987985779208,0.18917592854162787,0.1891624316589227
80,0.41633165,0.007726174452598047,0.007682802199822773,0.1897538006191441,0.18975071151437317,0.19040747385289195,0.19174894791465816,0.19330275767643093,0.19324529583339592,0.18387441495893117,0.18407722143166913,0.17948447724113933,0.18033564663529528,0.17954701669066336,0.1804800471470559,0.1824191641880408,0.18241168297177002,0.18238852575732675
81,0.42085424,0.007726174452598047,0.007682802199822773,0.18041929291148548,0.18041636222153073,0.18104370419250107,0.18232531753515202,0.18380930392191777,0.1837547816873499,0.17512804850488675,0.17586695041124972,0.1717233964335377,0.1724813211958851,0.17191864080258373,0.1737174998845313,0.17645106354642748,0.1764406601549924,0.1764116614220205
82,0.42537686,0.007726174452598047,0.007682802199822773,0.17108472328460989,0.17108195101052215,0.1716791999053416,0.17289954324675857,0.1743121491541497,0.17426056767405224,0.16707472091877798,0.16817008423197108,0.16504162686235058,0.1656627391103728,0.16533596172881174,0.16765184985369727,0.17063709868637925,0.17062567119644917,0.17059715900232175
83,0.42989948,0.007726174452598047,0.007682802199822773,0.16175015365773435,0.16174753979951365,0.1623140594398601,0.16347179963821842,0.16481155255905847,0.16476291289917902,0.15967065099917707,0.1606800762794045,0.1590252528336303,0.15949646862571656,0.15935048547924754,0.16164340970295715,0.1641916110936175,0.16418197897036857,0.1641605995127309
84,0.43442208,0.007726174452598047,0.007682802199822773,0.15241562531033678,0.15241316986728254,0.15294836055455413,0.15404224056911567,0.1553077524675487,0.15526205561983655,0.15268390008791663,0.1529752379818154,0.15293735285133433,0.15328018412908445,0.15321151771506614,0.1549444765245917,0.15648191096167843,0.15647698943827387,0.15646730720448324
85,0.4389447,0.007726174452598047,0.007682802199822773,0.1430810556834612,0.14307875865627395,0.14358205675687805,0.1446108948619271,0.14580086118585944,0.1457581081074888,0.145620047753567,0.14468716220468278,0.14597183804253847,0.14622725929905503,0.14613463238349272,0.14698716318705018,0.14714863869416242,0.14715178049663794,0.14715701599713948
86,0.44346732,0.007726174452598047,0.007682802199822773,0.1337464860565857,0.13374434744526548,0.13421522580727163,0.13517791649711886,0.13629111716103443,0.13625130873534533,0.13771973374398885,0.1356142849457436,0.13758039913155895,0.13779087365029022,0.13760809658744075,0.13745931429847458,0.13579647487045948,0.13581396425237924,0.13583955893021527
87,0.44798994,0.007726174452598047,0.007682802199822773,0.12441191642971021,0.124409936234257,0.12484790405219796,0.1257434178178669,0.126778716878053,0.12674185392754472,0.12814317130717287,0.1255992230338448,0.12743800207785042,0.1276451398909024,0.12731123574020667,0.12598500610122867,0.12212932642992178,0.12216396717217609,0.12220754966340387
88,0.45251256,0.007726174452598047,0.007682802199822773,0.1150773468028346,0.1150755250232484,0.11548012784002465,0.11630751122174741,0.1172638568767766,0.11722994016309068,0.11650727651751595,0.11439019522200812,0.1150780588454036,0.11534398090701739,0.11478156654872966,0.11243991485102503,0.10908487769626198,0.10909615878455563,0.10910868044235025
89,0.45703515,0.007726174452598047,0.007682802199822773,0.10574283909517598,0.10574117573040598,0.1061119956644497,0.10687037176078024,0.10774679688511282,0.10771582708946713,0.10392370781666051,0.10285275435927523,0.10136045078762015,0.10176559122596214,0.10112592171548163,0.10017416058830624,0.10309684407589526,0.10303884417703892,0.10298797621724634
90,0.46155778,0.007726174452598047,0.007682802199822773,0.09640824882856153,0.0964067438800088,0.09674339887717885,0.09743196585813663,0.098227586229017,0.09819956401735587,0.0936635470667663,0.09452757523480862,0.0922544515798416,0.09262943286795546,0.09249238153099971,0.09469694876731188,0.09885245279558144,0.09882773986025069,0.09880943089874258
91,0.4660804,0.007726174452598047,0.007682802199822773,0.08707367920168592,0.0870723326690002,0.08737447740228942,0.08799251038510415,0.08870652680776206,0.08868145275254789,0.08774890486088648,0.08795715139434307,0.08835087704152493,0.08851129831944299,0.0885515849985146,0.08944318428723072,0.08684626997713643,0.08695062702151647,0.08700916952066155
92,0.470603,0.007726174452598047,0.007682802199822773,0.07773915085428834,0.0777379627367691,0.07800528831322015,0.07855213879814575,0.07918383640936263,0.07916171101562072,0.07975013302118157,0.07786125787331773,0.07893877179795349,0.07907842105353834,0.0787256711030141,0.0766364741071826,0.0754268005097179,0.07527165404254742,0.07520539083385691
93,0.4751256,0.007726174452598047,0.007682802199822773,0.06840462250689076,0.06840359280453799,0.06863582653461073,0.06911092196402605,0.06965966968436192,0.06964049340923069,0.06644889430361696,0.06700473211229678,0.06521699033019257,0.06548946283579764,0.06539446391150353,0.06750733052600201,0.06876642747061684,0.06897476726063705,0.0690385673494873
94,0.47964823,0.007726174452598047,0.007682802199822773,0.059070032240276196,0.059069160954140706,0.05926606626959738,0.05966890988683424,0.0601341602245411,0.06011793348379277,0.060772852336723776,0.05925637856396966,0.06023729034661662,0.06033241826535926,0.060067036014238476,0.058060136963542605,0.06065103398824381,0.060616230330919355,0.060601485063450325
95,0.48417085,0.007726174452598047,0.007682802199822773,0.0497354626134007,0.04973474974313222,0.04989612674438945,0.050226298736565894,0.05060758907928979,0.05059431220167085,0.05035541730590726,0.05035636481746705,0.050882869889192106,0.050956061703551714,0.05096668000484263,0.05051271399823472,0.05002675697491381,0.05059008042150462,0.05065067076171566
96,0.48869348,0.007726174452598047,0.007682802199822773,0.04040087234678613,0.04040031789273495,0.04052600288179514,0.04078315944447353,0.04108011095365266,0.04106978422000582,0.04145173317430595,0.040010255464800235,0.0407512942741083,0.04082207450598416,0.04048779243541653,0.038570177043186535,0.040012314259539716,0.04128702889260541,0.04132642065827215
97,0.49321607,0.007726174452598047,0.007682802199822773,0.031066364639127514,0.031065968599892517,0.031155834633764975,0.031339709119340094,0.03155202803653899,0.0315446516341354,0.030984090479498544,0.03052286701899065,0.02978269375765104,0.029890230637245142,0.029739946495041573,0.03152628907002558,0.029967155148008195,0.03127261884796056,0.031163605745547045
98,0.4977387,0.007726174452598047,0.007682802199822773,0.021731774372513057,0.02173153674949535,0.021785492611216005,0.021895893436354577,0.022023368650937222,0.022018942758277954,0.021299066444005053,0.021933632059031354,0.021719486146176338,0.02175454959905341,0.0219713202632265,0.02100056589280791,0.021553373292037083,0.02215145997648941,0.02216186677693409
99,0.5022613,0.007726174452598047,0.007682802199822773,0.012397246025115372,0.012397166817264126,0.012415158205073822,0.01245197129272022,0.012494477150828943,0.012493001839787292,0.012302162786536291,0.01244899558106416,0.012308417057253652,0.01232291949736045,0.012140276679613916,0.012294443283269462,0.01253446357680186,0.012132430171616703,0.012490704655576427
100,0.5067839,0.007726174452598047,0.007682802199822773,0.0030627176777179117,0.0030627968850331306,0.003044805618966963,0.0030079927804255897,0.0029654872099445983,0.002966962511002341,0.003157997654426299,0.003011055531365902,0.003151910099087102,0.003137394692601214,0.003319567882489078,0.0031659012573501295,0.002950036959085605,0.0029762820092215864,0.0030836837983549553
101,0.5113065,0.007726174452598047,0.007682802199822773,-0.006271810669679778,-0.006271573047198093,-0.006325528787298253,-0.006435929363590231,-0.00656340429082986,-0.006558978408154297,-0.005839078991091918,-0.006473658466000197,-0.00625963228105606,-0.0062946922889741685,-0.006511431979837022,-0.005540540566584533,-0.006693520296154309,-0.005481759272570934,-0.005493291179962858
102,0.51582915,0.007726174452598047,0.007682802199822773,-0.015606442215772155,-0.015606046176372634,-0.01569591224749863,-0.015879786809293757,-0.01609210581451227,-0.016084729409044495,-0.015524183588779838,-0.015062933882047644,-0.014322778034718125,-0.014430314611956496,-0.014280022057213668,-0.016066353683613508,-0.015276629694816097,-0.015047181701381855,-0.015120389961864482
103,0.52035177,0.007726174452598047,0.007682802199822773,-0.024941011842647767,-0.024940457387381234,-0.025066142650800097,-0.02532329977476534,-0.025620251932217227,-0.0256099251759364,-0.025991900773813383,-0.02455045914417345,-0.025291522700077156,-0.025362300654037388,-0.02502803478441124,-0.02311033998605885,-0.025798770522895174,-0.025137692541460924,-0.025067294457330847
104,0.5248744,0.007726174452598047,0.007682802199822773,-0.03427560210926221,-0.0342748892377784,-0.03443626651227849,-0.03476643906339824,-0.03514773005181268,-0.035134453151561634,-0.03489549981046203,-0.034896507736839666,-0.03542298276507498,-0.035496175378310554,-0.035506802864504916,-0.03505291165670549,-0.03364837034039922,-0.03309513838211563,-0.033018840309521985
105,0.529397,0.007726174452598047,0.007682802199822773,-0.0436101304566599,-0.043609259170009615,-0.04380616460061594,-0.04420900845336971,-0.04467425906321146,-0.044658032312877585,-0.04531295602751967,-0.04379649004911891,-0.044777404414958435,-0.04487253201607996,-0.04460715296889978,-0.04260026797267458,-0.042819220940274266,-0.04313201164728621,-0.04320065912967491
106,0.53391963,0.007726174452598047,0.007682802199822773,-0.05294472072327437,-0.05294369102040679,-0.05317592486492022,-0.053651020528363666,-0.054199768519193794,-0.0541805922344782,-0.05098899282589117,-0.05154481690702567,-0.04975707402270521,-0.050029547273063524,-0.04993454422470285,-0.05204740020574354,-0.051931240679634116,-0.05173356732949655,-0.05166990047022413
107,0.5384422,0.007726174452598047,0.007682802199822773,-0.06227918715145506,-0.06227799903447184,-0.06254532449262416,-0.06309217473567928,-0.0637238720672405,-0.06370174668347674,-0.06429015939417633,-0.062401283328822554,-0.06347879246662179,-0.06361844205147925,-0.06326569021265935,-0.0611764854979618,-0.06438620631639781,-0.06440287449836281,-0.06440909885065794
108,0.5429648,0.007726174452598047,0.007682802199822773,-0.07161371549885273,-0.07161236896670306,-0.07191451358267772,-0.0725325463256884,-0.07324656247096836,-0.07322148842573069,-0.07228895546230603,-0.07249719242127796,-0.07289092663044924,-0.07305134748218405,-0.07309163335384795,-0.073983223263779,-0.07021930112283199,-0.07031082876529528,-0.0703628107510766
109,0.54748744,0.007726174452598047,0.007682802199822773,-0.08094832640520627,-0.08094682145648904,-0.08128347648932668,-0.08197204354317424,-0.08276766399840392,-0.08273964178368126,-0.07820362316469774,-0.07906764966250535,-0.07679452461499352,-0.0771695061280701,-0.07703245416123447,-0.07923701997870836,-0.0759023362630673,-0.07590132499954595,-0.07590146772687013
110,0.55201006,0.007726174452598047,0.007682802199822773,-0.09028289603208164,-0.0902812326674974,-0.09065205256169756,-0.09141042857662796,-0.0922868536067141,-0.09225588381452426,-0.0884637615189851,-0.08739280986433151,-0.0859005037045016,-0.08630564429717777,-0.08566597501322083,-0.08471421767690304,-0.08771554744180239,-0.08766663904710599,-0.08762363308270472
111,0.5565327,0.007726174452598047,0.007682802199822773,-0.09961750693843517,-0.09961568515728336,-0.10002028830593122,-0.10084767236544612,-0.10180401880569058,-0.10177010206288349,-0.10104746777285066,-0.09893037934450458,-0.0996182603913819,-0.09988418142215726,-0.0993217693650456,-0.09698012086472148,-0.10094801802837355,-0.10092054082392787,-0.1008911562131448
112,0.5610553,0.007726174452598047,0.007682802199822773,-0.10895203528583287,-0.1089500550895146,-0.10938802308844625,-0.11028353722362519,-0.11131883671216211,-0.11128197374556716,-0.11268329720561147,-0.11013934868679387,-0.11197813092917087,-0.11218526862535852,-0.11185136552958247,-0.1105251428658218,-0.11235630810635293,-0.11234991296223733,-0.1123417050596307
113,0.5655779,0.007726174452598047,0.007682802199822773,-0.11828656363323033,-0.11828442502174559,-0.11875530341768244,-0.11971799417677485,-0.12083119492101986,-0.12079138649227215,-0.12225981056894246,-0.12015436270164191,-0.12212047657825136,-0.12233095112289734,-0.12214817418091638,-0.12199939299707029,-0.12196001916959003,-0.12196509018969966,-0.12197244867040537
114,0.57010055,0.007726174452598047,0.007682802199822773,-0.12762119517932297,-0.12761889815092037,-0.12812219649826898,-0.12915103510664905,-0.13034100201494525,-0.1302982489139869,-0.13016017193338983,-0.12922729652004095,-0.13051196436146922,-0.13076738612052174,-0.13067475968514528,-0.13152729781528558,-0.13008541038966098,-0.13009695117468126,-0.1301165270903514
115,0.5746231,0.007726174452598047,0.007682802199822773,-0.13695562032802575,-0.13695316488620807,-0.13748835532668194,-0.13858223483804644,-0.13984774615176057,-0.1398020493270235,-0.13722391396289288,-0.1375152438209153,-0.1374773707328337,-0.1378202011569223,-0.13775153491332673,-0.13948448773971076,-0.13699889456118977,-0.1370130963421255,-0.13704075274385763
116,0.5791457,0.007726174452598047,0.007682802199822773,-0.1462901486754232,-0.14628753481843906,-0.1468540542165282,-0.1480117939212079,-0.14935154626783803,-0.14930290663092607,-0.1442106631720915,-0.1452200854195966,-0.14356527457197885,-0.1440364892390938,-0.14389050713436854,-0.14618342891435535,-0.14320995149825588,-0.14322319749721887,-0.14325252721327542
117,0.58366835,0.007726174452598047,0.007682802199822773,-0.15562478022151555,-0.1556220079476136,-0.1562192568067671,-0.15743960007554514,-0.15885220589835874,-0.15880062442171014,-0.1516147797622639,-0.15271014328701513,-0.14958168741763198,-0.15020279949032975,-0.1498760223659701,-0.1521919108037249,-0.14941858159590732,-0.14942836288017153,-0.14945279803713424
118,0.588191,0.007726174452598047,0.007682802199822773,-0.16495941176760817,-0.16495648107678834,-0.16558382321028675,-0.16686543688374095,-0.1683494236561251,-0.16829490140550146,-0.15966816227954164,-0.16040706153143178,-0.15626350354555352,-0.1570214289562426,-0.15645874724732742,-0.15825760232855937,-0.15624541418084245,-0.15625084722405352,-0.15626606787176817
119,0.5927136,0.007726174452598047,0.007682802199822773,-0.17429394011500562,-0.17429085100901937,-0.17494761357057637,-0.17628908808599147,-0.1778428983772575,-0.17778543651167455,-0.16841455247854398,-0.1686173546893083,-0.1640246091619954,-0.16487577906246156,-0.1640871475575586,-0.16502017067764474,-0.1640432157370239,-0.16404470466405105,-0.16404938801500477
120,0.5972362,0.007726174452598047,0.007682802199822773,-0.18362846846240333,-0.18362522094125058,-0.18431069508651526,-0.18571054589081826,-0.18733253893020735,-0.1872721386368993,-0.17778884477210827,-0.17745736983600516,-0.17293151614957447,-0.17382154328766053,-0.17286168623521306,-0.17282572319283257,-0.17288049013491205,-0.1728790650712317,-0.1728742282089644
121,0.60175884,0.007726174452598047,0.007682802199822773,-0.19296307936875684,-0.19295967343103654,-0.19367311422801084,-0.19512978166393666,-0.19681823312389074,-0.1967548956248313,-0.18767616286107763,-0.1868821598654867,-0.18281741864687126,-0.1837000847427036,-0.18263771050974614,-0.1817227660662693,-0.18262812881361223,-0.18262491249866794,-0.18261280253818288
122,0.60628146,0.007726174452598047,0.007682802199822773,-0.20229764899563243,-0.20229408464204515,-0.20303471045350222,-0.20454655857843337,-0.20629965910113823,-0.2062333857179629,-0.19794885976925625,-0.1967586361421923,-0.1934157600738471,-0.19426160877485496,-0.19315792818296987,-0.19155991396423366,-0.19306409617296436,-0.19306002187450302,-0.1930431817875027
123,0.610804,0.007726174452598047,0.007682802199822773,-0.21163205350459616,-0.211628330737944,-0.21239532326689683,-0.21396064002501208,-0.2157764953215704,-0.2157072874754783,-0.20848708778871583,-0.20693191964900595,-0.20445610477137832,-0.20525176599207182,-0.20415186367197063,-0.20209696427855778,-0.20395276691155068,-0.20394849259741737,-0.20392919511989685
124,0.61532664,0.007726174452598047,0.007682802199822773,-0.22096666441094967,-0.22096278322772997,-0.22175528889844257,-0.2233722890006118,-0.22524892313280775,-0.22517678218884443,-0.21918870022446005,-0.21726554951169375,-0.21571404021022822,-0.2164574875010475,-0.21539007587050402,-0.21308645715817207,-0.21509001402900252,-0.2150859434847564,-0.21506595038114534
125,0.61984926,0.007726174452598047,0.007682802199822773,-0.23030123403782507,-0.23029719443873836,-0.23111432265628395,-0.23278114413528556,-0.23471649536605865,-0.23464142282773365,-0.2299707405129694,-0.22765568085969995,-0.22702486575703518,-0.22772049782871046,-0.226701163534227,-0.22431633780847124,-0.22631880922354378,-0.2263151530760465,-0.22629568595832797
126,0.6243719,0.007726174452598047,0.007682802199822773,-0.23963584494417858,-0.23963164692852432,-0.2404724709991931,-0.242187177163027,-0.2441791001410879,-0.24410109754655396,-0.2407697505468773,-0.23803262202163333,-0.23828062899354327,-0.2389356913555171,-0.23797076135460457,-0.23562660242180125,-0.23753044190972694,-0.2375272816082508,-0.23750909885160634
127,0.62889445,0.007726174452598047,0.007682802199822773,-0.24897027009288136,-0.248965913663812,-0.24982947002736416,-0.2515900480001465,-0.2536363119186648,-0.2535553809378412,-0.25153864192660363,-0.24835399882592435,-0.2494175517580246,-0.2500400056198564,-0.24912984566081542,-0.24690727666513923,-0.24865595293106746,-0.2486532924971117,-0.2486368011210594
128,0.63341707,0.007726174452598047,0.007682802199822773,-0.258304839719757,-0.25830032487482063,-0.25918561447317495,-0.26098997805249946,-0.26308826991273687,-0.2630044121724358,-0.26224476917203304,-0.2585980604900115,-0.26040416674162375,-0.2610016058552306,-0.2601430727067142,-0.25809057182519124,-0.2596571434444007,-0.2596549459315357,-0.2596403096718627
129,0.6379397,0.007726174452598047,0.007682802199822773,-0.2676394299863714,-0.26763475672521775,-0.2685407438804923,-0.2703867313704479,-0.2725346532934148,-0.2724478705197921,-0.27286589278093376,-0.26875577995628397,-0.2712291216840406,-0.27180832854860076,-0.2709964406962133,-0.26913890530358836,-0.2705160762327404,-0.27051428691253826,-0.27050151403161254
130,0.6424623,0.007726174452598047,0.007682802199822773,-0.27697395833376914,-0.27696912665744905,-0.27789473921482494,-0.2797801138189024,-0.28197518337591226,-0.2818854773814174,-0.2833882179246911,-0.27882624876923867,-0.28189355192278587,-0.2824603898629157,-0.28168940206160736,-0.2800357757130473,-0.281228250998187,-0.2812268108997041,-0.2812158188163364
131,0.6469849,0.007726174452598047,0.007682802199822773,-0.2863084866811666,-0.28630349658967996,-0.2872476262387711,-0.28917007681139034,-0.29140972778658325,-0.29131710042465453,-0.29380439482963017,-0.2888132090825604,-0.2924055336252265,-0.2929649974470503,-0.29222904999494503,-0.2907782178882991,-0.29179730516176383,-0.2917961582147485,-0.2917868176612908
132,0.6515075,0.007726174452598047,0.007682802199822773,-0.2956430150285643,-0.29563786652191126,-0.2965993686602964,-0.2985565095410781,-0.300838091595905,-0.30074254478034,-0.3041115910037429,-0.2987225141655759,-0.30277620668193905,-0.30333253483788414,-0.3026260159090344,-0.30137103355319905,-0.3022310836726625,-0.30223017992672707,-0.3022223432084922
133,0.6560301,0.007726174452598047,0.007682802199822773,-0.3049775433759617,-0.30497223645414223,-0.30594993019180655,-0.307939301326975,-0.31026008000205263,-0.3101616157069684,-0.31431024321101464,-0.3085607872028634,-0.3130176536582839,-0.31357445324546024,-0.3128921780088105,-0.3118231354448167,-0.31253933713746657,-0.3125386337563729,-0.31253215171306475
134,0.66055274,0.007726174452598047,0.007682802199822773,-0.31431215428231524,-0.31430668894392816,-0.31529935723479646,-0.31731842455356674,-0.31967558157968284,-0.31957420181369883,-0.3244031400223451,-0.3183347065439701,-0.3231417616135526,-0.3237021250338852,-0.32303940231292994,-0.32214526207825944,-0.3227323709001592,-0.3227318319928734,-0.3227265633670397
135,0.6650754,0.007726174452598047,0.007682802199822773,-0.3236468064681467,-0.32364118271249154,-0.32464757214060813,-0.3266937272487889,-0.3290843600203385,-0.32898006686524606,-0.33439444248441397,-0.32805037529490044,-0.3331593826789651,-0.3337259880998741,-0.3330786211486279,-0.3323483237333727,-0.33282000582419047,-0.33281960173768776,-0.3328154176562983
136,0.66959804,0.007726174452598047,0.007682802199822773,-0.3329814173745002,-0.3329756352022775,-0.33399445595581134,-0.33606501621077706,-0.3384861377090033,-0.33837893333255625,-0.344289219369639,-0.33771323173377193,-0.3430801830288895,-0.34365537727182427,-0.3430196298429353,-0.34244270845977137,-0.3428112632633913,-0.3428109696954544,-0.34280775521665025
137,0.67412066,0.007726174452598047,0.007682802199822773,-0.34231598700137583,-0.3423100464132861,-0.34333997242837483,-0.345432181351411,-0.3478807204833319,-0.3477706071134055,-0.3540931708338385,-0.3473281341528067,-0.3529127387080308,-0.3534986041729284,-0.3528711505013059,-0.35243802849989025,-0.352714334423864,-0.35271413153656644,-0.352711785522458
138,0.6786433,0.007726174452598047,0.007682802199822773,-0.3516505979077291,-0.35164449890307187,-0.35268416794996943,-0.3547951955220895,-0.35726799732561954,-0.3571549772244653,-0.3638123311457398,-0.35689938813232147,-0.36266460580805004,-0.3632630137338904,-0.3626408833856365,-0.3623429733584331,-0.3625365566902202,-0.3625364283061357,-0.3625348624105074
139,0.68316585,0.007726174452598047,0.007682802199822773,-0.36098502305643193,-0.3609787656383595,-0.36202677902440195,-0.3641537212492691,-0.36664754613938955,-0.3665316216999593,-0.3734524545917181,-0.36643040928828596,-0.37234203589550363,-0.3729546877385542,-0.3723352116620009,-0.3721648932441389,-0.3722840597858901,-0.37228399269554074,-0.3722831299335922
140,0.68768847,0.007726174452598047,0.007682802199822773,-0.3703195926833075,-0.3703131768493681,-0.37136809993374753,-0.37350797995858026,-0.37601950501114145,-0.37590067858362924,-0.38301976937671417,-0.37592468587711225,-0.38195101503003953,-0.38257947601050757,-0.3819602375629406,-0.38191078517355675,-0.3819627662799672,-0.3819627496720725,-0.38196252295933947
141,0.6922111,0.007726174452598047,0.007682802199822773,-0.379654182949922,-0.37964760869976527,-0.38070797046450044,-0.3828577378976757,-0.3853835557632475,-0.38526182979636964,-0.3925198347338648,-0.3853848215859639,-0.3914963474879352,-0.3921420714068303,-0.39152086310087547,-0.3915863314694661,-0.3915774384479766,-0.39157746343927463,-0.3915778141123828
142,0.6967337,0.007726174452598047,0.007682802199822773,-0.3889887112973197,-0.3889819786319965,-0.3900462717792216,-0.3922028030290536,-0.39473942215567837,-0.39461479918368775,-0.40195799458496456,-0.39481311367907396,-0.4009822939958683,-0.40164664302899883,-0.4010214299534687,-0.4011965391670754,-0.40113230226062624,-0.4011323615210177,-0.4011332380370182
143,0.7012563,0.007726174452598047,0.007682802199822773,-0.3983232396447174,-0.3983163485642277,-0.3993830296016342,-0.4015431281785491,-0.4040869730256456,-0.4039594556234092,-0.4113394421156002,-0.40421171733262506,-0.4104127780811085,-0.4110970383817684,-0.41046592760837874,-0.41074595332394565,-0.41063124431224407,-0.41063133176574257,-0.4106326885723415
144,0.7057789,0.007726174452598047,0.007682802199822773,-0.40765776799211484,-0.40765071849645873,-0.408718207702289,-0.4108786043053769,-0.41342601524102135,-0.4132956060432087,-0.4206689908296462,-0.41358248859939156,-0.4197912621039715,-0.42049665554388044,-0.41985787112376444,-0.42023854266780475,-0.42007768138703705,-0.420077791973277,-0.4200795885370187
145,0.7103015,0.007726174452598047,0.007682802199822773,-0.4169922963395125,-0.4169850884286899,-0.4180517698578674,-0.420209122540881,-0.422756355845478,-0.4226230575465067,-0.4299511316241758,-0.4229270904105485,-0.42912088198418846,-0.42984857529571724,-0.4292004380937106,-0.4296778504678701,-0.429474694086952,-0.42947482357208855,-0.4294770235699282
146,0.71482414,0.007726174452598047,0.007682802199822773,-0.426326907245866,-0.4263195409184759,-0.4273837623797053,-0.4295346566482762,-0.43207788446582335,-0.4319416997942876,-0.4391901170872076,-0.4322471100051204,-0.4384045864150523,-0.4391556984414049,-0.43849660999186824,-0.4390671504065784,-0.4388251671304958,-0.438825311957071,-0.43882788261264155
147,0.7193467,0.007726174452598047,0.007682802199822773,-0.43566135303430764,-0.43565382829315213,-0.4367139014720101,-0.43885485074667335,-0.44139016129923453,-0.44125109311991173,-0.4483895626742736,-0.4415436754961666,-0.4476447728327541,-0.4484203790877197,-0.44774880941469547,-0.44840909289451136,-0.44813142403208617,-0.44813158119885166,-0.4481344927246962
148,0.7238693,0.007726174452598047,0.007682802199822773,-0.4449958813817053,-0.4449881982253834,-0.44604239851585026,-0.4481698438743631,-0.45069324115073767,-0.4505512923114349,-0.4575532748851009,-0.4508183015232499,-0.4568441423811614,-0.457645280467709,-0.4569597577008182,-0.45770658265722847,-0.4573960901337864,-0.45739625710072684,-0.4573994822741728
149,0.72839195,0.007726174452598047,0.007682802199822773,-0.4543305129277977,-0.4543226713545579,-0.45536923788812816,-0.45747954832597126,-0.4599869520969155,-0.4598421254986754,-0.4666845520263621,-0.46007218585086873,-0.4660050098373386,-0.4668326820743493,-0.46613178522135623,-0.46696209223498325,-0.46662139970466937,-0.4666215743156879,-0.4666250881107851
150,0.73291457,0.007726174452598047,0.007682802199822773,-0.4636650825546733,-0.4636570825655665,-0.46469421840589714,-0.4667836914355225,-0.4692709376599318,-0.46912323631417885,-0.4757862453228765,-0.46930626661140346,-0.4751293705101592,-0.475984545813049,-0.47526689947147843,-0.47617773964674814,-0.47580926546550795,-0.4758094458861861,-0.4758132251788295
151,0.7374372,0.007726174452598047,0.007682802199822773,-0.4729996728212878,-0.4729915144159637,-0.47401738637092655,-0.4760822477705942,-0.47854508819377056,-0.4783945151458806,-0.48486119956672163,-0.47852166237298704,-0.4842193417448519,-0.4851029581874947,-0.4843672279713811,-0.4853557424736463,-0.48496172509285124,-0.48496190976012915,-0.4849659331016519
152,0.7419598,0.007726174452598047,0.007682802199822773,-0.4823342011686853,-0.48232588434819473,-0.4833386231607145,-0.4853750275691553,-0.48780913012374927,-0.4876556885038094,-0.4939118671821995,-0.48771927166225937,-0.4932767715794385,-0.49418973733214655,-0.4934346271419071,-0.4944980291214901,-0.4940805487691696,-0.49408073634988503,-0.49408498377277943
153,0.74648243,0.007726174452598047,0.007682802199822773,-0.4916687914352999,-0.4916603161985921,-0.4926580162676175,-0.49466204675815584,-0.4970629949437003,-0.4969066879030104,-0.5029406861787568,-0.49690014603601773,-0.5023036103425912,-0.5032468054286289,-0.5024710548602583,-0.5036066192731938,-0.5031676146504931,-0.5031678040073528,-0.5031722568758444
154,0.75100505,0.007726174452598047,0.007682802199822773,-0.5010033610621754,-0.5009947274096004,-0.5019754470921276,-0.5039431160090583,-0.5063064095429262,-0.5061472403173536,-0.5119496962530752,-0.5060650883520317,-0.5113015180166812,-0.5122757945322348,-0.5114781778028694,-0.5126832317370634,-0.5122245145949348,-0.5122247047581533,-0.5122293456367628
155,0.7555276,0.007726174452598047,0.007682802199822773,-0.5103377862108781,-0.5103289941448881,-0.5112907559209297,-0.5132180054113455,-0.515539060592096,-0.5153770325145292,-0.5209407153913699,-0.5152148201263435,-0.5202720320855011,-0.5212782147241828,-0.520457539802285,-0.5217294572178541,-0.5212527239436822,-0.521252914087368,-0.5212577266362091
156,0.76005024,0.007726174452598047,0.007682802199822773,-0.5196723971172317,-0.5196634466346741,-0.5206042361534989,-0.5224869363260989,-0.5247610838941124,-0.5245962002553891,-0.5299158306267698,-0.5243504692587382,-0.5292170469963771,-0.5302559351916724,-0.5294110419864159,-0.530747244101127,-0.5302540844960593,-0.5302542739183058,-0.5302592428137192
157,0.76457286,0.007726174452598047,0.007682802199822773,-0.5290069667441072,-0.5289978578456827,-0.5299156250806596,-0.5317495766591092,-0.5339720643600739,-0.5338043285795624,-0.5388764381806462,-0.5334725815460212,-0.5381378471346158,-0.5392102136378326,-0.538339974964779,-0.5397379251345903,-0.5392298315665344,-0.539230019672591,-0.539235130523072
158,0.7690955,0.007726174452598047,0.007682802199822773,-0.5383415776504608,-0.5383323103354686,-0.539224968924672,-0.5410059020405453,-0.5431718931419425,-0.5430013086727153,-0.5478240908665897,-0.5425819719877715,-0.5470359427126278,-0.5481425350997275,-0.5472458556359421,-0.5487030615732776,-0.5481814353040243,-0.5481816215919519,-0.5481868608801092
159,0.7736181,0.007726174452598047,0.007682802199822773,-0.5476761059978582,-0.5476666802676996,-0.548532108073074,-0.550255683645715,-0.5523602581836212,-0.5521868285753778,-0.5567600141782267,-0.5516792217310433,-0.5559125789052677,-0.5570541192233568,-0.5561299359271762,-0.5576439492540287,-0.5571101067072216,-0.5571102907556632,-0.5571156457800559
160,0.7781407,0.007726174452598047,0.007682802199822773,-0.5570106343452559,-0.557001050199931,-0.5578370887561099,-0.5594988975311249,-0.5615370510586266,-0.5613607798946404,-0.5656855129930001,-0.5607650822794632,-0.5647691320500094,-0.5659463179609938,-0.5649935993709487,-0.5665620183186911,-0.5660171960201851,-0.5660173774777736,-0.5660228363068385
161,0.78266335,0.007726174452598047,0.007682802199822773,-0.5663452658913483,-0.5663355233291054,-0.5671399777031365,-0.5687355401678919,-0.5707021834219933,-0.5705230743128931,-0.5746018032601314,-0.5698402949576695,-0.5736069342567626,-0.57482043952386,-0.5738381855542919,-0.5754586566843777,-0.5749040159496633,-0.5749041945258913,-0.5749097459538676
162,0.78718597,0.007726174452598047,0.007682802199822773,-0.575679835518224,-0.575669934540114,-0.5764405742449182,-0.5779653427532522,-0.5798553037116984,-0.5796733603769727,-0.5835097457133215,-0.578905311469325,-0.5824270028889137,-0.583677476718279,-0.5826647193922286,-0.5843349379146688,-0.5837715693446307,-0.5837717448020344,-0.5837773783064368
163,0.7917085,0.007726174452598047,0.007682802199822773,-0.5850142193874487,-0.5850041599966244,-0.5857387189942963,-0.5871880779771148,-0.5889961018620479,-0.5888113281171962,-0.592410150622407,-0.5879605964683755,-0.5912303369369442,-0.5925184044956456,-0.5914742077235542,-0.593191919673409,-0.5926208469022592,-0.5926210190495494,-0.5926267247555068
164,0.79623115,0.007726174452598047,0.007682802199822773,-0.5943488509335411,-0.5943386331257988,-0.5950348076000048,-0.5964040691287501,-0.5981248133328186,-0.5979372129204309,-0.6013042768373865,-0.5970071280296019,-0.6000184040334303,-0.6013446691261942,-0.600268126602902,-0.602031133303083,-0.6014533161415125,-0.6014534848273763,-0.6014592534774813
165,0.8007538,0.007726174452598047,0.007682802199822773,-0.6036834824796335,-0.6036731062549734,-0.6043285572440683,-0.6056129667525761,-0.607241006807012,-0.6070505836032337,-0.6101926584437295,-0.6060451975271282,-0.608791975230134,-0.6101570179828634,-0.6090472552367057,-0.6108534113708136,-0.6102697496980329,-0.6102699148061379,-0.610275737723201
166,0.8052764,0.007726174452598047,0.007682802199822773,-0.6130180108270312,-0.6130074761872046,-0.6136198291559173,-0.6148145647594366,-0.6163443933561141,-0.6161511513265564,-0.6190758988496143,-0.6150752118747341,-0.6175519064932463,-0.6189562843464532,-0.617812458001005,-0.6196596737958845,-0.6190710105234419,-0.6190711719678038,-0.6190770410262643
167,0.80979896,0.007726174452598047,0.007682802199822773,-0.6223524566154728,-0.6223417635618809,-0.6229086078980405,-0.6240087795671431,-0.6254348054030281,-0.6252387485651916,-0.6279546566666552,-0.6240976737507652,-0.6262991202403217,-0.6277433689169293,-0.6265646659054444,-0.628450908824933,-0.6278580327741924,-0.6278581904951019,-0.6278640980931995
168,0.8143216,0.007726174452598047,0.007682802199822773,-0.6316870675218264,-0.6316762160516669,-0.6321951038596932,-0.6331957511458988,-0.634512296155816,-0.6343134285107257,-0.6368297489946991,-0.633113281581324,-0.6350347030375358,-0.636519338011508,-0.6353049742845233,-0.6372282707396959,-0.6366319193904588,-0.6366320733508536,-0.6366380123839687
169,0.8188442,0.007726174452598047,0.007682802199822773,-0.641021595869224,-0.641010585983898,-0.6414790345739273,-0.6423751320090387,-0.6435764370347523,-0.6433747627161411,-0.6457014696113103,-0.6421222326676511,-0.6437592315581132,-0.6452847464136213,-0.6440339683525458,-0.6459924022879975,-0.6453932646655526,-0.645393414848108,-0.6453993786808947
170,0.8233668,0.007726174452598047,0.007682802199822773,-0.6503561242166215,-0.6503449559161291,-0.6507604461605616,-0.6515469000772821,-0.6526271211063284,-0.6524226442810407,-0.6545703786442688,-0.6511250216992461,-0.6524735476727201,-0.654040416025599,-0.6527524986890382,-0.6547442132889238,-0.6541429323920777,-0.6541430787963407,-0.6541490612390823
171,0.8278894,0.007726174452598047,0.007682802199822773,-0.6596906525640192,-0.6596793258483603,-0.6600393026049081,-0.6607109522517846,-0.661664161372057,-0.6614568862648404,-0.6634369141793008,-0.6601220427408588,-0.6611783738289511,-0.6627870494843718,-0.6614612963712913,-0.6634844938503628,-0.6628816691378393,-0.6628818117778573,-0.662887807062342
172,0.832412,0.007726174452598047,0.007682802199822773,-0.6690251809114168,-0.6690136957805916,-0.669315567902192,-0.669867185703646,-0.6706873711153493,-0.6704773020087678,-0.6723014745662051,-0.6691136698185778,-0.6698743922637413,-0.6715253097378057,-0.6701610522004968,-0.672213993712634,-0.6716101834506117,-0.6716103223528153,-0.671616325109531
173,0.8369346,0.007726174452598047,0.007682802199822773,-0.6783597092588144,-0.6783480657128225,-0.6785892060576943,-0.6790154978773225,-0.6796965639053718,-0.6794837051397167,-0.6811644218792217,-0.6781002577279409,-0.678562246861846,-0.6802558219101327,-0.6788524185339415,-0.6809334238785276,-0.6803291473880161,-0.6803292825893573,-0.6803352878256554
174,0.84145725,0.007726174452598047,0.007682802199822773,-0.6876943408049069,-0.6876825388419971,-0.6878602835681108,-0.6881558875005555,-0.6886916529665981,-0.68847600890903,-0.6900261830368976,-0.6870822421053904,-0.687242640894418,-0.6889792715236038,-0.6875361070355283,-0.6896435544633107,-0.6890392942738134,-0.6890394258200874,-0.689045428899235
175,0.84597987,0.007726174452598047,0.007682802199822773,-0.6970289104317823,-0.6970169500530056,-0.6971286004472407,-0.6972880908376813,-0.6976722932419922,-0.697453868366518,-0.6988868999918295,-0.6960597827545421,-0.6959159933437775,-0.6976960591107211,-0.6962125448500783,-0.6983448696589396,-0.697741073565608,-0.6977412015101184,-0.6977471981313701
176,0.8505025,0.007726174452598047,0.007682802199822773,-0.706363500698397,-0.7063513819034031,-0.7063942027215557,-0.7064120869945917,-0.7066383787015571,-0.7064171775150145,-0.707746922211929,-0.7050332609360161,-0.7045829204784891,-0.7064067841684135,-0.7048823563440512,-0.707038050798056,-0.7064351338266422,-0.7064352582288396,-0.706441244408297
177,0.8550251,0.007726174452598047,0.007682802199822773,-0.7156980290457944,-0.715685751835634,-0.7156569725070431,-0.7155276939004488,-0.7155896448915793,-0.7153656719826939,-0.7166064172006921,-0.7140028830030293,-0.7132438537799173,-0.7151118611721957,-0.7135459808758003,-0.7157235928588529,-0.7151219391328117,-0.7151220600572465,-0.7151280321097622
178,0.85954773,0.007726174452598047,0.007682802199822773,-0.7250326193124089,-0.7250201836860313,-0.7249169967472682,-0.724634931349704,-0.7245260256188208,-0.7242992855968141,-0.725465725308595,-0.7229690382420461,-0.7218993864320623,-0.7238118678102329,-0.7222040193858398,-0.724402151859915,-0.7238021164196486,-0.7238022339349218,-0.7238081884563953
179,0.8640703,0.007726174452598047,0.007682802199822773,-0.7343670857405896,-0.7343544917000964,-0.7341740552651451,-0.7337335173488619,-0.7334471585642832,-0.7332176561505673,-0.7343248719905343,-0.7319318038530452,-0.7305497962427022,-0.7325070654517948,-0.7308567571639837,-0.7330740663585773,-0.732475976817729,-0.7324760909957534,-0.7324820248471199
180,0.8685929,0.007726174452598047,0.007682802199822773,-0.7437016140879872,-0.7436888616323274,-0.7434282963858686,-0.7428235324987852,-0.7423530370883294,-0.7421207770063726,-0.7431842160565897,-0.7408915998182215,-0.7391956786121635,-0.7411980353609319,-0.7395047969900685,-0.74173999198854,-0.7411441502315619,-0.7411442611466845,-0.7411501714373726
181,0.87311554,0.007726174452598047,0.007682802199822773,-0.7530362249943408,-0.7530233141221134,-0.7526797045950547,-0.7519048964488649,-0.751243496518172,-0.7510084835424325,-0.7520439420281205,-0.749848674136887,-0.7478374503905305,-0.7498851799891411,-0.7481485628416713,-0.7504004039286348,-0.7498070876339137,-0.7498071953623289,-0.7498130794355229
182,0.87763816,0.007726174452598047,0.007682802199822773,-0.7623707946212162,-0.7623577253331218,-0.7619281212402461,-0.7609773887162973,-0.7601182351156863,-0.7598804741140545,-0.760904081225763,-0.7588031235306473,-0.7564753707307093,-0.7585687438960287,-0.7567883207615188,-0.7590556178644895,-0.7584650819306603,-0.7584651865498928,-0.7584710419687322
183,0.8821608,0.007726174452598047,0.007682802199822773,-0.7717054055275697,-0.7716921778229078,-0.7711735922311053,-0.7700409899017266,-0.7689771480062731,-0.7687366438791134,-0.7697648461790495,-0.7677552307020629,-0.7651098671494501,-0.7672491415122774,-0.7654245049877453,-0.7677061166836943,-0.7671185946810886,-0.7671186962694346,-0.7671245208029087
184,0.8866834,0.007726174452598047,0.007682802199822773,-0.7810399338749674,-0.781026547755139,-0.780415959056363,-0.7790954804920773,-0.7778199347313703,-0.7775766924720828,-0.7786262400669218,-0.7767050689396235,-0.7737411547663793,-0.775926574351607,-0.7740573371097517,-0.7763521689168437,-0.7757678743448655,-0.7757679729810354,-0.7757737645918394
185,0.891206,0.007726174452598047,0.007682802199822773,-0.7903744622223652,-0.7903609176873703,-0.7896552676366636,-0.7881408416735759,-0.7866464910100349,-0.7864005156443097,-0.7874884497111724,-0.7856528985749492,-0.7823696193258274,-0.7846014160524039,-0.7826872091643065,-0.7849942124475222,-0.7844133400556045,-0.7844134358182908,-0.784419192649996
186,0.89572865,0.007726174452598047,0.007682802199822773,-0.7997090937684574,-0.7996953908165447,-0.798891584215232,-0.7971770745952514,-0.7954567317844534,-0.7952080283643185,-0.7963516703363622,-0.7945989893110493,-0.7909956463904453,-0.793274040656599,-0.7913145127907258,-0.7936326833297335,-0.7930554103189726,-0.7930555032865332,-0.7930612236519495
187,0.9002512,0.007726174452598047,0.007682802199822773,-0.8090435189171602,-0.8090296575518324,-0.8081245666691336,-0.8062037813318486,-0.8042501830962707,-0.8039987568205135,-0.8052156949355602,-0.8035432054706673,-0.799619222038758,-0.8019444211193244,-0.7999392398785112,-0.8022676159736425,-0.8016941029561419,-0.8016941932064527,-0.8016998755784162
188,0.90477383,0.007726174452598047,0.007682802199822773,-0.8183781091837748,-0.8183640894022297,-0.8173545466695533,-0.8152212231548134,-0.8130270133528591,-0.8127728693681201,-0.8140809538840976,-0.8124860547562669,-0.8082409445886178,-0.8106131464965721,-0.808561994433712,-0.8108996562547718,-0.8103300485846727,-0.810330136194701,-0.8103357791930752
189,0.90929645,0.007726174452598047,0.007682802199822773,-0.8277126788106502,-0.8276985006132381,-0.8265813046518413,-0.8242291226657489,-0.8217868661655304,-0.8215300097288045,-0.8229473398009315,-0.8214275020646813,-0.8168608814164113,-0.819280272549896,-0.8171828492442599,-0.8195289168030628,-0.8189633453548429,-0.818963430400617,-0.8189690327848624
190,0.9138191,0.007726174452598047,0.007682802199822773,-0.8370473103567427,-0.8370329737424127,-0.8358048863967883,-0.8332274620650946,-0.8305296379042257,-0.8302700743045965,-0.8318149922837983,-0.8303677610159398,-0.8254793325811308,-0.8279460894999059,-0.8258021096083115,-0.8281557416394564,-0.8275943238633447,-0.8275944064197167,-0.8275999670786364
191,0.9183417,0.007726174452598047,0.007682802199822773,-0.8463818387041404,-0.8463673436746441,-0.845025092982011,-0.8422159851743897,-0.8392549933974132,-0.8389927280277485,-0.8406838084708677,-0.839306800114396,-0.8340963551783761,-0.8366106437613742,-0.8344198376404935,-0.8367802300282232,-0.8362230707303343,-0.8362231508709119,-0.8362286688151512
192,0.9228643,0.007726174452598047,0.007682802199822773,-0.855716367051538,-0.8557017136068751,-0.8542419906192634,-0.8511946947906484,-0.8479628491187842,-0.8476978873978157,-0.8495539338441397,-0.8482448373566248,-0.8427122405622989,-0.8452742177720943,-0.8430363295423773,-0.8454027141831875,-0.8448499064844849,-0.8448499842814507,-0.8448554586341821
193,0.92738694,0.007726174452598047,0.007682802199822773,-0.8650509779578913,-0.8650361660966609,-0.8634556250182865,-0.8601635737946459,-0.8566531019344031,-0.8563854493127974,-0.8584254883401202,-0.8571820638505181,-0.8513272483030324,-0.8539370624771359,-0.8516518495361535,-0.8540234929659725,-0.8534751190868171,-0.8534751946108488,-0.8534806246001935
194,0.93190956,0.007726174452598047,0.007682802199822773,-0.874385547584767,-0.8743705773076694,-0.8726658381714752,-0.8691224070741311,-0.8653254568842772,-0.865055118904034,-0.8672983902711823,-0.866118466390408,-0.8599414355383238,-0.8625992257095761,-0.8602664592151645,-0.8626426611918786,-0.8620987930977845,-0.8620988664180339,-0.8621042513708576
195,0.9364321,0.007726174452598047,0.007682802199822773,-0.8837199520937308,-0.8837048234035685,-0.8818724722646811,-0.8780709803941602,-0.8739796203299004,-0.8737066026239431,-0.8761725528801102,-0.875054025470748,-0.8685548481962203,-0.8712607444512047,-0.8688802087878782,-0.8712603010577098,-0.8707210011552998,-0.8707210723393382,-0.8707264116745245
196,0.94095474,0.007726174452598047,0.007682802199822773,-0.8930545630000842,-0.8930392758933545,-0.8910758579799595,-0.8870095544779878,-0.8826157577834562,-0.8823400659334585,-0.885048355815671,-0.8839891897612012,-0.877167978693063,-0.8799221050818841,-0.8774935947920915,-0.879876940039823,-0.8793422620785798,-0.879342331192245,-0.879347624411909
197,0.94547737,0.007726174452598047,0.007682802199822773,-0.9023891532666987,-0.9023737077437515,-0.900275735656662,-0.8959378165967324,-0.8912334802178046,-0.8909551199259004,-0.8939256055217121,-0.8929238292903391,-0.8857807571655575,-0.8885832289581417,-0.8861065512953518,-0.8884925416908122,-0.8879625310878095,-0.887962598195317,-0.8879678448817644
198,0.95,0.007726174452598047,0.007682802199822773,-0.9117237435333132,-0.9117081395941488,-0.9094720899494196,-0.9048556918581415,-0.8998326286931794,-0.8995516057107179,-0.9028043401017801,-0.9018580458288277,-0.8943933329260674,-0.8972442582173763,-0.8947192313864447,-0.8971072875193955,-0.8965819820604748,-0.8965820472243436,-0.896587247033261
