,x,eq_complex_1,eq_complex_3,eq_complex_5,eq_complex_6,eq_complex_7,eq_complex_8,eq_complex_10,eq_complex_12,eq_complex_13,eq_complex_15,eq_complex_17,eq_complex_18,eq_complex_19,eq_complex_20,eq_complex_21
0,0.054522615,-0.7207047039087174,-0.7196798052391611,-0.7207400399239667,-0.7229870826183338,-0.7168051842959625,-0.7437972601818628,-0.7373137759932619,-0.739584234673616,-0.7256953577358292,-0.7341835558529813,-0.7288400919758498,-0.7302429505527682,-0.7321313502787414,-0.7307736732800606,-0.7324180220888922
1,0.059045225,-0.7147523882034102,-0.7137377900161819,-0.7147880829596914,-0.7168018380055093,-0.7107847694068393,-0.737804488604886,-0.7319135337449377,-0.7342424888662706,-0.7200506719319925,-0.7282954221776241,-0.7232320103872201,-0.7246985509813182,-0.7266875336700881,-0.7252557618022663,-0.7269821791998559
2,0.06356784,-0.708800065917483,-0.7077957682239705,-0.7088361267739903,-0.7106159592357958,-0.7047631849653382,-0.7317893218251867,-0.7264922756237173,-0.728876875977161,-0.7143942286435853,-0.7223961139316845,-0.7176044094254073,-0.71913175835259,-0.7212191439352773,-0.7197146423382773,-0.7215206034141142
3,0.068090454,-0.7028477449476797,-0.7018537477456054,-0.7028841794919026,-0.704429526004551,-0.6987404205293521,-0.7257518288287732,-0.7210493586273247,-0.7234866848015462,-0.7087259464657981,-0.716485555166268,-0.7119572906359339,-0.7135425689163535,-0.7157261557549683,-0.714150306805845,-0.7160332732274372
4,0.07261306,-0.6968954345068686,-0.6959117377780122,-0.6969322505640477,-0.6982426195481665,-0.692716466782112,-0.7196921017471921,-0.7155841675979375,-0.7180712355581835,-0.7030457512918867,-0.7105636761564024,-0.7062906680473273,-0.7079309930281631,-0.7102085590590002,-0.7085627616745565,-0.7105201830694424
5,0.07713568,-0.6909431056403212,-0.6899697094165683,-0.6909803112860108,-0.6920552815777747,-0.6866912755648895,-0.7136102153840278,-0.7100960795379279,-0.7126298445878482,-0.6973535385572874,-0.7046303741785764,-0.7006045303780967,-0.7022970176927695,-0.7046663221770115,-0.7029519906614119,-0.7049813064706267
6,0.08165829,-0.684990789935014,-0.6840276941935891,-0.6850283935017818,-0.6858676168609966,-0.6806648597883771,-0.7075063278124764,-0.7045845551848613,-0.7071619152064758,-0.6916492675749727,-0.6986856119755989,-0.6948989351548577,-0.6966406997925387,-0.6990994835322888,-0.6973180475683225,-0.6994166876886679
7,0.0861809,-0.6790384742297069,-0.67808567897061,-0.6790764843212461,-0.6796796837555592,-0.674637186864988,-0.7013805728181014,-0.6990490427820734,-0.7016668423920464,-0.6859328609505101,-0.6927293130262736,-0.6891739082186001,-0.6909620665308785,-0.6935080537252455,-0.6916609571411195,-0.6938263438550379
8,0.09070352,-0.6730861453631594,-0.6721436506091661,-0.6731245708661799,-0.6734915406989672,-0.6686082239940744,-0.6952331052311348,-0.6934890197287282,-0.6961440541135211,-0.6802042472603165,-0.6867614061622338,-0.6834294862059349,-0.6852611574834504,-0.6878920568712616,-0.6859807569363879,-0.6882103062705771
9,0.09522613,-0.6671338296578522,-0.6662016353861869,-0.6671726797517836,-0.6673032872370512,-0.6625779781702809,-0.689064141758539,-0.6879040303245701,-0.6905930489206008,-0.6744633991923705,-0.680781865405816,-0.677665754795505,-0.6795380625785425,-0.6822515680418575,-0.6802775351719939,-0.6825686578537167
10,0.099748746,-0.661181506055801,-0.660259612280129,-0.661220790229284,-0.6611149736959021,-0.6565464082009733,-0.682873871016586,-0.6822936051364437,-0.6850133158987038,-0.6687102499245343,-0.6747906229707464,-0.6718827647573618,-0.6737928387651094,-0.6765866311651594,-0.6745513476936161,-0.6769014510318346
11,0.10427135,-0.655229198247238,-0.6543176049402288,-0.6552689263087957,-0.6549266969392535,-0.6505135180446322,-0.676662548782078,-0.6766573479697195,-0.6794044211622122,-0.6629447819835882,-0.6687876619255865,-0.6660806210793241,-0.6680255984994117,-0.6708973462319967,-0.6688023061517397,-0.6712087949588648
12,0.10879397,-0.6492768693806905,-0.6483755765787849,-0.6493170514779399,-0.6487384908830126,-0.6444792501152936,-0.6704303881318271,-0.6709948369623551,-0.6737659095149233,-0.657166925410726,-0.6627729102579748,-0.6602593804801234,-0.6622364078990994,-0.665183768854482,-0.6630304764855699,-0.6654907550211338
13,0.11331658,-0.6433245536753833,-0.6424335613558058,-0.6433652003052371,-0.6425504633023985,-0.6384436186885818,-0.6641776966288995,-0.6653057498003666,-0.6680974291165314,-0.651376685310209,-0.6567463737755378,-0.6544191797146987,-0.6564254142804417,-0.6594460360893832,-0.6572360060600464,-0.6597474787343781
14,0.11783919,-0.6373722379700761,-0.6364915461328267,-0.6374133599987867,-0.6363626726637297,-0.6324065898398363,-0.6579047522456436,-0.659589751729788,-0.6623986200416322,-0.6455740270040832,-0.6507080166415847,-0.648560119845827,-0.6505927310865448,-0.6536842528932856,-0.6514190089461606,-0.6539790821149788
15,0.12236181,-0.6314199091035286,-0.6305495177713827,-0.6314615177842208,-0.630175177362894,-0.6263681294671826,-0.6516118524452795,-0.6538465407050152,-0.6566691592272468,-0.639758921884667,-0.644657809219256,-0.6426823122752641,-0.6447384836192631,-0.6478985372229137,-0.6455796115027704,-0.6481856947967279
16,0.12688442,-0.6254675933982216,-0.6246075025484037,-0.6255097003861335,-0.6239880767445851,-0.6203282433681119,-0.645299355823764,-0.6480758861072583,-0.650908799159821,-0.6339313861187089,-0.6385957684259939,-0.6367859178358569,-0.6388628479922382,-0.6420890585550091,-0.6397179912373645,-0.6423674986056992
17,0.13140704,-0.619515264531674,-0.6186654741869597,-0.6195578819081149,-0.6178014153138982,-0.6142868837780049,-0.6389675842805143,-0.642277540014159,-0.6451172793591813,-0.628091390579194,-0.6325218641246612,-0.6308710556240856,-0.6329659603010063,-0.6362559481014866,-0.6338342861991199,-0.6365246376440735
18,0.13592964,-0.6135629619876073,-0.6127234721024454,-0.6136061022751278,-0.6116153058341818,-0.6082440695813507,-0.6326169483987897,-0.6364513524642194,-0.6392944414728646,-0.6222389768857617,-0.626436139920511,-0.6249379203441621,-0.6270480335568416,-0.6303994144369486,-0.6279287116359422,-0.6306573340895564
19,0.14045227,-0.6076106199598195,-0.6067814306025368,-0.6076542961535603,-0.6054297514829132,-0.6021997126414205,-0.6262477647767125,-0.630597104552939,-0.6334400625209459,-0.6163740893330178,-0.6203385384675841,-0.6189866118889538,-0.6211091877257833,-0.6245195753278503,-0.6220013903960264,-0.6247657197201832
20,0.14497487,-0.6016583174157526,-0.6008394285180223,-0.6017025429939926,-0.5992449057052265,-0.596153871702098,-0.6198605227522755,-0.6247147538534091,-0.6275541002386826,-0.6104968209637927,-0.6142291574241969,-0.6130173847940907,-0.6151496985755172,-0.6186167040357963,-0.6160526012666634,-0.6188500826789478
21,0.14949748,-0.5957060017104455,-0.5948974132950433,-0.5957507906714627,-0.5930607849744873,-0.5901064717489023,-0.6134555883741807,-0.6188041628859209,-0.6216364215590655,-0.6046071413110314,-0.6081079664753585,-0.607030371893878,-0.6091697219110386,-0.6126909563017725,-0.610082503746602,-0.6129105939090282
22,0.1540201,-0.589753672843898,-0.5889553849335993,-0.5897990397278872,-0.5868774602492178,-0.5840574911235186,-0.6070334011165763,-0.612865280380777,-0.6156869838666421,-0.5987050779173677,-0.6019749961461078,-0.6010257683968085,-0.6031694772436721,-0.6067425521783579,-0.6040913213533304,-0.6069474893402913
23,0.15854271,-0.5838013571385909,-0.5830133697106202,-0.5838473170533445,-0.5806950295790942,-0.5780069348455075,-0.600594445712997,-0.606898116139031,-0.609705809931533,-0.5927906906956737,-0.5958303112063457,-0.59500380588215,-0.5971492218927528,-0.6007717504450256,-0.5980793157922777,-0.6009610442676874
24,0.16306531,-0.577849054594524,-0.5770713676261059,-0.5778956232480917,-0.5745135633941183,-0.5719547811272427,-0.5941391949048399,-0.600902688526884,-0.6036929352944331,-0.5868640197213837,-0.589673956508526,-0.5889646990685526,-0.5911091977761719,-0.5947787958512686,-0.5920467338238755,-0.5949515204553868
25,0.16758794,-0.5718967125667362,-0.5711293261261972,-0.5719439063052534,-0.5683330771742823,-0.565900954579065,-0.5876680799655831,-0.5948789971275804,-0.5976483807215227,-0.5809250586614738,-0.5835059295060572,-0.5829086184890815,-0.5850496039890405,-0.5887638918285296,-0.5859937798481712,-0.5889191387398285
26,0.17211054,-0.5659444100226694,-0.5651873240416827,-0.5659922458509979,-0.5621537227461828,-0.5598455136281153,-0.5811816905821556,-0.5888272092055049,-0.591572339295977,-0.5749739386351593,-0.5773263712910918,-0.5768358778703557,-0.5789707842801733,-0.5827273865817693,-0.5799208031736892,-0.5828642656552946
27,0.17663316,-0.5599920811561219,-0.559245295680239,-0.5600405767899901,-0.5559755012887129,-0.5537883694284977,-0.5746804738105897,-0.5827473797455226,-0.5854648954387669,-0.5690106523706484,-0.5711352802064036,-0.5707466527059755,-0.5728729454304196,-0.5766694935225201,-0.5738280166956293,-0.5767871330412006
28,0.18115577,-0.5540397654508148,-0.5533032804572598,-0.5540889393448295,-0.5497985229314282,-0.5477295402496476,-0.5681650058139305,-0.5766397050791288,-0.5793262794608466,-0.5630353040030474,-0.564932771338936,-0.5646412349631089,-0.5667564121531363,-0.5705905443444981,-0.5677157515333433,-0.5706880918647181
29,0.1856784,-0.5480874234230269,-0.547361238957351,-0.5481372948217256,-0.5436228154722023,-0.5416689640127446,-0.5616357902722281,-0.5705043348025988,-0.5731566786230549,-0.5570479245989439,-0.5587188850748916,-0.5585198446341152,-0.560621438388757,-0.5644908015728909,-0.5615842684857774,-0.5645674241746621
30,0.190201,-0.5421351208789602,-0.5414192368728368,-0.5421857098496686,-0.5374485155521278,-0.535606685886578,-0.555093459680201,-0.5643415609121882,-0.5669564272182226,-0.5510486572417095,-0.5524937792995048,-0.5523828187582733,-0.554468396677299,-0.5583706467906222,-0.555433947275711,-0.5584255319483059
31,0.1947236,-0.5361828183348933,-0.5354772347883224,-0.5362341458285579,-0.5312756501525059,-0.5295426439019268,-0.5485385438138535,-0.5581516004741474,-0.560725787978779,-0.5450375451943477,-0.5462575096378516,-0.5462303947118838,-0.5482975609474858,-0.5522303646647665,-0.5492650694576104,-0.552262720367106
32,0.19924621,-0.5302305026295862,-0.5295352195653434,-0.5302825905300097,-0.5251042731414002,-0.523476802962384,-0.5419716134045026,-0.551934730668806,-0.5544650877862912,-0.5390146641369004,-0.5400101668008288,-0.5400628452364076,-0.5421092417979438,-0.5460702774134822,-0.5430779536083294,-0.5460793327270178
33,0.20376883,-0.5242781737630386,-0.5235931912038994,-0.5243310449413384,-0.5189344515816474,-0.5174091414913342,-0.5353932652974152,-0.5456912752043892,-0.5481747039884688,-0.5329801090529671,-0.5337518630572201,-0.5338804649393969,-0.5359037729764522,-0.5398907313818091,-0.5368729418184323,-0.5398757369672231
34,0.20829144,-0.5183258580577315,-0.5176511759809203,-0.5183795364290136,-0.512766279330017,-0.5113396649023734,-0.5288041365823692,-0.5394216181080931,-0.5418550782729428,-0.526934007718698,-0.527482746303473,-0.5276835840176144,-0.5296815251654834,-0.5336921107927404,-0.5306504134822412,-0.5336523394741424
35,0.21281406,-0.5123735291911841,-0.5117091476194764,-0.5124280397865388,-0.5065997951814822,-0.5052683251118231,-0.5222048166059141,-0.5331261201673378,-0.5355066323815115,-0.5208764404926499,-0.5212029169915098,-0.5214724859106623,-0.5234428232814302,-0.5274747553540806,-0.5244107025895222,-0.5274095023497536
36,0.21733667,-0.5064212134858769,-0.5057671323964973,-0.5064765825151983,-0.5004350919565033,-0.4991951279333093,-0.5155959629187512,-0.526805229353457,-0.5291298793421947,-0.5148075472390371,-0.5149125390974266,-0.5152475167464083,-0.5171880563452336,-0.5212390696997768,-0.5181542075954513,-0.5211476532795127
37,0.22185928,-0.5004688977805698,-0.4998251171735182,-0.5005251527137252,-0.4942722210282804,-0.4931200391512902,-0.5089781985794759,-0.5204593830101047,-0.5227253247752633,-0.5087274336077288,-0.5086117430605794,-0.5090089891150167,-0.5109175808179596,-0.5149854270568908,-0.5118812947389295,-0.5148671887971814
38,0.2263819,-0.49451656891402224,-0.4938830888120742,-0.4945737385629269,-0.48811123322536765,-0.4870430248115589,-0.5023521552220753,-0.5140890488126684,-0.5162935080918377,-0.5026362110773208,-0.5023006674151791,-0.5027572229600659,-0.5046317616295328,-0.5087142100983433,-0.5055923390651278,-0.5085685152881989
39,0.2309045,-0.4885642663699554,-0.48794108672755987,-0.4886223809689452,-0.48195223327759706,-0.4809641050326386,-0.49571853114520953,-0.5076947808477145,-0.5098350590663175,-0.49653405094808384,-0.49597951482610697,-0.4964926008717058,-0.49833102777666277,-0.5024258664289631,-0.49928778005451674,-0.5022521047150836
40,0.23542711,-0.4826119506646483,-0.48199907150458077,-0.482671041978852,-0.47579524359189307,-0.47488321965594676,-0.4890779440812114,-0.5012770778646625,-0.5033505546063398,-0.4904210495072075,-0.4896484125149012,-0.49021542952892055,-0.49201573296414647,-0.4961207695123202,-0.49296798218105686,-0.4959183549181092
41,0.23994973,-0.47665962179810084,-0.4760570431431369,-0.4767197232217376,-0.4696403268307113,-0.4688003492276241,-0.48243106244552025,-0.49483650946953733,-0.4968406460838354,-0.48429734925140944,-0.4833075379710635,-0.48392606397295834,-0.4856862805378641,-0.48979934330753583,-0.48663335990378875,-0.48956771478844247
42,0.24447234,-0.47070730609279365,-0.47011502792015775,-0.4707684527578062,-0.4634875722226883,-0.46271550165300507,-0.47577859019173424,-0.48837370188047635,-0.49030604491455243,-0.4781631256367894,-0.4769571053145249,-0.477624893884807,-0.4793431097072116,-0.483462048561128,-0.48028436389158313,-0.48320067050007426
43,0.24899496,-0.4647549772262462,-0.46417299955871383,-0.4648172061347368,-0.4573370139117567,-0.4566286315241522,-0.4691211779067581,-0.4818892515001402,-0.48374743507877777,-0.47201850568712095,-0.4705972811568012,-0.47131225982265534,-0.47298661120270075,-0.4771092985331818,-0.4739213965982945,-0.47681766082952476
44,0.25351757,-0.458802661520939,-0.4582309843357347,-0.4588660116702082,-0.45118873977319807,-0.45053974780586636,-0.46245953981827703,-0.47538383846407944,-0.4771655878311389,-0.4658636764658562,-0.46422829702487733,-0.4649885644860077,-0.46661723925560766,-0.4707415708584967,-0.4675449243386821,-0.4704191895300502
45,0.2580402,-0.4528503194931513,-0.45228894283582605,-0.45291483203485366,-0.44504276901256845,-0.44444879275029525,-0.45579432063379705,-0.46885809669632816,-0.4705612301580161,-0.459698762709061,-0.45785032285012006,-0.45865414684297307,-0.4602353848157669,-0.4643592808129967,-0.4611553503673856,-0.46400569798051294
46,0.26256278,-0.44689804327156507,-0.44634696702824134,-0.4469637616462096,-0.4388992559995037,-0.43835584395972055,-0.44912631589893687,-0.4623128293892063,-0.46393526273604024,-0.453524031198813,-0.4514636785497039,-0.45230949195497044,-0.453841586910964,-0.4579629926604802,-0.4547532264837503,-0.45757777755063733
47,0.26708543,-0.44094567492129666,-0.440404899251403,-0.44101264508477234,-0.4327580962777086,-0.43226072378076097,-0.4424560438082105,-0.4557485887382714,-0.45728833440622996,-0.4473394949308822,-0.4450684247315287,-0.4459548240944907,-0.44743612261087934,-0.45155300947148436,-0.448338842463817,-0.4511357573848337
48,0.27160805,-0.4349933460547492,-0.43446287088995916,-0.4350616166118276,-0.42661948345374334,-0.42616355176728377,-0.43578434905780356,-0.4491662687315641,-0.45062144219062406,-0.44114547301445317,-0.4386649419309344,-0.4395906818860347,-0.4410195866217188,-0.44512995296143304,-0.441912806412388,-0.4446802871010425
49,0.27613065,-0.42904104351068234,-0.42852086880544477,-0.4291106659560873,-0.42048346093263783,-0.4200643001384947,-0.42911191557794065,-0.4425666263931607,-0.44393544649658045,-0.4349421399572785,-0.4322534645970244,-0.43321745501712605,-0.4345924243609381,-0.4386942963421984,-0.4354755772154059,-0.43821186731488854
50,0.28065327,-0.4230887146441349,-0.4225788404440009,-0.42315974360580216,-0.41435003067981074,-0.4139629015412129,-0.42243938375988965,-0.435950395875195,-0.43723118643281067,-0.42872963445493034,-0.4258341938403541,-0.42683549587035813,-0.42815504436352747,-0.4322464766726094,-0.4290275770620927,-0.4317309625207713
51,0.2851759,-0.4171363726163471,-0.4166367989440922,-0.41720886609834545,-0.40821926171685596,-0.40785935703837345,-0.41576746783328966,-0.4293184044423882,-0.4305095972146527,-0.4225081691890889,-0.4194074110610788,-0.4204452321605256,-0.4217079318622349,-0.4257870085948453,-0.42256930520243047,-0.42523811539854933
52,0.28969848,-0.41118409639476095,-0.41069482313650746,-0.4112581160441195,-0.4020912899570329,-0.4017537363073843,-0.4090969551558255,-0.42267157235162534,-0.423771709998954,-0.41627803128147156,-0.4129734784889488,-0.41404716718212603,-0.4152516490843483,-0.4193164847202519,-0.4161013382662477,-0.4187339472017299
53,0.2942211,-0.4052317675282134,-0.4047527947750635,-0.40530737900042824,-0.3959660472229052,-0.39564590769563673,-0.40242841054539324,-0.41601061770866177,-0.4170183525610498,-0.41003930663733157,-0.4065325547003831,-0.40764159655848253,-0.40878654937946696,-0.41283528908843875,-0.40962404386046664,-0.4122188697109833
54,0.29874372,-0.399279438661666,-0.3988107664136196,-0.39935671192708205,-0.38984364065310395,-0.38953591629489615,-0.3957625886086929,-0.40933646678953184,-0.41025056510245245,-0.40379226552606423,-0.40008499300994393,-0.4012290040575434,-0.4023131765947238,-0.406343997386141,-0.4031379806543294,-0.4056934875191875
55,0.30326632,-0.3933271361175992,-0.39286876432910534,-0.3934061458558194,-0.38372414936244714,-0.3834237815910014,-0.3891002117578188,-0.4026500328977729,-0.403469375984902,-0.3975371561350685,-0.3936311284000648,-0.3948098493675478,-0.395832050923893,-0.39984316235681316,-0.39664368384697046,-0.39915838231688494
56,0.30778894,-0.3873748072510516,-0.3869267359676613,-0.38745563330788446,-0.3776075704024794,-0.37730944342852785,-0.38244191070578726,-0.39595215567469577,-0.3966757400181834,-0.3912741489070388,-0.3871712203449297,-0.38838451085215536,-0.3893436110387654,-0.39333325567489213,-0.3901416071567514,-0.39261405444152675
57,0.31231153,-0.3814225178682251,-0.38098474702161184,-0.38150524570470995,-0.3714940216605075,-0.3711929648716933,-0.37578844469438305,-0.3892438219505142,-0.3898707623279332,-0.38500354408557785,-0.3807056671066459,-0.3819534983300039,-0.38284842891103094,-0.38681488343186127,-0.3836323380795727,-0.38606113948798465
58,0.31683415,-0.37547018900167767,-0.3750427186601679,-0.3755549102828981,-0.36538347138998417,-0.3650742619016288,-0.3691404064506986,-0.38252586833471175,-0.3830553965604015,-0.37872549462578525,-0.37423472015600656,-0.37551716865379503,-0.37634692255860724,-0.38028849789617486,-0.37711631001935464,-0.37950011853093735
59,0.32135677,-0.36951786013513016,-0.36910069029872394,-0.36960467330294794,-0.3592760085846247,-0.35895337399447375,-0.3624985158124693,-0.37579927662751145,-0.3762307444133348,-0.3724402833652051,-0.36775877018426495,-0.36907600981721767,-0.3698396429466521,-0.3737546854018268,-0.3705940897988479,-0.37293160752503246
60,0.3258794,-0.3635655181073424,-0.3631586487988153,-0.36365452908521034,-0.35317166723588533,-0.3528302884259595,-0.3558634278323955,-0.36906497984148634,-0.3693978587337601,-0.3661481427246041,-0.36127816140480806,-0.3626304558688077,-0.3633270870241312,-0.3672139786975358,-0.3640661902826424,-0.3663561686465555
61,0.330402,-0.35761321556327563,-0.35721664671430103,-0.35770453850785405,-0.34707054783768354,-0.3467050622180005,-0.34923586423897224,-0.36232399490803013,-0.36255787802742384,-0.35984937976503173,-0.3547933205936318,-0.35618101487004794,-0.35680982696789043,-0.3606669867069904,-0.35753319991183924,-0.3597744407284738
62,0.3349246,-0.3516609130192087,-0.35127464462978664,-0.3517546712350198,-0.3409726554388596,-0.3405776597849792,-0.3426164368168675,-0.3555772427364736,-0.35571184374827736,-0.3535442091119283,-0.34830458524436536,-0.34972809759511225,-0.3502883370621976,-0.35411422062382625,-0.3509956091635679,-0.3531869644185833
63,0.33944723,-0.34570857099142094,-0.345332603129878,-0.34580489793507996,-0.3348779941861117,-0.33444804779737813,-0.33600574966457347,-0.34882565114385466,-0.34886080460093627,-0.3472328501493609,-0.3418123039480899,-0.3432721169882589,-0.3437630941438241,-0.34755619473719046,-0.34445391121668884,-0.3465942835287642
64,0.34396985,-0.33975624212487343,-0.33939057476843404,-0.3398552825078299,-0.32878666156754965,-0.3283162902547686,-0.3294045007041393,-0.34207025831163873,-0.3420059213962531,-0.3409156248088511,-0.3353169371352297,-0.33681358794299837,-0.3372346784387077,-0.34099352779208414,-0.3379087030434237,-0.33999704691658406
65,0.34849244,-0.33380395274204694,-0.3334485858223845,-0.3339058638457897,-0.3226987270238524,-0.32218242672402586,-0.3228133492390757,-0.3353120773241047,-0.33514832946122386,-0.33459283208310087,-0.32881892811943714,-0.33035299866024037,-0.33070364352505244,-0.33442681231982196,-0.33136055504548656,-0.3333958771083734
66,0.35301507,-0.32785161071425917,-0.32750654432247583,-0.3279565639518935,-0.3166141378581115,-0.3160463774680135,-0.3162328137640559,-0.3285519902076879,-0.3282890309908366,-0.3282646498510772,-0.32231860254751626,-0.32389071031059746,-0.32417041484489784,-0.32785651251097114,-0.324809909277114,-0.32679126762827004
67,0.3575377,-0.32189926868647134,-0.3215645028225671,-0.3220074512669593,-0.3105329884099016,-0.30990821489753884,-0.30966356273597884,-0.3217910456304167,-0.32142919699539807,-0.3219314145024442,-0.3158164559478197,-0.3174272425319591,-0.3176355782905852,-0.3212832543752927,-0.3182573687833483,-0.32018387466587217
68,0.3620603,-0.3159469661424046,-0.31562250073805276,-0.31605858308069973,-0.3044553584097763,-0.30376800106139557,-0.30310623876759496,-0.3150302783924308,-0.3145699839947092,-0.3155934532647338,-0.30931298151682707,-0.31096310180363473,-0.3110997066881529,-0.3147076512961082,-0.31170352362873777,-0.31357434169614673
69,0.3665829,-0.3099946635983377,-0.30968049865353847,-0.3101099400975652,-0.2983812458695547,-0.29762571989470177,-0.2965613858480824,-0.30827063342236083,-0.3077124567838492,-0.30925101393571447,-0.3028085983043272,-0.30449870970186177,-0.30456328721276016,-0.3081302309471141,-0.3051488780968932,-0.3069632260101611
70,0.37110552,-0.3040423347317902,-0.3037384702920945,-0.3041615189148842,-0.29231066123647254,-0.29148137239911487,-0.2900295506130691,-0.30151306924328314,-0.3008576932914597,-0.3029043628072219,-0.2963037519891066,-0.2980345027095235,-0.29802682226703603,-0.3015515367295698,-0.2985939518312696,-0.30035110066896553
71,0.37562814,-0.29809000586524276,-0.29779644193065063,-0.298213371956063,-0.28624366757665104,-0.2853350176538361,-0.2835113248610668,-0.2947586015805618,-0.2940068286757812,-0.29655382681160003,-0.28979895818503876,-0.291570974871585,-0.2914908725893485,-0.2949721711666604,-0.2920393230625894,-0.2937385981001931
72,0.38015077,-0.292137663837455,-0.2918544004307419,-0.29226551598551986,-0.28018028658535943,-0.27918667794583996,-0.2770072438367752,-0.2880081975520165,-0.2871609478610021,-0.2901996952610435,-0.28329470188342387,-0.2851085775058675,-0.28495595581364824,-0.2883926937950399,-0.2854855268753311,-0.28712630745563994
73,0.38467336,-0.28618537445462844,-0.2859124114846924,-0.2863180511873916,-0.27412061924804487,-0.2730364613435301,-0.2705179151580104,-0.2812629087813298,-0.2803212204055666,-0.28384234622061455,-0.2767915669805878,-0.2786478475565206,-0.2784226762297807,-0.28181375178515256,-0.27893318533357525,-0.2805149058696548
74,0.38919598,-0.28023304558808104,-0.2799703831232485,-0.28037092533819885,-0.26806460462951637,-0.26688431716990424,-0.2640437599189037,-0.2745236017001922,-0.2734886268951453,-0.27748199345209446,-0.2702899775344292,-0.27218915020572787,-0.27189146447366885,-0.27523581779939665,-0.27238274640466903,-0.2739048950078806
75,0.3937186,-0.27428071672153354,-0.27402835476180465,-0.2744242242258157,-0.262012314675344,-0.2607303354084408,-0.2575853280225964,-0.2677912845481323,-0.26666429040751993,-0.27111899557936503,-0.2637905141990912,-0.26573299293938935,-0.26536289508853694,-0.26865950974095687,-0.26583480243686936,-0.2672969223842631
76,0.39824122,-0.26832838785498603,-0.2680863264003607,-0.2684780020720554,-0.2559637799828329,-0.2545745701992825,-0.25114311100599696,-0.26106691224526224,-0.25984927851976913,-0.2647536733262714,-0.2572937273351315,-0.259279839579808,-0.258837498438065,-0.2620854013430972,-0.25928990151724346,-0.2606915909985931
77,0.4027638,-0.26237611163339986,-0.2621443505927759,-0.26253237532171847,-0.24991908344538438,-0.2484171353708569,-0.24471764141276126,-0.2543514893375568,-0.2530447075271957,-0.25838640794660594,-0.2508002375982764,-0.2528302099383152,-0.2523158614419165,-0.2555141236249266,-0.2527486484979565,-0.2540895612636634
78,0.40728644,-0.25642375644437176,-0.2562022959544024,-0.2565872882554928,-0.24387811972157347,-0.24225795963235008,-0.23830923685709932,-0.2476458017077417,-0.24625147049404628,-0.25201738772278076,-0.2443104775556355,-0.2463844229384728,-0.24579836780318454,-0.24894610310687304,-0.24621144443233567,-0.24749128798937753
79,0.41180903,-0.2504714670615452,-0.2502603070083529,-0.2506429759926566,-0.23784106287478088,-0.23609726345733903,-0.23191849617841337,-0.24095093475606333,-0.23947076213809765,-0.24564710073652263,-0.23782519404224398,-0.2399430953623322,-0.23928570228182777,-0.2423820699378932,-0.23967899236100543,-0.24089753085571142
80,0.41633165,-0.24451913819499776,-0.244318278646909,-0.24469944246910896,-0.2318078320368857,-0.22993501467378968,-0.22554573204769673,-0.23426767910734347,-0.23270347664815522,-0.23927577154036755,-0.23134487409587867,-0.23350657149199525,-0.2327782739586376,-0.23582247667919054,-0.2331517188250034,-0.23430877050113152
81,0.42085424,-0.23856684881217127,-0.23837628970085945,-0.23875689921053395,-0.22577853201173065,-0.22377137826993318,-0.21919143733903068,-0.22759701826845413,-0.22595070152003555,-0.2329038258761179,-0.22487021817613898,-0.22707539298507956,-0.22627669129016814,-0.22926797706015825,-0.22663025035270698,-0.22772568944630567
82,0.42537686,-0.23261451994562377,-0.2324342613394155,-0.23281543038079383,-0.219753106382574,-0.2176063624919251,-0.21285591818734156,-0.2209397432266545,-0.21921332718218708,-0.2265315243649664,-0.2184017674526244,-0.22064992857698668,-0.21978138769889477,-0.2227190485577841,-0.22011503790141432,-0.2211487929770231
83,0.42989948,-0.22666219107907631,-0.2264922329779716,-0.22687527792095707,-0.2137316175312537,-0.21144010537143854,-0.20653958896626654,-0.21429676132143127,-0.21249235958881574,-0.2201592583137681,-0.21194020435915917,-0.21423067255728473,-0.21329292329327787,-0.21617629653882256,-0.2136066594910293,-0.21457871460857053
84,0.43442208,-0.22070988853500947,-0.2205502308934573,-0.22093672287043095,-0.20771411322913552,-0.2052727388334435,-0.20024283100191798,-0.2076689473770439,-0.20578876937018276,-0.21378740876896124,-0.20548620905201348,-0.20781810219991062,-0.20681184069395392,-0.20964030890819435,-0.20710567558168091,-0.20801607007353184
85,0.4389447,-0.21475755966846197,-0.21460820253201335,-0.2150000377707983,-0.20170056021234473,-0.19910432085788965,-0.19396592314472488,-0.20105706978627996,-0.19910341701993683,-0.20741627601786874,-0.19904038796513412,-0.20141260680809595,-0.20033859330519507,-0.2031115837325539,-0.20061255711598527,-0.20146138465392424
86,0.44346732,-0.20880523080191454,-0.20866617417056949,-0.20906567026939007,-0.19569100384069849,-0.192934999516165,-0.18770920852119904,-0.19446196536195545,-0.19243722964425525,-0.20104624860331588,-0.19260344472185242,-0.1950146576347619,-0.19387371702040296,-0.19659070238040577,-0.1941278577437269,-0.19491526701448753
87,0.44798994,-0.2028529019353671,-0.20272414580912562,-0.20313417659059027,-0.18968546163108724,-0.18676490429051426,-0.18147298275658902,-0.18788442103807823,-0.18579108120222182,-0.19467769055405965,-0.186176065532108,-0.1886246941905307,-0.18741771528176146,-0.1900782135905512,-0.18765209852037673,-0.1883782927822909
88,0.45251256,-0.19690057306881958,-0.19678211744768165,-0.19720630642844023,-0.18368394987169792,-0.180594173769115,-0.17525752157697297,-0.18132520225026527,-0.17916582111975626,-0.18831096950885062,-0.1797589472817056,-0.18224315238935856,-0.1809710874975661,-0.18357466210840484,-0.1811857964035452,-0.18185103328833718
89,0.45703515,-0.19094828368599306,-0.19084012850163212,-0.191283134347387,-0.17768652338671165,-0.17442299702195388,-0.16906312156095032,-0.17478509531672135,-0.17256231697936078,-0.18194649887116277,-0.17335283944736107,-0.175870506564465,-0.1745343714469657,-0.177080631449661,-0.17472950677829818,-0.17533409846645623
90,0.46155778,-0.18499594165820532,-0.18489808700172344,-0.18536603988672612,-0.17169310317842174,-0.1682514366624026,-0.16288992204586497,-0.168264718727849,-0.16598126391496348,-0.17558455483304086,-0.16695835944898343,-0.16950708615430166,-0.16810795810206303,-0.17059655704871696,-0.16828363770882065,-0.16882794933757206
91,0.4660804,-0.1790436127916578,-0.1789560586402795,-0.1794572520588579,-0.16570376812123458,-0.16207972951648447,-0.1567382059915144,-0.1617648401952999,-0.15942350462059374,-0.1692255858929021,-0.1605763034513602,-0.16315338537708612,-0.1616924043755812,-0.16412304177629064,-0.1618487636282932,-0.1623332146188481
92,0.470603,-0.173091310247591,-0.17301405655576518,-0.17356010124204746,-0.15971854274492345,-0.1559080687820966,-0.15060818043362617,-0.1552861442336309,-0.15288979457242283,-0.16286998760642252,-0.15420741882251848,-0.15680983746662253,-0.15528820504697177,-0.1576606258175015,-0.15542539656230508,-0.15585045976992587
93,0.4751256,-0.16713900770352416,-0.16707205447125087,-0.16767992012532662,-0.15373741063167776,-0.14973661816618877,-0.14449999072681607,-0.14882924649775497,-0.14638081651493956,-0.15651811670231733,-0.14785241784109412,-0.15047682887348426,-0.14889580711207379,-0.15120980111533733,-0.14901400051758196,-0.14938020150270026
94,0.47964823,-0.16118666567573636,-0.16113001297134216,-0.16182592615595012,-0.14776034097180024,-0.14356553969908528,-0.1384137479716269,-0.14239472213893958,-0.1398972090439735,-0.1501703192225618,-0.14151200520975646,-0.14415472734168647,-0.14251563812554535,-0.14477103994455184,-0.14261501990459624,-0.1429229364523492
95,0.48417085,-0.1552343368091889,-0.15518798460989827,-0.15601565539969123,-0.14178739422508327,-0.13739510342081576,-0.1323496361898181,-0.13598321853808515,-0.1334396800855295,-0.14382704269897734,-0.13518698893205217,-0.13784399336623931,-0.13614821863551643,-0.13834490836443686,-0.13622899229395322,-0.13647925493055282
96,0.48869348,-0.14928199478140108,-0.14924594310998954,-0.15028654834572872,-0.13581855028887102,-0.13122551053664805,-0.12630773713079865,-0.1295952695009549,-0.12700881958979857,-0.13748865361031376,-0.1288780968028287,-0.1315449981938842,-0.12979397847673663,-0.1319318808065156,-0.12985636415917828,-0.1300496549630873
97,0.49321607,-0.1433297053985746,-0.14330395416394,-0.14473607816207001,-0.12985388016189173,-0.12505707132336522,-0.12028820434816244,-0.12323147871121472,-0.12060528421864228,-0.13115561961621705,-0.12258615681348298,-0.12525820492902287,-0.12345343946477634,-0.12553252443297674,-0.12349767409539163,-0.12363472713348636
98,0.4977387,-0.13737736337078682,-0.13736191266403133,-0.1397213231384253,-0.1238932821248912,-0.11888993290363065,-0.11429099667097636,-0.11689223739373325,-0.1142295131524702,-0.12482822938364226,-0.11631181733431939,-0.11898389017723468,-0.1171269346163442,-0.11914721573483947,-0.11715327122605132,-0.1172348704690713
99,0.5022613,-0.13142506082671992,-0.13141991057951696,-0.13845692426727024,-0.11793685097508834,-0.11272446170534997,-0.10831625057045778,-0.11057811741314662,-0.10788212355395513,-0.11850698455097412,-0.11005593495069692,-0.11272253292174314,-0.11081500030546622,-0.11277653630732837,-0.11082370847159698,-0.11085068915636484
100,0.5067839,-0.1254727582826532,-0.1254779084950027,-0.11844084725479254,-0.11198454842403631,-0.10656090311085399,-0.10236394798841406,-0.10428951959726604,-0.10156355672867923,-0.11219224975157734,-0.10381922552688026,-0.1064744671453038,-0.10451802592779012,-0.10642091924172314,-0.10450939120914646,-0.1044826380881924
101,0.5113065,-0.11952045573858629,-0.11953590641048832,-0.11717649068346889,-0.10603637447173694,-0.10039955934311824,-0.09643408892488174,-0.09802685566032418,-0.09527426108085789,-0.10588443449282259,-0.09760244300431631,-0.10024006210762454,-0.09823643566465885,-0.10008083255867596,-0.09821075954546478,-0.09813120671337185
102,0.51582915,-0.11356808738831793,-0.11359383863365011,-0.11216171520905859,-0.10009226216235184,-0.09424068108751515,-0.09052658639613093,-0.09179043676689341,-0.0890145801408756,-0.09958388149428153,-0.09140626748827355,-0.09401961179442603,-0.0919705770597264,-0.09375666672992006,-0.09192817658279026,-0.09179680633961346
103,0.52035177,-0.10761575852177042,-0.10765181027220616,-0.10661120715938903,-0.09415231414003826,-0.08808471322153537,-0.08464150147274316,-0.08558072116097246,-0.08278500106562392,-0.09329111736165047,-0.08523154980519049,-0.08781358223521679,-0.08572097010796179,-0.0874489860662778,-0.0856621781641725,-0.08548002191239103
104,0.5248744,-0.10166341649398268,-0.1017097687722975,-0.10088209923551968,-0.08821647405227345,-0.08193195497296749,-0.0787787166470642,-0.07939796885844927,-0.0765858079912716,-0.08700650420659214,-0.07907896679634896,-0.08162226737975276,-0.07948796058344515,-0.08115817879990178,-0.07941312526693797,-0.0791812615135523
105,0.529397,-0.09571111394991579,-0.09576776668778311,-0.09507185384740738,-0.08228478931966207,-0.07578283282487436,-0.07293819664506448,-0.07324251644635282,-0.07041735775541152,-0.08073051802368901,-0.07294929263702438,-0.07544606365730747,-0.07327199653639355,-0.07488473613215116,-0.07318148122351353,-0.07290103582469927
106,0.53391963,-0.08975877192212804,-0.08982572518787446,-0.08921785977075342,-0.07635717493730754,-0.06963765631227418,-0.06711975541635284,-0.06711453097477947,-0.06427983314869963,-0.07446349861179191,-0.06684315194590013,-0.06928522355295136,-0.06707338020538943,-0.06862900182954275,-0.06696756299181797,-0.06663970740896435
107,0.5384422,-0.08380650886178213,-0.08388376251875448,-0.08333771765582777,-0.07043374125463411,-0.06349695843651365,-0.06132337848331103,-0.061014349147651414,-0.05817358270874455,-0.06820599617899972,-0.06076135556033578,-0.06314019639800333,-0.06089261092261872,-0.062391518274801785,-0.06077188490878366,-0.06039783709278479
108,0.5429648,-0.07785420631771524,-0.07794176043424009,-0.07744056688585403,-0.06451436152897759,-0.05736104797258569,-0.055548798879460126,-0.054942030386649326,-0.052098673131546244,-0.0619583141648561,-0.05470445292276359,-0.05701117892197581,-0.054729932917413626,-0.056172570089833354,-0.05459470537658674,-0.05417572719034182
109,0.54748744,-0.07190185112868712,-0.07199970579586658,-0.07153175294062594,-0.05859901268945282,-0.05123036336989649,-0.049795831734604515,-0.04889770884646698,-0.04605524181868546,-0.05572086946281908,-0.04867308052370098,-0.05089846923464404,-0.04858569144172105,-0.04997254352587417,-0.04843638386018097,-0.04797378120303171
110,0.55201006,-0.06594952226213975,-0.06605767743442278,-0.0656146715633523,-0.05268776191230945,-0.04510545937842958,-0.04406435986562407,-0.04288157749250819,-0.040043480656961394,-0.04949417772173527,-0.042667943788603696,-0.04480245176523662,-0.04246031743592403,-0.04379191094762459,-0.04229736547973993,-0.04179248818455587
111,0.5565327,-0.05999716707311163,-0.060115622796049276,-0.05969143397623529,-0.04678054434209673,-0.03898677727222459,-0.03835411807833117,-0.03689366122804967,-0.03406340923793444,-0.04327861899400667,-0.03668958807673371,-0.03872336759170461,-0.036354096682494993,-0.03763099787802944,-0.036177949634679296,-0.035632189723976665
112,0.5610553,-0.05404486452904472,-0.054173620711534864,-0.05376358999669968,-0.040877424504360105,-0.03287491624511314,-0.03266494684410802,-0.030934082841159144,-0.02811514061839185,-0.037074713010065555,-0.030738661454727256,-0.0326615838384903,-0.030267440475044163,-0.031490256089602084,-0.030078561268299137,-0.029493353055700472
113,0.5655779,-0.04809256198497798,-0.04823161862702062,-0.04783212253753799,-0.034978335081114045,-0.02677036336958709,-0.026996540009792597,-0.025002798154933628,-0.02219861682931673,-0.030882844252605957,-0.024815647531919824,-0.026617324685188293,-0.024200615402849,-0.025369990951295218,-0.02399948006184162,-0.023376298424064815
114,0.57010055,-0.04214019363470947,-0.04228955085018227,-0.04189771566066712,-0.029083194632988613,-0.020673616172448783,-0.021348559524032654,-0.019099716332716565,-0.016313729182860046,-0.024703386081210102,-0.01892098276806571,-0.020590792901065857,-0.018153865496654112,-0.019270484670753624,-0.017940962855666556,-0.017281322357715664
115,0.5746231,-0.036187956896844176,-0.036347614457991825,-0.03596112244718756,-0.023192181097511255,-0.01458546574325395,-0.015720896752123154,-0.013224972351380024,-0.010460589721554461,-0.018536986875569372,-0.013055325714745075,-0.014582448481509927,-0.012127691643914307,-0.013192278101165772,-0.011903523575729227,-0.01120897918005434
116,0.5791457,-0.03023565435277742,-0.030405612373477595,-0.03002256741008856,-0.01730508028052126,-0.008506323592539028,-0.010113049474454308,-0.00737827602272377,-0.004638882467424027,-0.012383887508043409,-0.007218904128869094,-0.00859234322771503,-0.006122184041810558,-0.007135497382596556,-0.005887264406518933,-0.005159408216086528
117,0.58366835,-0.024283286002509077,-0.02446354459663938,-0.024082375553877336,-0.011421872356052992,-0.0024368285478144347,-0.00452468380609411,-0.001559498986923119,0.0011515514208657873,-0.0062445359433089265,-0.0014120982843614516,-0.002620719950210626,-0.0001376233532086324,-0.00110046031947994,0.00010752189616453078,0.0008670603106094021
118,0.588191,-0.01833091765224057,-0.018521476819801014,-0.01814086730997637,-0.005542601261673094,0.003622288343744867,0.0010444916766604306,0.004231457516830739,0.0069108456620027015,-0.00011944964623988863,0.004364694001035674,0.0033321221449795213,0.005825654537313374,0.004912460098554533,0.006080487549972424,0.006870041754584472
119,0.5927136,-0.012378615108173827,-0.012579474735286783,-0.012198310904999732,0.0003326904441625089,0.009670270998111657,0.006594787883775738,0.00999472753917191,0.012639173474735393,0.005990852782714912,0.010111125014912153,0.009265894150149584,0.011767325452904182,0.010902903227150512,0.01203129681035886,0.012849164530874146
120,0.5972362,-0.006426312564106917,-0.006637472650772386,-0.006254803660183134,0.006204091353458174,0.015706471536059224,0.012126656923250129,0.015730606681001957,0.018336872906696833,0.012085986327065756,0.0158270257128878,0.015180448180546563,0.01768720776261226,0.016870652674817743,0.01795975699950847,0.018804201734944376
121,0.60175884,-0.0004739573750787984,-0.0006954180123988629,-0.00031042567276501343,0.01207167810756582,0.021730202509739893,0.017640555813146247,0.02143941027351845,0.024004305651269542,0.01816555024956068,0.021512266779445233,0.021075632225538238,0.02358511693216256,0.022815489639092607,0.02386567281281468,0.024734924692255855
122,0.60628146,0.005478371491468709,0.005246610349045083,0.005634635111149394,0.017935398784883705,0.027740617521832073,0.023136837119507397,0.027121360573935327,0.02964174514253662,0.024229007795204233,0.027166648921997022,0.02695117374629194,0.02946074919143027,0.028737075693343384,0.029748729855598455,0.030640986089861183
123,0.610804,0.011430595068093602,0.011188533602770612,0.011580209278550968,0.0237952028422925,0.03373684531275753,0.028615871416895172,0.032776714098893295,0.03524950308355554,0.030275821596108476,0.032790032276638265,0.032806811239573797,0.035313813324063636,0.034635085685513434,0.03560862664799372,0.036522052648243125
124,0.61532664,0.01738295025712175,0.017130588241144135,0.01752645772941766,0.029651351767673084,0.03971830713160662,0.03407833623618098,0.038406059213955734,0.04082822419581597,0.036305773336343855,0.03838263414248658,0.03864260353228979,0.041144339632684906,0.04050951902561534,0.04144538391151634,0.04237811540358488
125,0.61984926,0.023335279123669117,0.023072616602587942,0.023473158844260295,0.03550371952617146,0.045684001630079046,0.0395245619857508,0.044009641311973546,0.04637821711236173,0.042318242370245174,0.043944360089566564,0.044458231377054375,0.04695198194732947,0.04635999637630597,0.04725864578656239,0.04820878847467941
126,0.6243719,0.029287634312697236,0.029014671240961465,0.029420310995979526,0.041352388476254526,0.05163311493846709,0.044955088376074676,0.04958793691946148,0.051900023494262315,0.048312820421505864,0.04947537643254263,0.05025359266930279,0.052736612532117755,0.05218635912100614,0.053048275424564084,0.054013906778935666
127,0.62889445,0.035239871050562505,0.034956607633151865,0.03536772319379902,0.04719724818923354,0.057564612494094974,0.05037029048577393,0.05514126888664006,0.057394036789313096,0.05428889950197632,0.0549757297770406,0.05602840383289223,0.0584979240226593,0.05798826837816218,0.05881395654301033,0.05979312640265169
128,0.63341707,0.04119219991711004,0.04089863599459581,0.04131556601300587,0.05303853833803365,0.0634777912589517,0.0557708815766374,0.06067032221671251,0.06286101254355603,0.060246227463486124,0.06044585927059512,0.06178273675790927,0.06423596519914423,0.06376574458910578,0.06455572962586517,0.06554646212542828
129,0.6379397,0.047144541944897755,0.04684067749450446,0.04726372612379587,0.058876215319259406,0.0693716376756984,0.061157325468742973,0.06617554111639934,0.06830147171404544,0.06618426007468103,0.06588600011407511,0.0675163926517657,0.0699505162379096,0.06951853835311642,0.07027336668879153,0.07127366067854948
130,0.6424623,0.05309684448896468,0.05278267957901889,0.05321212100098091,0.06471026262392035,0.07524514487057238,0.0665301242224691,0.07165742445043202,0.0737159930391032,0.07210247933708905,0.07129647710971407,0.073229209771971,0.0756413959033182,0.07524643985537458,0.07596667874438223,0.07697450905714426
131,0.6469849,0.05904914703303141,0.05872468166353309,0.05916076398331627,0.07054075518379802,0.08109737848045637,0.07188987643426875,0.07711658473248437,0.0791052710805315,0.0780004582748294,0.07667776284375238,0.0789211258773658,0.08130852366227634,0.08094934135950915,0.08163557792333931,0.08264889666200714
132,0.6515075,0.06500144957709833,0.06466668374804752,0.06510963216884952,0.07636773028364402,0.08692734819969172,0.07723715759522914,0.08255362569893124,0.08446999512902453,0.08387772972516955,0.08203035654659668,0.08459205153387778,0.08695179342540926,0.086627110116265,0.08727995115161852,0.08829668877835259
133,0.6560301,0.07095375212116506,0.07060868583256172,0.07105870539018194,0.08219122628486658,0.09273404911152253,0.0825725553084519,0.08796917816603092,0.08981088453584823,0.08973382588509216,0.08735481901374934,0.09024190829552314,0.0925711116232055,0.0922796267102784,0.09289969825330457,0.093917764761513
134,0.66055274,0.0769061073101932,0.07655074047093527,0.07700801843699409,0.08801133407401102,0.09851651521162474,0.08789671575921795,0.09336394688096203,0.09512873476549386,0.09556832991252995,0.0926518176543954,0.09587067846819847,0.0981664466731001,0.09790683481571369,0.09849478141637974,0.09951206749863284
135,0.6650754,0.08285848882170191,0.08249282138623831,0.08295752918325483,0.09382806832543264,0.10427369409580925,0.09321022530176876,0.0987385902212417,0.10042429866145916,0.10138074676666178,0.0979220069833403,0.10147828048661983,0.10373770507455582,0.10350861658353477,0.10406510128947097,0.10507947951057764
136,0.66959804,0.08881084401073006,0.08843487602461184,0.08890717092247158,0.09964141911478167,0.1100045024295899,0.09851365743121482,0.10409376796772807,0.10569833351977553,0.10717055588698302,0.1031660741424894,0.10706461969935752,0.10928478203747441,0.10908484362322252,0.10961054764197675,0.1106198737103263
137,0.67412066,0.09476317287727756,0.09437690438605578,0.09485693106837903,0.10545142903485225,0.11570790570566139,0.10380764252875269,0.10943021148928953,0.11095167007810966,0.11293728818295504,0.10838480555858784,0.1126296625898345,0.11480763519915119,0.11463545112215642,0.11513107306463577,0.11613318705277023
138,0.6786433,0.10071552806630554,0.10031895902442917,0.10080685096646208,0.11125819303500628,0.12138292110448418,0.1090928668188095,0.11474872200395006,0.11618521056619893,0.11868052513177152,0.11357908247051679,0.11817343589129622,0.1203062836190803,0.12016043679021665,0.12062669193685982,0.12161941941692922
139,0.68316585,0.10666776480417084,0.10626089541661957,0.10675677576475065,0.1170616145216559,0.1270283841376762,0.11436984986903945,0.1200499465488509,0.12139970815471451,0.12439965805694198,0.11874965943857563,0.1236957941380476,0.12578057728950648,0.12565962930132707,0.12609725008084977,0.12707840370487344
140,0.68768847,0.11262009367071832,0.11220292377806351,0.11270690682683077,0.1228619443825904,0.13264347870549842,0.11963943424585088,0.12533486980723652,0.12659625064838442,0.13009441999740518,0.12389764106828294,0.12919693312562752,0.13123070621759564,0.13113319973606807,0.13154293351842922,0.1325103135905618
141,0.6922111,0.11857243569850606,0.11814496527797219,0.11865715696406456,0.12865915210812684,0.13822713011482118,0.12490221293481196,0.13060423831833934,0.13177569391735644,0.13576426550017168,0.12902391674454988,0.13467679103690539,0.13665660668473895,0.13658106511268525,0.1369636751181469,0.13791507136846443
142,0.6967337,0.12452473824257299,0.12408696736248659,0.12460746607273221,0.1344532339311607,0.14377831252940587,0.13015880914633893,0.1358588417212082,0.13693893849854433,0.14140867565727322,0.13412943155522994,0.14013534275886697,0.1420582531883316,0.1420031817438267,0.14235944638224468,0.14329263926087993
143,0.7012563,0.13047704078663985,0.13002896944700099,0.1305578668333262,0.14024427674639833,0.14929611583734465,0.13540993348921426,0.14109956918792488,0.14208698481985593,0.14702721968586785,0.13921523683267872,0.14557265943552428,0.14743571725718502,0.1473996042308358,0.14773031617199167,0.14864307786417852
144,0.7057789,0.13642934333070666,0.13597097153151522,0.13650835306708298,0.14603232991374154,0.15477962947376256,0.1406562669550484,0.1463272918743207,0.1472208175033231,0.15261942968497255,0.14428237155450102,0.15098878732777637,0.15278904750930766,0.1527703650442312,0.1530763308816669,0.15396642668281368
145,0.7103015,0.14238164587477353,0.14191297361602961,0.14245891913842584,0.15181744370819206,0.16022798750607647,0.14589849518840192,0.15154289685751343,0.1523414385722247,0.1581848384595455,0.14933189096329086,0.15638378425352933,0.15811830574805047,0.15811551077857938,0.1583975505048329,0.1592627401030441
146,0.71482414,0.14833400106380168,0.1478550282544031,0.14840961252713697,0.1575997204325637,0.16564042496305237,0.15113735414233714,0.15674733203304403,0.1574499113547927,0.16372302851552645,0.15436490540808817,0.16175776703923572,0.16342361379674275,0.1634351491146236,0.1636940953900528,0.16453213390413607
147,0.7193467,0.15428625096290716,0.15379697778505824,0.15436027062442975,0.16337905876131226,0.17101604861989605,0.1563733978013549,0.1619413750949255,0.16254713358543021,0.1692333878992538,0.15938235242578486,0.16711067434612997,0.1687049194293841,0.16872921415813902,0.16896591257674842,0.16977455284955395
148,0.7238693,0.16023855350697408,0.15973897986957258,0.16031104699402998,0.16915566500561363,0.1763543241408052,0.16160746072296756,0.1671260922461993,0.1676342874443718,0.1747155989406956,0.1643854354381124,0.17244274104184776,0.17396246454078612,0.17399793581503847,0.17421324315964248,0.17499023555508908
149,0.72839195,0.16619092185724244,0.16568104764641084,0.1662619508174194,0.1749296056348631,0.18165466819303588,0.16684025199372687,0.1723024344147135,0.17271244306691497,0.18016920993390867,0.1693752286768888,0.17775408243779361,0.17919637471660604,0.1792414282666943,0.1794362125421719,0.18017930685960204
150,0.73291457,0.17214325072378994,0.17162307600785476,0.17221287316776307,0.18070083311238166,0.18691648778477,0.17207237790847918,0.17747126004850872,0.17778258084078846,0.18559366265976063,0.17435269521953106,0.18304472017049683,0.18440668510823982,0.18445971607541595,0.1846348563475213,0.18534180384802923
151,0.7374372,0.17809559275157766,0.17756511750776344,0.17816386329848588,0.1864694539331962,0.1921394381313341,0.17730458422579826,0.18263357414191067,0.1828458257126399,0.19098854530716802,0.179318912896271,0.18831482846490316,0.1895935830520738,0.1896529772279686,0.1898093625186787,0.19047791634280514
152,0.7419598,0.18404789529564447,0.18350711959227767,0.1841148654549748,0.1922354733297701,0.19732320229138206,0.18253752407304263,0.1877902982837557,0.18790322143697974,0.19635335212754446,0.18427484851460552,0.19356449969330858,0.19475717711518092,0.19482131179837703,0.19495984086463802,0.19558775800079192
153,0.74648243,0.1900002373234323,0.18944916109218646,0.19006595569951718,0.19799902481830772,0.20246771255322632,0.1877719655367054,0.192942474898867,0.19295593072683498,0.20168769797254188,0.18922155031888166,0.1987939538820896,0.19989770325735734,0.1999649483495975,0.200086528721738,0.2006715704232973
154,0.75100505,0.1959525661899797,0.19539118945363027,0.19601707872260077,0.20376011519416248,0.20757293593912435,0.1930085595683873,0.19809103800954714,0.19800501025845046,0.2069910812241591,0.19415992400765653,0.2040033065321208,0.2050152964556236,0.20508401535253246,0.20518956315844478,0.205729497158756
155,0.7555276,0.20190480292784496,0.2013331258458207,0.20196815308854799,0.20951872662693044,0.21263898331660963,0.1982479317547382,0.20323690341026607,0.20305149893843388,0.21226298038459324,0.19909081631931874,0.20919266242241735,0.21011008311947416,0.21017863376849993,0.21026907319368537,0.21076167531095114
156,0.76005024,0.2078571581168731,0.20727518048419424,0.20791938702909046,0.2152751220982972,0.2176663922414213,0.2034909598296889,0.20838124036625288,0.2080966841826652,0.21750313223179468,0.20401527218334048,0.21436238981012307,0.21518245010636383,0.2152491859647397,0.21532544796019892,0.21576850106218098
157,0.76457286,0.21380948698342062,0.21321720884563816,0.21387063365203146,0.22102922152804116,0.22265559610727603,0.20873820526229808,0.21352491294933168,0.2131415538680531,0.2227109616854172,0.208933997060879,0.219512558694684,0.22023249330531652,0.2202957643643626,0.2203587869628752,0.22075008512044447
158,0.7690955,0.2197618421724487,0.21915926348401166,0.21982194359274687,0.22678113648495446,0.22760741119994848,0.2139903992584956,0.21866895667946767,0.2181872636037781,0.22788607074339767,0.2138478115583583,0.22464342217462763,0.22526049013219707,0.22531864388459316,0.2253693711358925,0.22570671932078085
159,0.7736181,0.22571414471651546,0.22510126556852594,0.2257732360318837,0.23253085202805202,0.23252277797468118,0.21924815211080467,0.22381429289715543,0.223234856418559,0.23302794994449272,0.21875737669906858,0.22975513115237933,0.23026661968507572,0.23031800224008198,0.23035738390085214,0.23063860048047352
160,0.7781407,0.2316664472605824,0.23104326765304029,0.23172456186282253,0.23827848104895,0.23740299868928672,0.22451218480283286,0.22896195503524747,0.22828548453703124,0.23813620742805885,0.22366340915715532,0.2348479611746483,0.23525118502893555,0.23529414200266324,0.23532313268059868,0.2355460495244165
161,0.78266335,0.23761881561085074,0.23698533542987849,0.23767598525262373,0.24402414970613978,0.24224965647715552,0.22978322410411212,0.23411298515507406,0.23334030775719422,0.24321046478193653,0.2285665818488407,0.23992220949838405,0.2402145121917984,0.2402473896325526,0.24026694821224553,0.24042941177999583
162,0.78718597,0.24357114447739825,0.24292736379132246,0.24362739940364836,0.24976781962152472,0.24706448584809598,0.23506183854070983,0.23926827321912247,0.23840033553219936,0.24825020137231368,0.23346737139195367,0.24497803861972306,0.24515679721442563,0.24517794289904965,0.24518903222443028,0.24528890659870906
163,0.7917085,0.24952335489278293,0.24886927390658337,0.2495787239308387,0.2555094785405755,0.25184955462502495,0.2403486120821578,0.24442872642686347,0.24346659290844885,0.2532549249824956,0.2383662205608768,0.25001564560274875,0.25007827194936166,0.2500860364456384,0.2500896226294593,0.25012479066794374
164,0.79623115,0.25547572324305123,0.2548113416834215,0.2555302338393968,0.261249457502839,0.2566075444896206,0.24564443659267704,0.24959555379565723,0.2485403998633473,0.25822444505423126,0.24326380920354446,0.25503553856059763,0.2549794738392387,0.25497221065474907,0.25496926207346016,0.2549376227559212
165,0.8007538,0.26142809159331964,0.26075340946025977,0.26148176996012656,0.26698766914687605,0.26134113614513027,0.2509498095628337,0.2547695802040495,0.25362269767349843,0.2631582100994338,0.2481604053376219,0.260037868850101,0.2598605935954596,0.25983666115563325,0.2598281484068622,0.2597276228320584
166,0.8052764,0.26738039413738657,0.26669541154477416,0.26743326531310263,0.2727241156146226,0.26605345219907756,0.25626530055078894,0.2599517012292768,0.25871449520906115,0.26805575257834385,0.2530563000354711,0.26502287750938297,0.26472191149220325,0.26467967402417036,0.2646665691662824,0.26449510093432976
167,0.80979896,0.27333264403649205,0.2726373610754293,0.27338473194464546,0.27845887571127015,0.27074806215652175,0.26159153947629665,0.26514287098011896,0.26381685691561757,0.272916675712131,0.257951798641028,0.2699908828188981,0.269563784999528,0.2695016133325529,0.2694848892057989,0.26924044479486875
168,0.8143216,0.2792849992255202,0.27857941571380274,0.27933632672172015,0.28419216815171844,0.2754290491622778,0.2669292758062461,0.2703441590974549,0.26893095882416096,0.2777407044521288,0.26284727758372434,0.2749423337253498,0.27438670059812464,0.2743029726062702,0.274283602194531,0.27396417035484577
169,0.8188442,0.2852373017695871,0.2845214177983172,0.2852878907427585,0.2899239078451986,0.2801006626364511,0.27227896498643134,0.2755563472079822,0.2740576916347228,0.28252731219910715,0.2677428088037897,0.27987742648234853,0.27919090034315797,0.279084003044873,0.27906295904779843,0.2786665559811763
170,0.8233668,0.29118960431365387,0.2904634198828315,0.29123947571474607,0.29565421301799716,0.2847677455826137,0.2776412394389766,0.2807803873637676,0.27919811124078014,0.28727614938175283,0.2726385965073477,0.2847965432003985,0.2839768091377336,0.28384513895727287,0.28382339308581644,0.28334806107297306
171,0.8278894,0.29714190685772074,0.2964054219673458,0.29719108075862455,0.30138315162116774,0.28943553765313557,0.2830166722053423,0.28601717115031855,0.28435321160147886,0.29198682959763567,0.27753476493493956,0.2897000324066776,0.2887448209093513,0.28858678485195793,0.28856530726319557,0.2880091165537245
172,0.832412,0.3030942094017876,0.3023474240518602,0.3031427050438352,0.3071107920240565,0.2941097240264279,0.2884058235474965,0.2912675745515729,0.2895239687028435,0.29665897274108743,0.282431406353239,0.29458825279416706,0.29349534121746235,0.29330935785690293,0.2932891165621599,0.29265016660041937
173,0.8369346,0.3090465119458544,0.30828942613637444,0.3090943477850195,0.31283720299337475,0.298796439365447,0.2938092404037824,0.2965324568774626,0.2947113393629128,0.30129220531011386,0.28732858614069434,0.2994615731003318,0.29822878711615264,0.2980132875776383,0.2979952478519064,0.29727166849260883
174,0.84145725,0.3149988802961229,0.31423149391321276,0.31504607403818424,0.3185625169620025,0.3035023198766513,0.2992275158430121,0.3018127181753762,0.29991631770420496,0.30588621129268573,0.29222640236657565,0.30432042561910805,0.3029456390680135,0.3026990676539987,0.30268419148718884,0.3018741432341317
175,0.84597987,0.3209512091626702,0.3201735222746566,0.32099777782105277,0.32428670214801414,0.30823431121396727,0.304661072840721,0.30710908798742576,0.30513972678207857,0.31044054982198555,0.2971247965753638,0.30916511275760167,0.3076462531449814,0.3073670691991255,0.3073563146189452,0.30645799230221604
176,0.8505025,0.32690355119045816,0.32611556377456546,0.3269495111059162,0.3300098790192346,0.31299991827478835,0.3101104631963222,0.3124224161291887,0.3103825050759753,0.3149549096757008,0.30202383047510273,0.3139960755619798,0.3123311216980971,0.3120177997541707,0.3120121203206803,0.31102375199199184
177,0.8550251,0.33285585373452486,0.3320575658590796,0.33290122062049476,0.3357320671093679,0.31780697997325336,0.315576127080345,0.3177534378170731,0.3156454747819642,0.3194289073537853,0.30692347546533394,0.3188136790078279,0.31700066495261436,0.3166516962845443,0.31665204042616746,0.31557189010413944
178,0.85954773,0.33880819576231264,0.3379996073589883,0.33885298472399894,0.34145341276961516,0.3226638364634831,0.32105860963949423,0.3231029843989593,0.3209295496598965,0.32386226664707857,0.3118238138788568,0.32361840399153396,0.3216554171453055,0.3212693099354517,0.3212766204999571,0.32010298730029046
179,0.8640703,0.34476045882265854,0.3439415700281083,0.344804684406471,0.3471738728589965,0.3275790310617707,0.3265582579322005,0.3284716872063797,0.3262354424721083,0.32825457281937653,0.3167247744356012,0.3284105812207753,0.32629576863090604,0.3258710501423021,0.32588626359180695,0.32461748596344236
180,0.8685929,0.3507127613667254,0.34988357211262266,0.35075643756590097,0.35289363217648706,0.33256162652662835,0.33207562081666975,0.3338603673205101,0.33156404991965255,0.33260559578160054,0.3216264961315665,0.33319074144491856,0.33092230511913,0.3304575211259933,0.3304815672588786,0.3291160203579411
181,0.87311554,0.3566651165557535,0.3558256267509961,0.3567082568474059,0.3586127745320223,0.3376208776735616,0.3376111333266688,0.3392697271516197,0.3369161478893592,0.33691503568295456,0.3265290527860194,0.3379593391291969,0.33553553995630486,0.3350292563056371,0.33506305757898863,0.333599156007828
182,0.87763816,0.3626174454223009,0.36176765511243997,0.3626600628004896,0.3643312954321325,0.34276617812743504,0.34316512698954366,0.34470035984693215,0.3422924004108729,0.3411825363555598,0.3314324699635254,0.34271676385567107,0.3401359253130361,0.3395867295093383,0.33963120030760435,0.33806740075882014
183,0.8821608,0.36856980061132905,0.36770970975081346,0.3686119075987172,0.37004931702135163,0.34800718226118305,0.34873803780165585,0.3501529521429715,0.34769356031667786,0.34540784701850274,0.3363369152392574,0.3474635192061173,0.34472402517542333,0.34413052637253283,0.3441865726621607,0.34252137282326206
184,0.8866834,0.3745221031553959,0.37365171183532786,0.3745637118366655,0.3757668351715675,0.35335349616185446,0.35433016022454783,0.35562804339874426,0.35312023059539166,0.34959063398977724,0.3412424870947921,0.35220001218577723,0.34930031168735415,0.3486611425674285,0.3487296610842908,0.3469616029417776
185,0.891206,0.3804744056994629,0.3795937139198423,0.38051552773086417,0.3814839723224437,0.3588148161098938,0.359941893273828,0.3611262659738432,0.3585731024186511,0.3537306679638333,0.3461494372587278,0.35692676296100934,0.35386536784858713,0.35317918453210045,0.35326106248525996,0.3513887311279292
186,0.89572865,0.38642677404973114,0.38553578169668046,0.38646742067805795,0.3872008636570772,0.36440072295576237,0.36557363008702337,0.36664823696294435,0.36405284795308085,0.35782773861379435,0.35105807828833197,0.36164430983008944,0.35841979555866615,0.3576852783311519,0.3577813929171274,0.3558034172827978
187,0.9002512,0.3923790107875965,0.3914777180888709,0.39241919288944604,0.3929173916473485,0.3701202961366605,0.371225494942901,0.372194299737833,0.36955986361307336,0.36188146731703796,0.3559685602858664,0.36635299054252934,0.36296400457007755,0.3621798609201974,0.36229107812958433,0.3602061367205335
188,0.90477383,0.39833135281538423,0.3974197595887796,0.39837108088044604,0.3986338559650532,0.3759826447072041,0.3768980043839735,0.37776517214729943,0.37509491347707646,0.3658917846376203,0.3608814505663504,0.3710534943191658,0.36749874526940374,0.3666637071586195,0.3667908823186195,0.3645976964230833
189,0.90929645,0.40428368168193174,0.4033617879502235,0.4043229658572882,0.40435021504907,0.38199600619272667,0.3825913177818637,0.38336121092611175,0.38065839892399067,0.3698583915619702,0.36579708607367656,0.3757462366800318,0.3720245052547758,0.371137332916596,0.37128130926404795,0.3689786503062972
190,0.9138191,0.4102360500322001,0.40930385572706174,0.41027490012473644,0.4100665916861589,0.3881680939654908,0.38830573719275363,0.38898290193768414,0.38625084540573784,0.37378111803112335,0.3707160110265435,0.3804317756389465,0.3765419109452367,0.3756013922702395,0.37576300087517156,0.3733496882732543
191,0.9183417,0.41618835257626696,0.4152458578115762,0.41622677807885144,0.4157829569954773,0.3945055916297624,0.39404139249442616,0.3946305504077341,0.39187259444640477,0.3776597039487334,0.37563870790367326,0.3851105520177549,0.3810514770859914,0.3800564298673147,0.3802364886393558,0.3777113936838903
192,0.9228643,0.42214065512033383,0.4211878598960904,0.4221786652132634,0.42149944639210635,0.40101430940587157,0.3997985571556131,0.40030459132135343,0.39752411239715224,0.3814940162869248,0.38056587150148236,0.3897831482064682,0.3855538561802778,0.38450312739072123,0.3847024410710379,0.3820644846604604
193,0.92738694,0.42809301030936187,0.4271299145344639,0.42813061387482276,0.42721618261809857,0.4076988025340206,0.4055774719037254,0.40600541588374917,0.40320581788327137,0.38528392661137234,0.3854982583460974,0.39445014270370904,0.3900496981715321,0.38894216483849275,0.3891615244806599,0.3864096782236275
194,0.93190956,0.4340453391759094,0.4330719428959078,0.43408254481944897,0.4329331619541311,0.4145620253644742,0.41137822866448703,0.4117332565836891,0.4089179670767048,0.3890292380063991,0.3904365892289343,0.39911201729674695,0.39453956104301,0.39337413228799467,0.39361431431349647,0.390747603921588
195,0.9364321,0.4399975627525343,0.43901386614963345,0.4400343788144274,0.43865038058257566,0.4216052561808884,0.4172008969613201,0.41748831136198583,0.4146607772229085,0.3927297718915146,0.3953816580935601,0.403769260302567,0.3990240102900722,0.3977996281574795,0.39806139381898287,0.3950789000115801
196,0.94095474,0.44594991794156247,0.44495592078800694,0.4459863524875638,0.44436813798863506,0.4288282680062028,0.4230458345141217,0.4232710508461667,0.42043473347588545,0.3963855614066998,0.4003345944683747,0.4084226131188481,0.4035038562065655,0.4022194932642863,0.40250358932260755,0.39940444249024676
197,0.94547737,0.4519022599693502,0.45089796228791557,0.45193832082629126,0.45008636692523585,0.4362282802184736,0.42891300414843947,0.42908154286613476,0.4262399147355369,0.39999641955197407,0.40529628257792016,0.4130725243573615,0.4079796282612864,0.40663429212551294,0.40694144898315865,0.4037248374239504
198,0.95,0.4578546019971379,0.4568400037878242,0.45789029675264215,0.45580515169491587,0.44380038191107096,0.43480250148490074,0.43491997384172243,0.43207651390030244,0.40356227540510925,0.4102678076999319,0.41771957184082187,0.4124519814007428,0.41104471390433894,0.4113756457010419,0.40804081334001685
