,x,eq_complex_1,eq_complex_3,eq_complex_5,eq_complex_6,eq_complex_7,eq_complex_8,eq_complex_11,eq_complex_12,eq_complex_14,eq_complex_15,eq_complex_16,eq_complex_17,eq_complex_18,eq_complex_19,eq_complex_20,eq_complex_21,eq_complex_23,eq_complex_24,eq_complex_25,eq_complex_26,eq_complex_27,eq_complex_28
0,0.054522615,0.48359721307127185,0.5029466889579204,0.5029460471244719,0.3443723754575506,0.3577582837729317,0.37221148801246,0.3588238411338111,0.35756921060701446,0.3632719265971627,0.36173382081418415,0.3607292532215908,0.352697489318877,0.3402263860260519,0.34458182213648214,0.3445786068704619,0.3445776191180898,0.34995112140745344,0.35017658428657666,0.3503890530710394,0.350597764952446,0.3517902731213903,0.3481550854748701
1,0.059045225,0.48689304547740675,0.506048054398347,0.5060474173108971,0.35092122909080387,0.3634935118140197,0.37837007685896334,0.3662270544189279,0.3643716977050916,0.37034508497020735,0.3687892795446865,0.3677831495544809,0.3598684814447241,0.3485020162729381,0.35277614216487885,0.35277056359658315,0.3527688523930728,0.35744049120962756,0.3576634692376483,0.3578735773222705,0.3580799699295336,0.3592488915187101,0.3559746243744846
2,0.06356784,0.49018888152726986,0.5091494232675076,0.5091487909260616,0.3574788509258089,0.36927226069635993,0.38453691138517443,0.3735868236189043,0.37117245596327014,0.377416805808382,0.3758441347740241,0.37483721637470335,0.3670319905642429,0.3567194299701929,0.3609157326860461,0.36090688002002697,0.3609041693313268,0.36490509624156786,0.365125493926944,0.36533314776008957,0.3655371291927407,0.36668257058811454,0.3637515037265334
3,0.068090454,0.4934847168483874,0.5122507914509213,0.5122501638554783,0.36404423387034274,0.37509329692097537,0.3907110445143559,0.3809031389121375,0.3779704683050407,0.3844843291975886,0.38289561166324426,0.38188865291760765,0.37418731067265076,0.36487849664190725,0.3690003307239332,0.3689871655536521,0.3689831426649232,0.37234413752349144,0.37256186352218085,0.37276697362949984,0.3729684559936092,0.37409052840404244,0.37148544259040717
4,0.07261306,0.49678054633953955,0.5153521541483606,0.5153515312989119,0.37061636696242156,0.38095531813458494,0.3968915255306198,0.3881759891043044,0.3847647170080352,0.39154499224704264,0.38994103193902274,0.3889347550762725,0.3813336971643009,0.37297909062194146,0.37702967991523045,0.37701104526430246,0.37700536434586146,0.3797568152917035,0.3799717824123124,0.38017426340160027,0.3803731628145231,0.38147198230959156,0.37917615799556614
5,0.07713568,0.500076386033131,0.5184535264462553,0.5184529083428158,0.3771942793344128,0.386856994508226,0.403077441423093,0.3954054094873662,0.39155422905051895,0.39859627522981694,0.3969778599792309,0.3959729615377964,0.3884704156827467,0.38102114429183953,0.38500358332543216,0.3849782128944392,0.3849704986892529,0.3871423784642114,0.3873545036512951,0.3875542741964228,0.3877505107709782,0.38882619816213027,0.3868234154276733
6,0.08165829,0.5033722184392659,0.5215548918866818,0.5215542785292411,0.3837769314756206,0.39279687344170217,0.40926781462847406,0.40259136163961073,0.39833796379035313,0.40563568379387904,0.4040035853071774,0.40300073629713606,0.39559662520914274,0.38900451431435457,0.3929217708557192,0.3928882985914974,0.392878150243108,0.39450000249185285,0.39470920685297284,0.3949061897194447,0.39509968758898917,0.3961523686916926,0.39442690157647686
7,0.0861809,0.5066680508454007,0.5246562573271083,0.5246556487156662,0.3903633318592229,0.3987734861461843,0.41546171270784055,0.40973386159410424,0.40511493340464383,0.4126608728447135,0.41101584625007603,0.41001569237069946,0.4027115058654196,0.39692912429324745,0.40078404069759704,0.40074101044004984,0.4007280053701347,0.4018289207058496,0.4020351294860959,0.40222925150643324,0.4024199388006351,0.4034497442829721,0.40198635979963265
8,0.09070352,0.5099638905389922,0.527757629625003,0.5277570257595701,0.39695248784424086,0.4047853062935178,0.4216582021745082,0.4168329249996017,0.41188415208141715,0.41966959234609347,0.4180123758926371,0.4170155377801022,0.4098142066201357,0.4047949036669392,0.40859019879132796,0.4085360741105415,0.4085197719635607,0.40912836899593835,0.4093315115701395,0.40952270363602183,0.4097105124730968,0.4107175778760979,0.4095015320665632
9,0.09522613,0.513259722945127,0.5308589950654297,0.5308583959459954,0.40354336223854465,0.41083071251227243,0.4278563076455722,0.4238885204625152,0.4186445914908386,0.42665963981882693,0.42499095468359827,0.4239980281613484,0.4169037997566868,0.4126017361290229,0.4163400076330228,0.4162731818776837,0.4162531285215377,0.41639753819702385,0.4165975480801979,0.4167857451519736,0.41697061164798005,0.41795507755182054,0.4169721095023607
10,0.099748746,0.5165555597237359,0.533960364620337,0.5339597702469077,0.4101349697716499,0.41690807910517724,0.43405510256561425,0.4309006730016373,0.42539527984794756,0.43362896130297673,0.4319495112557398,0.43096106766425657,0.4239793859390643,0.4203495742306697,0.42403330003444406,0.4239521063037486,0.4239278377844881,0.423635681031049,0.423832495841032,0.42401763691144184,0.4241995011445918,0.42516151299966487,0.4243978418946054
11,0.10427135,0.5198513877573967,0.5370617259462827,0.5370611363188456,0.4167262754050884,0.4230156855321325,0.4402536135770481,0.4378693547950889,0.43213519758282903,0.44057554181297565,0.43888601309163394,0.437902599585636,0.4310399859207653,0.4280383184917231,0.4316698591390674,0.43157258050815683,0.4315436270401602,0.4308420000877956,0.431035561553369,0.431217589654688,0.4313963956723098,0.43233610397640587,0.43177842202948286
12,0.10879397,0.5231472274509882,0.5401630982441774,0.5401625133627496,0.4233163112259215,0.4291518272028821,0.44645093044761613,0.44479460892919326,0.43886339697390614,0.4474975269935576,0.4457985880244711,0.4448207279778446,0.43808466702518667,0.43566795406437014,0.4392495541526533,0.43913443365750393,0.4391003234885107,0.4380157761525574,0.4382060300618443,0.43838489221580657,0.4385605879850943,0.4394781480606225,0.4391136167793132
13,0.11331658,0.526443059857123,0.5432644636846039,0.5432638835491748,0.4299040310239246,0.4353146835247938,0.452646069313732,0.4516763955050247,0.44557885347936793,0.4543930681046567,0.4526853694727343,0.4517135627932153,0.4451123885219721,0.4432383809915295,0.44677217176283224,0.4466374227420949,0.4465976860521607,0.4451562095226074,0.4453431057407465,0.44551875297468574,0.4456912903984982,0.4465868626582929,0.4464031041756305
14,0.11783919,0.5297388922632579,0.5463658291250304,0.5463652537355999,0.43648844175571705,0.44150244303635733,0.45883809631029043,0.45851472988310493,0.4522806000478068,0.461260458402916,0.45954463265647194,0.4585793562270165,0.4521221433853042,0.45074956662633964,0.4542375675586771,0.45408138361943146,0.45403555622681363,0.45226256359555245,0.45244605601420196,0.4526184433118773,0.45278777818036836,0.45366152794729375,0.45364661992277916
15,0.12236181,0.5330347319568494,0.5494672014229252,0.5494666307795038,0.4430685513615315,0.44771325825710606,0.46502607849718314,0.46530962703964496,0.45896767370306574,0.46809807603111775,0.4663747375967814,0.46541644569810936,0.45911290340864463,0.4582014841926685,0.46164560502879776,0.46146617006292895,0.46141379704813307,0.45933410786390266,0.4595141543736189,0.45968324064784893,0.4598493326115228,0.4607014301123996,0.4608438985803298
16,0.12688442,0.5363305643629841,0.5525685668633517,0.552568000965929,0.4496433254582557,0.45394520770094793,0.47120904313312506,0.4720610569261453,0.46563907162239937,0.47490433719383995,0.473174082361392,0.472223207061314,0.46608357440425774,0.4655940639408592,0.4689961070028208,0.46879160527470176,0.468732244514323,0.4663700718429038,0.4665466343259536,0.46671238241076174,0.46687519497269353,0.46770581547025136,0.46799462642337253
17,0.13140704,0.5396264040565757,0.5556699391612464,0.555669378009833,0.4562117894623127,0.4601963956399994,0.4773860737127426,0.47876904939894965,0.4722938548479939,0.48167780000819543,0.47994120682767094,0.4789981584970955,0.47303310567904466,0.4729273081539443,0.47628897000241033,0.4760575957355864,0.47599082117474323,0.47336975481654187,0.47354279908329344,0.4737051756719304,0.4738646761268161,0.47467399971351426,0.47509855275380447
18,0.13592964,0.5429222291752538,0.5587712977442048,0.5587707413387792,0.4627728981081544,0.46646483157723767,0.48355618726083,0.48543356010589267,0.4789310159283129,0.48841702740307036,0.4866746557407234,0.4857398234347128,0.4799603528323865,0.48020114435677186,0.48352401829326236,0.4832639856050982,0.48318939049547427,0.4803323865188247,0.48050188231073476,0.4806608579574398,0.480817017393263,0.4816052292074468,0.4821553480604702
19,0.14045227,0.5462180761563019,0.5618726768995677,0.561872125240162,0.4693257244259234,0.47274861379565297,0.48971851204829636,0.4920546625829389,0.4855496701955086,0.4951207793273127,0.49337317077148446,0.49244692285450314,0.48686427851054154,0.48741563511171926,0.4907012125577586,0.49041076440296766,0.49032796412950885,0.48725732819140033,0.4874232490795658,0.48757879810117494,0.4877315913024829,0.48849888113151185,0.48916480765442694
20,0.14497487,0.5495139012749801,0.5649740354825259,0.5649734885691085,0.47586918455586724,0.4790456694087007,0.49587202880567016,0.49863226899045776,0.4921487775411898,0.501787728284424,0.5000354063073762,0.49911809073905805,0.49374366316140145,0.49457067340985644,0.49782034690399973,0.4974977650337859,0.4974064000698483,0.49414378118178004,0.49430610461212005,0.49445820513014394,0.49460761061931974,0.4953541733824221,0.49612655623993585
21,0.14949748,0.552809733681115,0.5680754009229524,0.5680748587555335,0.4824023423602145,0.48535404967676377,0.5020158571822882,0.5051664377921248,0.49872745012809067,0.508416768815302,0.5066602387096859,0.5057521837371505,0.500597427104108,0.5016663179775287,0.5048813824428708,0.504524995717776,0.5044247339827158,0.500991109160047,0.501149816329842,0.5012984501508326,0.5014444500705063,0.5021704853251467,0.5030403739164075
22,0.1540201,0.5561055733747065,0.5711767732208473,0.5711762357994375,0.4889242068517114,0.4916717391414401,0.5081490652466416,0.5116571686997073,0.5052847477442257,0.5150068078786227,0.5132465568769398,0.5123480714707358,0.5074244181302043,0.5087025698019626,0.5118842249809288,0.511492418352193,0.5113829575927871,0.5077986241220328,0.5079536999643096,0.508098852563535,0.5082414326604819,0.5089471447528611,0.5099059793834102
23,0.15854271,0.5594014057808413,0.5742781386612736,0.5742776059858626,0.4954337617331052,0.4979966867839529,0.5142706972655172,0.5181044330097945,0.5118197078639851,0.5215567933915779,0.5197932907692059,0.5189046650968447,0.5142234440507236,0.5156794054628091,0.5188287581661033,0.5183999812684166,0.5182810511733387,0.514565618421579,0.514717051571338,0.5148587120589928,0.5149978616508765,0.5156834597650397,0.5167230624223866
24,0.16306531,0.5626972308995196,0.577379497244232,0.5773789693148091,0.5019300233983138,0.504326865543748,0.5203798282487131,0.5245082310106197,0.5183314039452676,0.5280657704771341,0.5262994676406354,0.525420973631296,0.5209933344870936,0.5225968393442137,0.5257149054150356,0.5252476805271986,0.5251190445141329,0.5212914254341787,0.5214392081596941,0.5215773692135619,0.5217130811227206,0.5223787791458769,0.5234913449611532
25,0.16758794,0.5659930778805676,0.5804808763995949,0.5804803532161917,0.5084120695827485,0.5106603040427833,0.5264755908920061,0.5308686190521485,0.524818973843856,0.5345329070020985,0.5327642375950867,0.5318961295620226,0.5277329713734845,0.5294549524967884,0.5325426586746338,0.5320355881276715,0.5318970448301212,0.5279754485536137,0.5281195766686404,0.5282542344483925,0.5283865049175905,0.5290325212196253,0.5302106099607645
26,0.17211054,0.5692889029992458,0.5835822349825532,0.5835817165451382,0.5148788390306984,0.5169948940334671,0.5325569871829274,0.5371855127535495,0.5312814193139038,0.5409572913853544,0.539186671482454,0.5383291864270481,0.5344410817912962,0.5362536804495728,0.5393118671786772,0.5387636416405169,0.5386150264484495,0.5346169547972159,0.5347574276836896,0.5348885818510436,0.5350174105632132,0.5356439683811122,0.5368804938997229
27,0.17663316,0.5725847426928373,0.586683607280448,0.5866830935890421,0.5213294326839971,0.5233286879439523,0.53862317164074,0.5434589820959099,0.5377179073798422,0.5473382305554342,0.5455660587635561,0.5447194171656105,0.5411165521465048,0.5429931313005152,0.5460225541396047,0.545431958662925,0.5452731445478904,0.5412153853430459,0.5413522058014704,0.5414798593751144,0.5416052493107815,0.5422125762165697,0.5435007988894605
28,0.18115577,0.5758805750989722,0.5897849727208745,0.5897844637754672,0.5277628420599199,0.5296596362016794,0.5446731958810689,0.549688985321164,0.5441274987116961,0.5536749772609608,0.551901634923746,0.5510660410913701,0.5477581472743818,0.5496732990815173,0.5526746313748667,0.5520405527530265,0.5518714512589598,0.5477700762212322,0.5479032504719825,0.5480274098271005,0.548149367263862,0.5487376954498406,0.5500712120586169
29,0.1856784,0.5791764220800202,0.5928863518762375,0.5928858476768499,0.5341781493845469,0.5359857865901827,0.5507061968227487,0.5558755636109107,0.5505093474104283,0.5599669259667772,0.5581927773294499,0.5573684200825981,0.5543647188587343,0.5562942730085128,0.5592681076619017,0.5585895400743556,0.5584101017429834,0.5542804634302059,0.5544100009992666,0.554530675756244,0.5546492101593848,0.5552187761218741,0.5565915114540368
30,0.190201,0.5824722471986985,0.5959877104591957,0.5959872110057963,0.5405743289599336,0.5423050916137888,0.5567212098920882,0.5620186487134629,0.5568625031952396,0.5662134151176884,0.5644388075369354,0.5636258605471067,0.5609350017112884,0.5628560313150561,0.5658028834415001,0.5650789350239922,0.5648891498903373,0.5607458809228064,0.5608717946376944,0.5609889976563559,0.5611041216731343,0.561655166477886,0.5630613636471785
31,0.1947236,0.5857680723173767,0.599089069042154,0.5990885743347428,0.5469504744161902,0.5486156354509675,0.562717382732353,0.5681182818104191,0.5631861374488555,0.572413947650377,0.5706392117873145,0.569837834313798,0.5674678489720775,0.5693586754529922,0.5722789840499158,0.5715088814470941,0.5713087789268585,0.5671657913040227,0.5672880971586036,0.567401844406771,0.5675135737372483,0.5680463426174229,0.5694805548549947
32,0.19924621,0.5890639047235116,0.6021904344825806,0.6021899445211679,0.553305656927896,0.5549154970137667,0.5686938418694681,0.5741744762446687,0.5694794020452713,0.5785680492888563,0.5767934993342114,0.5760038367117629,0.5739620871030703,0.5758022830069099,0.5786964132493166,0.5778795066874223,0.5776691554581512,0.5735396417377412,0.5736583588352555,0.5737686693322008,0.5738770226736462,0.5743917650417657,0.5758488466651878
33,0.20376883,0.592359744417103,0.6052918067804752,0.6052913215650719,0.5596389399138693,0.561202766934416,0.5746497065357835,0.5801872317279784,0.5757414440676587,0.5846752809465693,0.5829012148497794,0.5821233989963548,0.580416532436207,0.5821869230162466,0.5850551684851018,0.5841909362919964,0.5839704439250302,0.5798668792364857,0.5799820297220684,0.580088925471844,0.5801939244531963,0.5806908938651759,0.5821659915287581
34,0.20829144,0.5956555768232379,0.6083931722209018,0.6083926917514971,0.5659493656338487,0.5674755366488115,0.5805840760655003,0.586156521670648,0.5819713926710804,0.5907352238518432,0.5889619235540586,0.5881960734471242,0.5868299789963698,0.5885126426664429,0.5913552276319766,0.5904432803946311,0.590212792791072,0.5861469376801327,0.5862585466786409,0.5863620526084293,0.5864637217296934,0.5869431758810749,0.5884317199963494
35,0.21281406,0.5989514165168293,0.6114945445187965,0.611494068795401,0.5722360392502444,0.5737319843425623,0.5864961089469418,0.5920823724702222,0.5881684420697577,0.5967475580252867,0.5949752897106186,0.5942215120180618,0.5932012852289029,0.594779551298338,0.5975966326643329,0.5966367162707589,0.5963964167582354,0.5923793215675692,0.5924874170721464,0.5925875609234061,0.5926859274486829,0.5931481279345164,0.5946458244318742
36,0.21733667,0.6022472489229642,0.6145959099592231,0.6145954389818261,0.5784980174956061,0.579970266554887,0.5923849181246444,0.5979647579213119,0.5943317415998022,0.6027119530837309,0.6009409674249901,0.6001993569198603,0.5995292621232807,0.6009877084688638,0.6037793781721004,0.6027713772078485,0.6025214856197922,0.5985634952488876,0.5986681080700188,0.5987649203474817,0.5988600142548295,0.5993052266360512,0.6008080486544827
37,0.22185928,0.605543081329099,0.6176972753996496,0.6176968091682513,0.5847344063870931,0.5861886175052633,0.5982496628907432,0.6038036911746505,0.6004604920688958,0.6086281595771841,0.6068586920033188,0.6061293321595929,0.6058127736338287,0.6071372212285696,0.6099035082424502,0.6088474481538524,0.6085882195749642,0.6046989799528046,0.6048001436107857,0.6048936574772588,0.6049855113553204,0.6054140049534398,0.6069181848763869
38,0.2263819,0.6088389210226905,0.6207986476975443,0.6207981862121552,0.5909443195482468,0.592385309649747,0.6040895096904704,0.6095991849966602,0.6065539045543581,0.6144959666690475,0.612728237634655,0.6120112011379747,0.6120506955654549,0.6132282019204472,0.6159690744272196,0.614865123508102,0.614596846920208,0.6107853122482859,0.6108830628873589,0.6109733140792246,0.6110619630441909,0.6114740108500047,0.612976032433237
39,0.2309045,0.6121347461413688,0.6239000062805027,0.6238995495411017,0.5971268239074102,0.5985586012560196,0.609903581056559,0.6153512010880744,0.6126111472201594,0.6203151489472323,0.6185493641896465,0.6178447133317385,0.6182418626070194,0.619260715036789,0.6219760828230115,0.6208245541274389,0.6205475509789011,0.6168219911373927,0.6169163674677093,0.6170033942369717,0.617088875875623,0.6174847545967825,0.618981345361596
40,0.23542711,0.6154305785475036,0.6270013717209291,0.6270009197275268,0.6032810769791758,0.6047068751156559,0.6156910847096992,0.6210597777481596,0.6186314798944339,0.6260855937271432,0.6243219445696739,0.623629731909216,0.6243852073657689,0.6252349111998484,0.627924627486839,0.6267259791900919,0.6264406016306573,0.6228086123432315,0.6228996555059594,0.6229834984887912,0.6230658527293442,0.623445842474436,0.6249339662199257
41,0.23994973,0.618726418241095,0.6301027440188238,0.6301022967714307,0.6094062036368785,0.6108285170759515,0.6214511976745096,0.6267249146886829,0.6246141331592041,0.6318071825677163,0.6300458461922469,0.6293661149629645,0.630479638005075,0.6311509060939826,0.6338147698705796,0.6325696060901236,0.6322762352625249,0.62874474759608,0.6288325010946059,0.6289132032430407,0.6289924722880266,0.6293568565742675,0.6308337061541899
42,0.24447234,0.6220222506472299,0.6332041094592503,0.6332036669578559,0.6155013107754841,0.6169219319661814,0.6271830800686216,0.6323465868571883,0.630558322923348,0.6374798035359679,0.6357209432593837,0.6350537277966626,0.6365240547999595,0.6370087952319791,0.6396465535313214,0.6383556245392756,0.6380546687353013,0.6346299594879625,0.6347144691089361,0.6347920756127814,0.6348683038623195,0.6352173695776796,0.6366803599503946
43,0.24899496,0.6253180903408213,0.6363054817571451,0.6363050440017598,0.6215655685125686,0.6229856259786426,0.6328859514646612,0.637924819113976,0.6364633296059691,0.6431034247629704,0.6413471903499923,0.6406925166755775,0.6425174320968569,0.6428087317407235,0.6454200815673476,0.644084282906947,0.6437761755303407,0.6404638798819402,0.6405451935716141,0.6406197517376642,0.6406929856707972,0.6410270228296773,0.6424737841372116
44,0.25351757,0.6286139227469562,0.6394068471975716,0.639406414188185,0.6275981026436837,0.6290181001984771,0.6385589897545061,0.6434595867909014,0.6423283932262117,0.6486779923256807,0.6469245202613535,0.6462824064384467,0.6484587130612194,0.648550822682008,0.65113541339615,0.6497557853264493,0.6494409829140486,0.6462461060138965,0.6463242738103718,0.6463958329949401,0.6464661211033442,0.6467854228707564,0.6482137939679602
45,0.2580402,0.6319097697280042,0.6425082263529346,0.6425077980895676,0.6335981153928568,0.6350179722116767,0.6442014447039199,0.6489509264578315,0.6481528309061295,0.6542035401440021,0.6524529539618625,0.6518234106911927,0.6543469303016243,0.6542352440933057,0.6567926792612874,0.6553704048444345,0.6550493848877763,0.6519763164817092,0.6520513903825318,0.6521200018622962,0.652187394523403,0.6524922569394406,0.6539002787943154
46,0.26256278,0.6352055802717693,0.6456095712209564,0.6456091477035566,0.6395646865078062,0.6409837779286767,0.6498124509010674,0.6543987535536985,0.6539358437062084,0.6596800047405644,0.6579324152584893,0.65731544604881,0.6601810119649041,0.6598620520713466,0.6623918922089507,0.6609282963516938,0.6606015552823703,0.6576540810839199,0.6577261150152767,0.6577918319549048,0.6578563814000888,0.6581471035826923,0.6595330135336033
47,0.26708543,0.6385014418277305,0.6487109640912558,0.6487105453198967,0.6454971565707123,0.6469143553948465,0.65539138822471,0.659803212340338,0.6596768882465345,0.6651075754426562,0.6633630811910737,0.6627586833266561,0.6659601582476721,0.6654315443444515,0.6679333078892467,0.6664298532646906,0.666097904036453,0.6632792257943227,0.6633482753834047,0.66341115261571,0.6634729127143353,0.6637497961490567,0.665112020962407
48,0.27160805,0.641797281521322,0.6518123363891506,0.6518119223638006,0.6513945869136188,0.6528083051853328,0.6609373739447806,0.6651641827436701,0.6653751533555967,0.670486197087427,0.668744884465942,0.6681530488249149,0.6716833150665878,0.6709437510532787,0.6734169178390343,0.6718752040869242,0.6715385742528924,0.6688513190518223,0.6689174416727881,0.6689775357393424,0.6690365620386484,0.6692999111433818,0.6706370622809255
49,0.27613065,0.6450931066400002,0.6549136949721088,0.6549132856927471,0.6572561948349687,0.6586644257925907,0.6664496720031307,0.6704816773379627,0.6710299817563965,0.6758159674334543,0.6740779110889377,0.6734986228697263,0.6773496007467419,0.6763988445541567,0.6788428572584235,0.6772646167544494,0.676923846131972,0.6743700855405098,0.674433340138309,0.6744907091185418,0.6745470586757703,0.6747971803355358,0.6761080477534605
50,0.28065327,0.6483889463335917,0.6580150672700036,0.658014662736651,0.6630812468110026,0.6644816068457149,0.6719275925887651,0.6757557431536372,0.6766407661641122,0.6810970366799424,0.6793622998359058,0.6787955390510455,0.682958202071543,0.6817970374165209,0.6842113034644345,0.682598397474218,0.6822540359462127,0.6798353036277301,0.6798957505972969,0.6799504539903809,0.6800041852567565,0.6802413886198209,0.6815249350617463
51,0.2851759,0.6516847933146397,0.6611164464253666,0.6611160466380336,0.6688689554238887,0.6702587260640401,0.677370395208317,0.6809863680968156,0.6822068499205418,0.6863295122159964,0.6845981469438511,0.6840438886820304,0.6885082762574931,0.6871384864936635,0.689522380472808,0.6878767955343574,0.6875294009439489,0.6852467084146179,0.6853044095294437,0.6853565081830604,0.6854076809338208,0.6856322774369805,0.6868876333533078
52,0.28969848,0.6549806038584047,0.6642177912933884,0.6642173962520226,0.6746184816592211,0.6759946514690591,0.6827772908466314,0.6861734833512663,0.687727529659056,0.6915134598321789,0.6897855073198964,0.6892437219993981,0.6939989557624702,0.692423295989108,0.6947761620882954,0.6931000058986142,0.6927501419509026,0.6906039947837692,0.6906590131204309,0.6907085691555606,0.6907572444160842,0.6909695477913983,0.6921960064359161
53,0.2942211,0.6582764435519962,0.6673191635912832,0.6673187732959265,0.6803291889950362,0.6816884944654933,0.6881476809138964,0.6913171922854544,0.6932022991498106,0.6966491309930567,0.6949246219655406,0.6943952761290005,0.6994295920089896,0.6976517504612312,0.6999729035195525,0.6982683991192591,0.6979166332292638,0.6959070537777281,0.6959594535219119,0.6960065301453261,0.6960527700069581,0.6962530957470564,0.6974501070962431
54,0.29874372,0.6615722832455877,0.6704205358891779,0.6704201503398304,0.6860002872378628,0.6873392539598754,0.693480822306514,0.6964174488297357,0.6986305071847386,0.701736639961471,0.7000155948897779,0.6994986512162078,0.7047994162954923,0.702823986934374,0.7051127153918666,0.7033821969141385,0.7030290982737634,0.7011556403616936,0.7012054867806043,0.7012501482550701,0.7012940158458626,0.70148268143278,0.7026498479841432
55,0.30326632,0.6648681083642659,0.6735218944721362,0.6735215136687769,0.6916310245294869,0.692946007349366,0.6987760079716363,0.7014742307179103,0.7040115421459098,0.7067761357117496,0.7050585651344163,0.7045539828557053,0.7101077250527092,0.7079401716589275,0.710195739485158,0.7084416464921475,0.7080877841090836,0.7063495526363405,0.7063969119600269,0.7064392234881149,0.7064807828587071,0.70665810757533,0.7077951792783028
56,0.30778894,0.6681639480578574,0.6766232667700309,0.6766228907126808,0.6972207359719627,0.6985079580203335,0.7040326126344744,0.706487582674534,0.7093448781330312,0.711767843482414,0.710053748357667,0.7095614837728621,0.7153539260749003,0.7130005432937597,0.7152221915851024,0.7134470629613034,0.7130930037896052,0.7114886758576058,0.7115336151403875,0.7115736427295721,0.7116129587206956,0.7117792633723663,0.7128861323388624
57,0.31231153,0.6714597658890791,0.679724618495521,0.6797242471841485,0.7027686577775824,0.7040242494373223,0.7092499180235994,0.7114574494184169,0.7146298974618503,0.716711897150141,0.7150012690920978,0.7145212756621557,0.7205373648740783,0.7180052440642173,0.7201921937400705,0.7183986620276767,0.7180449692004727,0.7165728110732336,0.7166153981364073,0.7166532085409221,0.7166903467263013,0.7168459537326239,0.717922649989298
58,0.31683415,0.6747556055826704,0.6828259907934157,0.6828256242280524,0.7082741741970224,0.7094942097588209,0.7144273450839383,0.7163838968834609,0.7198661261416994,0.7216085582177947,0.7199013798851003,0.7194336088614826,0.7256575572974866,0.7229545428505774,0.7251059958263733,0.7232967803839845,0.7229440115367095,0.7216019017512838,0.7216422050195894,0.7216778655820557,0.7217128921128628,0.7218581251153113,0.7229048110477494
59,0.32135677,0.6780514452762619,0.6859273630913105,0.6859270012719563,0.7137365719249128,0.7149171064446566,0.7195642230180141,0.7212668919585982,0.7250529997909031,0.7264579954574528,0.7247542407873574,0.7242986412871452,0.7307139608728928,0.727848613170812,0.7299637550420855,0.7281416557894611,0.7277903614721096,0.7265758082992204,0.7266138967422018,0.7266474753341738,0.7266804568806446,0.7268156408264991,0.7278326069648028
60,0.3258794,0.6813472922573099,0.6890287422466734,0.6890283851733389,0.7191551997270872,0.7202923037076596,0.724659939400554,0.7261064452965398,0.7301900156561587,0.731260425822326,0.7295600603630658,0.7291165797864333,0.73570612492769,0.7326876768953386,0.7347656786080453,0.7329335690093886,0.7325842912138518,0.7314944540870979,0.7315303970931626,0.7315619619922535,0.731592965623012,0.7317184265420008,0.7327060864693326
61,0.330402,0.6846431173759882,0.6921301008296317,0.6921297485022854,0.7245293602083207,0.7256191537256185,0.729713838396095,0.7309025143825191,0.7352766298457741,0.7360160170837557,0.7343189982579139,0.7338875824534603,0.7406335914637284,0.7374719070663943,0.7395119272990183,0.7376727473692181,0.7373260181326403,0.736357726703105,0.7363915939976007,0.7364212138059886,0.736450306908018,0.7365663718870795,0.73752525770496
62,0.3349246,0.6879389424946665,0.69523145941259,0.6952311118312318,0.7298584533014476,0.730897137476933,0.7347253556971781,0.7356551314629024,0.7403123932330107,0.7407250136637104,0.7390312911196381,0.7386118848604294,0.7454960279520704,0.7422015555989279,0.7442027421334754,0.7423594910173201,0.7420158311961376,0.7411656077612236,0.7411974692688071,0.7412252127795155,0.7412524629268319,0.7413594598306327,0.7422902168071733
63,0.33944723,0.6912347894757145,0.6983328385679529,0.6983324957326145,0.735141891538374,0.7361257790528762,0.7396939388446014,0.7403643276311245,0.7452968709070172,0.7453876601941725,0.7436971761020885,0.7432897233626025,0.7502931495141301,0.7468768770310449,0.7488383686618924,0.7469940972673978,0.7466540154054362,0.7459180953804467,0.7459480211228431,0.7459739572193406,0.7459994320743959,0.7460976894242477,0.7470010710535213
64,0.34396985,0.694530629169306,0.7014342108658477,0.7014338727765184,0.7403790195021609,0.7413045644243973,0.7446189714795829,0.7450300609488839,0.7502295663413829,0.7500041294435967,0.7483168187409677,0.7479212627801111,0.7550246470533264,0.751498057341994,0.7534189864011918,0.7515767898305898,0.75124078107414,0.7506151317923423,0.7506431918151055,0.7506673893979429,0.7506911566395842,0.7507810036204553,0.7516578670191255
65,0.34849244,0.6978264470005276,0.7045355625913378,0.7045352292479861,0.7455692204409656,0.7464330453666113,0.7494998736042736,0.7496523113597694,0.7551100221601318,0.7545746154247973,0.7528904061263441,0.7525066897997861,0.7596902853154455,0.7560653083933218,0.7579448024919201,0.7561078122391901,0.755776357424826,0.7552566993118395,0.7552829635714245,0.7553054914477587,0.7553276186627356,0.7554093849478147,0.75626068559629
66,0.35301507,0.7011222939815757,0.7076369417467008,0.7076366131493687,0.7507119946736499,0.751510914992251,0.7543361753149533,0.7542311502621939,0.7599378934556502,0.7590994011354736,0.7574182146863474,0.7570462809294514,0.7642899728070153,0.7605789360790819,0.7624161191490735,0.7605874954142411,0.7602610603639394,0.7598428895146604,0.7598674277417437,0.7598883544930006,0.7599089090459995,0.7599829245118331,0.7608097105436615
67,0.3575377,0.7044181409626237,0.7107383209020637,0.7107379970507514,0.7558067307548515,0.7565377798700015,0.7591273016040258,0.7587665365825556,0.7647127326634158,0.7635786560780422,0.7619004075687698,0.7615401993465586,0.7688235567732551,0.7650391388568053,0.7668331340158743,0.7650160576724087,0.7646950923952038,0.7643736984225933,0.7643965800650048,0.7644159739885785,0.764435022964979,0.764501617761174,0.7653050252673884
68,0.3620603,0.707713966081302,0.713839679485022,0.7138393603796978,0.7608528447459804,0.7615132958769174,0.7638727033314594,0.7632584406685884,0.7694341207077039,0.7680125580041981,0.7663371564685818,0.765988617031534,0.7732909493638577,0.76944613037273,0.7711960616951339,0.7693937262438525,0.7690786643569533,0.7688491510706295,0.7688704451877159,0.7688883741934636,0.7689059842976934,0.7689654886937182,0.7697467362020597
69,0.3665829,0.7110097911999802,0.7169410380679803,0.7169407237086443,0.7658498348569741,0.7664372200657208,0.7685719086102872,0.7677068927490254,0.7741017178615845,0.7724013398757545,0.7707286886162279,0.7703917618736077,0.7776921755536621,0.773800186606,0.7755051803618951,0.7737207840975631,0.7734120424343699,0.7732693492575767,0.7732891244001173,0.773305655893713,0.7733218933346953,0.7733746374985498,0.774135020117739
70,0.37110552,0.7143056308935717,0.720042410365875,0.7200421007525482,0.7707972021469772,0.7713093304511845,0.7732244482329559,0.7721119122077341,0.7787151892951806,0.7767452192346543,0.7750752160990549,0.7747498468002706,0.7820273024075282,0.7781015760997101,0.7797607626317022,0.7779975006541529,0.7776954788978307,0.7776344005381363,0.7776527246559927,0.7776679254480682,0.7776828558499985,0.7777291697470229,0.778470053567181
71,0.37562814,0.7176014705871632,0.7231437826637698,0.723143477796452,0.7756944188894699,0.77612939296506,0.7778298259216679,0.776473479276536,0.7832741757057262,0.7810443696210119,0.779376907261929,0.7790630410926753,0.7862964118336649,0.7823505324469956,0.7839630483478707,0.7822241043717606,0.7819291847367394,0.781944390205314,0.781961330564621,0.7819752667886538,0.7819889551103678,0.7820291684391676,0.7827519849109247
72,0.38015077,0.7208973175682112,0.7262451618191328,0.7262448616978346,0.7805410055754581,0.7808972353227651,0.7823875907427319,0.7807916034552089,0.7877783651267183,0.7852989873741111,0.7836339535480136,0.7833315373959385,0.7904996680430881,0.7865473210598246,0.7881123106245752,0.7864008491261298,0.7861133962384342,0.7861994489180578,0.7862150719970364,0.7862278090077056,0.7862403194428614,0.7862747614714092,0.7869810013515345
73,0.38467336,0.7241931353994329,0.7293465135446228,0.7293462181693025,0.7853364344639657,0.7856126501307722,0.7868972464047553,0.7850662374370196,0.7922274032215415,0.7895092061689899,0.7878464839850651,0.7875554659677761,0.7946372335496114,0.7906921553726598,0.7922087729712041,0.790527930848212,0.7902482915710035,0.7903996675873373,0.7904140390001149,0.7904256412972878,0.7904370371997241,0.7904660367190687,0.791157244227747
74,0.38919598,0.7274889750930242,0.7324478858425175,0.7324475952132062,0.7900803209274466,0.7902755810554044,0.7913584312012398,0.7892974475282573,0.7966210708163032,0.7936752642713876,0.7920147325314838,0.7917350624690195,0.7987094340183182,0.7947853620503668,0.7962527725581896,0.7946056520580528,0.7943341557125246,0.7945452646425921,0.7945584490144132,0.7945689801231584,0.7945793238890594,0.7946032089500223,0.7952809752029256
75,0.3937186,0.7307848147866157,0.7355492581404123,0.7355489722571101,0.7947721897502507,0.7948858910074116,0.7957706982359856,0.7934852052295881,0.8009590669536681,0.7977972986751113,0.7961388320982528,0.7958704614210949,0.8027165558782101,0.7988271786912262,0.800244560240977,0.7986342205242986,0.7983711788148765,0.7986363808300563,0.7986484417358185,0.7986579641440151,0.798667317150648,0.7986864150707929,0.7993523721505237
76,0.39824122,0.7340806544802072,0.738650630438307,0.7386503493010141,0.7994116136188086,0.7994434963575974,0.8001336456602524,0.7976295105410122,0.8052411374121164,0.8018754660306648,0.8002189355436279,0.7999618175194817,0.8066589653795543,0.802817873380802,0.8041844187085608,0.8026138683727553,0.8023595756081222,0.8026732001988433,0.8026842000668151,0.8026927751312886,0.8027011976448251,0.8027158348577277,0.8033716493371221
77,0.4027638,0.7373764650239722,0.7417519753063289,0.7417516989150031,0.803998140941876,0.803948294037863,0.8044468487944005,0.8017303273849735,0.8094670079618146,0.8059098785847294,0.8042551515800259,0.8040092413565881,0.8105370462521786,0.8067576823008724,0.8080726008469129,0.8065447899968339,0.806299523247324,0.8066558867672836,0.8066658868018054,0.8066735746716432,0.8066811257718569,0.8066916277508298,0.8073389942991265
78,0.40728644,0.7406723192924769,0.74485336131916,0.7448530896738644,0.8085314777007456,0.8084003381987812,0.8087100311411327,0.8057877461475185,0.8136365517572532,0.8099007636151705,0.8082477042773007,0.8080129593611924,0.8143513522652421,0.8106469656454969,0.811909483564141,0.8104272977788918,0.8101913174586667,0.8105847418828043,0.8105938019500997,0.810600661457513,0.8106073989305975,0.8106140899550907,0.8112547245581623
79,0.41180903,0.7439681371236986,0.7479547130446501,0.7479544461453322,0.813011134680959,0.8127994918371363,0.8129227326396693,0.8098016679996778,0.8177494645478538,0.8138481524725165,0.8121966219685465,0.8119730018293702,0.8181023086426704,0.8144859045738562,0.8156952687442509,0.8142615197933087,0.8140350695883871,0.8144598977612922,0.8144680763523787,0.8144741649719516,0.8144801452705099,0.8144833485023201,0.8151189822091608
80,0.41633165,0.74726397681729,0.7510560853425449,0.751055823189236,0.817436829113987,0.8171458193752896,0.817084687372461,0.8137721642318645,0.821805634129302,0.8177522336457198,0.816102090463521,0.8158895571168496,0.8217905490664167,0.8182748456536415,0.8194303230403044,0.8180477437879732,0.8178310514497847,0.8182816652323337,0.818289019344216,0.8182943930802854,0.8182996712127277,0.8182997084339706,0.8189320804444846
81,0.42085424,0.7505597946485116,0.7541574370680348,0.7541571796607038,0.8218081564510015,0.8214392624857612,0.8211955148988932,0.8176991821689097,0.8258048387356233,0.8216130631746077,0.8199641633446297,0.8197626811130196,0.8254166390100776,0.8220140192386233,0.8231149000838411,0.8217861361441209,0.8215794136353465,0.8220502491390148,0.8220568342240476,0.8220615475581169,0.8220661770370223,0.8220633686541059,0.8226942197927513
82,0.42537686,0.7538556343421031,0.7572588093659296,0.7572585567046077,0.8261248454798511,0.8256798888620032,0.8252549601691168,0.8215827739095168,0.8297469808958259,0.8254307892561474,0.8237829866533438,0.8235925225562495,0.8289812871549911,0.82570375774697,0.8267493556488873,0.8254769601696593,0.8252804044011797,0.8257659682862557,0.8257718381556667,0.8257759439542544,0.8257799767058719,0.8257746415704679,0.8264057075460987
83,0.42989948,0.7571514740356945,0.7603601816638244,0.7603599337485116,0.8303865545493453,0.8298676903527008,0.829262701891906,0.8254229132602171,0.8336319008389734,0.8292054719720565,0.8275586185567324,0.8273791421777589,0.8324851745227224,0.8293443211045435,0.8303339755928527,0.8291204018226284,0.8289341949572835,0.8294290791989641,0.8294342859653216,0.8294378354216548,0.8294413217286448,0.8294337770988172,0.8300667818773118
84,0.43442208,0.7604472991543728,0.7634615402467826,0.763461297077458,0.834592969535324,0.8340026774881263,0.8332184446626518,0.8292195835273206,0.8374594662271535,0.8329371693601071,0.8312911154486706,0.8311225990389792,0.835929034404946,0.832935980401743,0.8338690582948283,0.8327166535379762,0.8325409635298919,0.8330398602328397,0.8330444542367349,0.8330474967990383,0.8330504852300487,0.8330410466642347,0.8336776958042703
85,0.4389447,0.7637431388479642,0.7665629125446773,0.7665626741213619,0.8387438489166754,0.8380849222194037,0.8371219613531709,0.8329728182903633,0.8412296129256633,0.836625977266658,0.8349805718063793,0.8348229904995849,0.8393136870402546,0.8364790561324381,0.8373549522244639,0.8362659528084425,0.8361009340759784,0.836598649648925,0.8366026793827539,0.8366052626807428,0.8366078000182186,0.8365967812599138,0.8372387553937789
86,0.44346732,0.7670389785415557,0.7696642848425721,0.7696640511652658,0.842838912248268,0.8421144467522272,0.8409729882308542,0.8366826006634993,0.844942243473991,0.8402719301532655,0.8386270209751818,0.8384803527026709,0.842639946404196,0.8399738227870043,0.8407919620098192,0.8397684869105656,0.8396142807356747,0.8401057494099875,0.840109261460466,0.8401114312477187,0.8401135624313092,0.8401012753469355,0.8407502236443656
87,0.44798994,0.770334818235147,0.7727656571404669,0.7727654282091697,0.846877914894014,0.8460912955412635,0.8447712952381725,0.8403489306467287,0.8485972950701197,0.8438750671513546,0.8422305012374742,0.8420947268289429,0.8459086794342486,0.8434205724892108,0.8441804110493343,0.8432244568841188,0.8430811919960877,0.8435614888732921,0.8435645278554568,0.8435663279451058,0.8435680960085066,0.8435548504934058,0.8442123842853665
88,0.45251256,0.7736306579287385,0.7758670294383616,0.7758668052530737,0.850860629377561,0.8500155155780941,0.8485166684547358,0.8439718082400512,0.8521947225364982,0.8474354153543545,0.8457910391005984,0.8456661423273363,0.8491207886013762,0.8468195988941846,0.8475206256315744,0.8466340616943154,0.8465018548000823,0.8469662082913327,0.8469688167879464,0.8469702889932594,0.8469717350058579,0.8469578389024351,0.847625525418542
89,0.45703515,0.7769264757599602,0.7789683811638517,0.7789681617245414,0.8547868195958833,0.8538871296511533,0.8522088858475682,0.8475512098440988,0.8557344750446343,0.8509529665501029,0.8493086260292474,0.8491945935666868,0.8522771889814741,0.8501711750013484,0.8508129131157011,0.849997476254642,0.8498764324814497,0.8503202363067337,0.8503224548127808,0.8503236388921108,0.850324801904922,0.850310560925205,0.8509899170977175
90,0.46155778,0.7802223227410082,0.7820697603192146,0.782069545625924,0.8586563531775743,0.8577062459587805,0.8558478229336508,0.8510871907162201,0.8592165972985317,0.8544277778638079,0.8527833190877705,0.8526801407815175,0.855378896158829,0.8534756489111379,0.8540576559518499,0.8533149478392665,0.8532051614802059,0.8536239854280772,0.853625852287119,0.8536267858835892,0.8536277028700182,0.8536134205145324,0.8543059073041221
91,0.4660804,0.7835181624345997,0.7851711326171094,0.7851709226698279,0.8624690111783853,0.8614728692891597,0.8594332738162447,0.8545797113319783,0.8626410579849555,0.8578598011127923,0.8562150702948529,0.8561227388897006,0.8584268709295501,0.8567332812003992,0.8572551519182001,0.8565866331817998,0.8564881878728047,0.8568777889960486,0.8568793403578161,0.856880058955247,0.8568807647678045,0.8568667422610913,0.8575737585914369
92,0.470603,0.7868139875532779,0.7882724912000677,0.7882722859987744,0.8662246275410496,0.8651870374729222,0.8629650823339073,0.8580287644013845,0.8660078755100097,0.8612490076550431,0.8596038514747796,0.8595223627194324,0.8614221289713642,0.8599443637914197,0.8604057308677043,0.8598127180775851,0.8597256873394044,0.8600820198336655,0.8600832896003177,0.8600838264713786,0.8600843537907594,0.8600708900053531,0.8607937673133899
93,0.4751256,0.7901098126719562,0.7913738497830259,0.7913736493277208,0.8699230785145743,0.8688488101327358,0.866443132110319,0.8614343654651948,0.8693171081883726,0.8645953792058724,0.8629496450689598,0.8628789977878042,0.8643657294768489,0.8631092108208055,0.8635097456858878,0.8629934085938867,0.8629178563183473,0.8632370806651135,0.8632381004423946,0.8632384866013592,0.8632388658900395,0.8632262572848813,0.863966254327911
94,0.47964823,0.7934056596530042,0.794475228938389,0.7944750332291035,0.8735642648222932,0.8724582503025133,0.8698673297849919,0.8647965366816118,0.8725688380687693,0.8678988919968803,0.8662524282937476,0.8661926244020415,0.8672587581734769,0.8662281433094722,0.8665675571937503,0.8661289160280163,0.8660648968768813,0.8663433884098954,0.8663441874630045,0.8663444516227116,0.8663447110826793,0.8663332516489384,0.8670915495209639
95,0.48417085,0.7967014993465957,0.7975766012362836,0.7975764102730073,0.8771480481745942,0.8760153606887418,0.8732375453093845,0.868115248025977,0.875763114288296,0.8711594591318754,0.8695121155121026,0.86946315983074,0.8701022742845896,0.8693014345982639,0.8695794806418782,0.8692194023798894,0.8691669619367149,0.8694013195405558,0.8694019247562398,0.8694020932894928,0.8694022588243338,0.8693922400096826,0.8701699370837621
96,0.48869348,0.7999973463276437,0.8006779803916466,0.80067779417439,0.8806743562820213,0.8795201871041074,0.876553710701975,0.8713905141743465,0.8789000468353679,0.8743770259443143,0.8727286535714747,0.8726905539447286,0.8728973912288679,0.8723294001388758,0.8725458737176,0.8722650709659109,0.8722242461739745,0.8724112991737922,0.8724117350188023,0.8724118319189188,0.8724119270950706,0.8724036377628053,0.873201745439067
97,0.49321607,0.8032931641588654,0.8037793321171367,0.8037791506458577,0.88414308018989,0.8829727160002312,0.8798157235009978,0.8746222993493195,0.8819797150157695,0.877551476712545,0.8759019285457905,0.8758746956383547,0.8756451923216599,0.8753123092778744,0.8754670500638504,0.8752660780657606,0.8752368972853537,0.8753737129492738,0.8753740014372423,0.8753740482841537,0.8753740942976077,0.875367820646324,0.8761872588404953
98,0.4977387,0.8065890111399134,0.8068807112724996,0.8068805345472403,0.8875542283308788,0.8863730273168702,0.8830235916366045,0.8778106607178761,0.8850023042421378,0.8806827757496749,0.8790319067757728,0.8790155543415296,0.8783468499966275,0.8782505175546115,0.8783434088207034,0.878222666374379,0.8782051499043505,0.878289038089556,0.878289198743996,0.8782892146707223,0.8782892303140959,0.8782852558867914,0.879126849763366
99,0.5022613,0.8098848362585918,0.809982069855458,0.8099818978761868,0.8909077124247384,0.8897210810013306,0.8861772320894161,0.880955548787336,0.8879679159573003,0.8837707716139777,0.88211843915464,0.8821129836237138,0.8810034533285714,0.8811442824026081,0.8811752541209674,0.881134979942957,0.8811291397691148,0.8811576600318483,0.8811577098609987,0.8811577115258991,0.8811577131611792,0.8811563187299407,0.8820207944291716
100,0.5067839,0.81318066137727,0.8130834284384162,0.8130832612051332,0.8942035376409712,0.8930169062083693,0.88927664972087,0.8840569848512,0.8908767362486457,0.8868153716946906,0.8851614356459241,0.8851668963040078,0.8836161557720046,0.8839939266888723,0.8839629551851902,0.8840032290906967,0.8840090692250188,0.8839800344017273,0.883979987868721,0.8839799894283802,0.8839799909602917,0.8839814545337388,0.8848694364315203
101,0.5113065,0.8164764864959482,0.8161847870213745,0.8161846245340797,0.8974417039795475,0.8962605029379971,0.8923218445309381,0.8871149689094681,0.8937289483478055,0.8898164521114735,0.8881607752205909,0.8881771740668363,0.8861860941580666,0.8867997536996269,0.8867068630556254,0.8868276052299859,0.8868451216605214,0.8867566022642641,0.8867564712640875,0.8867564843501533,0.8867564972034074,0.8867610939743578,0.8876731016503199
102,0.51582915,0.8197723480519095,0.819286179891674,0.8192860221504198,0.9006222639332668,0.8994518997576554,0.8953128658842251,0.8901295340493667,0.8965247834118157,0.8927739114550297,0.8911163595691398,0.891143721358632,0.888714431594482,0.8895620969633994,0.8894073592974604,0.8896083313786931,0.889637512171205,0.8894878390777905,0.8894876329154944,0.8894876666144135,0.8894876997138037,0.8894957020639089,0.8904321480278425
103,0.52035177,0.8230681877455008,0.8223875521895687,0.8223873991943237,0.9037451961525051,0.9025910271192239,0.8982496937033915,0.8931006266587895,0.8992644094401612,0.8956875536803885,0.8940279960714523,0.8940663479123431,0.8912022541395869,0.8922812103915874,0.8920647485722758,0.892345551934489,0.8923863768156587,0.8921741457085093,0.8921738710832983,0.8921739319180672,0.8921739916705433,0.8921856690416624,0.8931468558287288
104,0.5248744,0.8263640347265488,0.8254889313449316,0.8254887830957063,0.906810581565878,0.9056778942648803,0.9011324040942869,0.8960282733035946,0.9019480860644945,0.8985572522732266,0.8968955618615803,0.8969449334090733,0.893650707901096,0.8949574210966906,0.8946794080079251,0.8950394868755704,0.8950919274077278,0.8948159991630015,0.8948156601510973,0.8948157520670283,0.8948158423477159,0.894831461303566,0.8958175802638898
105,0.529397,0.8296598598452272,0.82859028992789,0.8285901464246528,0.909818463985488,0.9087124495606993,0.9039610382581262,0.8989124483787041,0.904576042073373,0.9013828209189652,0.8997188745839911,0.8997792977397892,0.896060885224689,0.8975910080662772,0.8972516685741693,0.8976903099938801,0.8977543291825727,0.897413832293493,0.8974134303372273,0.8974135546896587,0.8974136768297853,0.8974335009646389,0.898444630312966
106,0.53391963,0.8329557068262752,0.8316916690832529,0.8316915303260354,0.9127689714535134,0.9116947031829353,0.9067357166066907,0.901753190147618,0.907148581536208,0.9041641277397919,0.902497806546001,0.9025693155876509,0.8984339189253828,0.9001823080991918,0.899781918544392,0.9002982558873028,0.9003738082002373,0.8999681379784308,0.8999676718756711,0.899967827421754,0.8999679802005829,0.8999922702111564,0.9010283744065324
107,0.5384422,0.8362515100825837,0.8347930070938064,0.8347928730825457,0.915662151529501,0.9146245613290986,0.909456483865319,0.9045504425121353,0.9096659399781627,0.9069009408832963,0.9052321304359071,0.90531476152507,0.9007708472737471,0.9027315712742464,0.9022704623167104,0.9028634748492788,0.9029505055487228,0.9024793262204429,0.9024787921205438,0.9024789750122307,0.9024791546501733,0.9025081681713971,0.9035690962531657
108,0.5429648,0.839547335201262,0.8378943656767648,0.8378942364114921,0.9184981855973944,0.9175020435600529,0.9121235106087697,0.9073042615704572,0.9121284710916933,0.9095931313131045,0.9079217219401846,0.9080155134312099,0.9030727838330579,0.9052391492229549,0.9047177042099125,0.9053862226929706,0.9054846679634616,0.9049479093268726,0.9049473007247799,0.9049475045068686,0.9049477046635621,0.9049816964378832,0.9060671825080225
109,0.54748744,0.8428431894697667,0.8409957516895961,0.8409956271703535,0.9212772193400321,0.9203271121713604,0.9147369338382279,0.9100146524027865,0.9145364988890254,0.9122405136303985,0.9105664007037454,0.9106713928056438,0.9053407784907682,0.9077053461531897,0.9071240029702397,0.9078667111591385,0.9079764975299359,0.9073743546931171,0.9073736624299711,0.9073738780391154,0.907374089812453,0.9074133116051094,0.9085229741899551
110,0.55201006,0.846139029163358,0.8440971239874907,0.8440970042142574,0.9239993737052329,0.923099683698902,0.9172968672938879,0.9126815787632517,0.9168903275928431,0.9148428563939074,0.9131659406549728,0.9132821751054959,0.90757582282544,0.9101304277344204,0.909489680462313,0.9103051172390054,0.9104261609990508,0.909759093298982,0.9097583055660515,0.9097585213332566,0.9097587332618381,0.9098034337694622,0.9109367755704872
111,0.5565327,0.8494348834318627,0.847198510000322,0.8471983949731187,0.9266648483711658,0.9258197351308501,0.9198034987545298,0.9153050642392992,0.9191903311413773,0.917399981590574,0.9157201693747842,0.9158476895267221,0.9097789322461792,0.9125147129965372,0.9118151112950005,0.9127016759268477,0.9128338829309051,0.9121026097234232,0.9121017120656765,0.9121019137219673,0.9121021117906679,0.9121525367540518,0.913308945602931
112,0.5610553,0.8527307085505409,0.8502998685832802,0.8502997583020652,0.9292738013046571,0.9284871822815655,0.922256976773288,0.9178850743144624,0.9214368489720267,0.919911650303045,0.9182288538896068,0.9183677042903385,0.9119510446488466,0.9148584669605403,0.9141006180482363,0.9150565725873897,0.915199837535498,0.914405336176596,0.914404311503515,0.9144044821885642,0.914404649837011,0.9144610419150769,0.9156397909766836
113,0.5655779,0.8560265336692192,0.8534012271662385,0.8534011216310116,0.9318264665749675,0.9311020011452831,0.9246575214705712,0.9204216323840296,0.9236302876198887,0.9223776765674194,0.9206918144028718,0.9208420408634147,0.9140931154766441,0.9171620059650845,0.9163465739690857,0.9173700491374481,0.9175242553236373,0.9166677556509273,0.9166665842453288,0.9166667045182766,0.9166668226514781,0.9167294215516906,0.9179296708242777
114,0.57010055,0.8593223952251804,0.856502620036538,0.8565025192473518,0.9343230989479165,0.9336641727657043,0.9270053724299803,0.9229147657705569,0.9257710726650834,0.9247978754321386,0.9231088724101274,0.9232705218418388,0.9162060703903063,0.9194256484674186,0.9185533549441498,0.9196423548548903,0.9198073736697814,0.918890353161027,0.9188890126920813,0.918889060544605,0.9188891075457916,0.918958150053679,0.9201789476388249
115,0.5746231,0.8626181839065757,0.8596039443321551,0.8596038482889046,0.9367638611790396,0.9361735685847838,0.929300682707986,0.9253643925063765,0.9278595523007424,0.9271719541183894,0.9254797420116009,0.925652861720038,0.9182907067102958,0.9216496121693714,0.9207212391969392,0.921873643467435,0.9220493333928056,0.9210735144053015,0.9210719799534962,0.9210719308302668,0.9210718825809873,0.9211476022797661,0.9223878850039156
116,0.5791457,0.865914009025254,0.8627053029151134,0.862705211617851,0.9391490968630001,0.9386302320987032,0.93154377542347,0.927770594559156,0.9298962309821044,0.9294997779356324,0.9278042954783631,0.9279889337128303,0.9203479233686203,0.9238342619665877,0.9228506489653909,0.9240642222671562,0.924250429051045,0.9232177688210976,0.9232160128859968,0.9232158396985845,0.9232156695923679,0.9232982973110982,0.9245568938013712
117,0.58366835,0.8692098705812151,0.8658066957854127,0.8658066092341911,0.9414790828837932,0.9410341261779567,0.9337349109601237,0.930133370487733,0.931881557182855,0.9317811311567517,0.9300823244433316,0.9302785297992412,0.9223785092401895,0.9259798852839025,0.9249419314586209,0.9262143268702954,0.9264108826267443,0.9253235686471019,0.9253215611749629,0.925321234325928,0.9253209132919532,0.9254106769116278,0.9266863088639976
118,0.588191,0.8725057321371764,0.8689080886557122,0.8689080068505312,0.943754088215491,0.9433851946708925,0.9358743422630905,0.9324526934499341,0.9338159740262542,0.934015774575763,0.9323135973952212,0.932521418455905,0.9243831898358249,0.9280867446234092,0.9269954100644117,0.9283241743050645,0.9285308968688333,0.9273913401744182,0.9273890485866876,0.9273885359966096,0.9273880325262578,0.9274851569161792,0.9287764411107794
119,0.5927136,0.8758015572558546,0.8720094472386705,0.8720093701794775,0.9459744010924538,0.9456833919574023,0.9379623403900266,0.9347285385251509,0.9356999424696214,0.9362034730463566,0.9344978871827573,0.9347173722778277,0.9263626487023052,0.930155102229364,0.929011408356227,0.9303939880113903,0.930610680425273,0.9294215075830906,0.9294188968059189,0.9294181639424584,0.9294174441178662,0.9295221511479264,0.9308276018995932
120,0.5972362,0.8790973823745329,0.8751108058216288,0.875110733508424,0.948140376172231,0.947928733588359,0.9399992388634306,0.9369609315947719,0.9375339811073431,0.938344043365833,0.9366350188229482,0.936866216036158,0.9283175687137194,0.9321852644171682,0.9309902932674845,0.9324240423803157,0.9326504926165857,0.9314145360912395,0.9314115685796625,0.931410578483442,0.9314096060029307,0.9315221147341068,0.932840146804819
121,0.60175884,0.8823932366430376,0.87821219183446,0.8782121242672855,0.9502523777316609,0.9501212393877932,0.9419853802518497,0.9391498918266639,0.93931861771741,0.9404372998113981,0.9387248151203164,0.9389677720060428,0.9302485812492077,0.9341775292609562,0.9329324240807999,0.9344146105390186,0.93465059099387,0.9333708802758215,0.9333675160464942,0.9333662293631055,0.9333649655726265,0.9334854922768537,0.9348144235440616
122,0.60628146,0.8856890763366291,0.8813135641323547,0.8813135013111894,0.9523107397607885,0.9522608936629275,0.9439210786419134,0.9412953898925602,0.9410543556413851,0.9424830155424417,0.9407670581407255,0.9410218211943518,0.9321562274466741,0.9361321484075045,0.9348381151702714,0.9363659264571176,0.9366111932971458,0.9352909462149147,0.9352871428908869,0.9352855179128743,0.9352839218472566,0.9354126798616142,0.9367507340039976
123,0.610804,0.8889848577305677,0.8844148815705036,0.8844148234952633,0.9543158155011662,0.9543476983249424,0.9458066662245068,0.9433973987700592,0.9427417157658227,0.9444809726930005,0.942761539228892,0.9430281536045353,0.934041000969734,0.938049373090825,0.9367076808128609,0.9382782311915328,0.9385325239653989,0.9371751362854708,0.9371708491372412,0.9371688418444908,0.9371668702671216,0.9373040700164362,0.9386493797052098
124,0.61532664,0.8922807119990723,0.8875162675833348,0.8875162142541247,0.9562680794821314,0.9563817811856902,0.9476425892504166,0.9454560018322336,0.9443813220325943,0.9464310658209315,0.9447081622735484,0.9449866721241948,0.9359034451245881,0.9399295527850143,0.938541531385386,0.9401518713111797,0.9404149130675898,0.9390239458418387,0.9390191278018433,0.9390166918807985,0.93901429930251,0.9391601487895623,0.9405107592755912
125,0.61984926,0.8955765516926637,0.8906176398812296,0.8906175912980286,0.9581678897612728,0.9583631503332675,0.9494291844395628,0.9474711433048773,0.9459737014051647,0.9483330661834684,0.9466067083991682,0.9468971557900406,0.937743927646357,0.941772907421651,0.9403399512061387,0.9419870718988166,0.9422585682896784,0.9408377389973303,0.9408323407362043,0.9408294276486657,0.940826566395323,0.9409812706787756,0.9423351427249491
126,0.6243719,0.8988724059611684,0.8937190258940608,0.89371898205689,0.9600156904590819,0.9602919069218708,0.9511668694460355,0.9494428410107698,0.9475194541630811,0.9501868250840534,0.9484570389601922,0.948759463978412,0.9395628310665538,0.943579721392275,0.9421032876980202,0.9437841301390179,0.9440637694951048,0.9426169389817295,0.9426109089367104,0.9426074679510719,0.9426040881942674,0.942767849732891,0.9441228633832284
127,0.62889445,0.9021681946425637,0.8968203501896779,0.8968203110984428,0.9618118810657548,0.9621681108955575,0.9528560199532754,0.9513710480029414,0.949019144242585,0.9519921445914451,0.9502589664962838,0.9505734065325959,0.9413604257313779,0.9453502168577819,0.9438318277535981,0.9455432892822198,0.9458307421778532,0.9443619031489111,0.9443551875944877,0.9443511658521071,0.9443472156743652,0.944520234068348,0.9458741923367963
128,0.63341707,0.9054640343361552,0.8999217224875726,0.8999216881423467,0.9635569844865728,0.9639919584707016,0.9544971277051532,0.9532558327862544,0.950473439553035,0.9537489478553856,0.9520124247324084,0.9523389148675545,0.9431370367824815,0.9470847190336878,0.9455259590602296,0.9472649030059656,0.9475598226324419,0.9460730855215511,0.9460656285802952,0.9460609711117085,0.9460563965224265,0.9462388691115272,0.9475895017744518
129,0.6379397,0.9087598813172032,0.9030231016429356,0.9030230720437293,0.9652514508813694,0.9657635792647723,0.9560906160351994,0.9550971692030059,0.9518829480517732,0.9554570835821328,0.9537172734232766,0.954055845503428,0.9448928484221082,0.9487834632685554,0.9471859817446554,0.9489492437458097,0.9492512655093122,0.9477508463877824,0.9477425901162998,0.9477372399211839,0.9477319849351891,0.9479241064018225,0.9492690739870606
130,0.6424623,0.9120557064358815,0.906124460225894,0.9061244353726758,0.9668957557653715,0.9674831407230191,0.9576369321213378,0.9568950412558929,0.9532482997321302,0.9571164260890623,0.9553733982247552,0.9557240805625643,0.946628000248079,0.9504466909635398,0.9488122019500516,0.9505965981482736,0.9509053397893952,0.9493955464318689,0.9493864308759976,0.9493803289778413,0.9493743356691069,0.9495762981237625,0.9509131961240673
131,0.6469849,0.9153515315545597,0.9092258188088521,0.9092257987016222,0.9684904160588431,0.9691508669465723,0.9591365620790863,0.9586494613031838,0.9545701597627518,0.9587268932681255,0.9569807286230451,0.957343545823954,0.9483426054924986,0.9520746664665668,0.950404948359344,0.9522072837553364,0.9525223456215456,0.9510075632114661,0.9509975264521383,0.9509906119447584,0.9509838204921088,0.951195813677504,0.9525221767396849
132,0.6515075,0.9186473566732379,0.9123271773918105,0.9123271620305687,0.9700359524703923,0.9707670013511345,0.9605899955865478,0.9603604293448789,0.9558491971270646,0.9602884103524458,0.9585392017732577,0.9589141742847297,0.950036712195608,0.9536676394151937,0.9519645353723074,0.9537816116713025,0.9541025769292564,0.9525872536744904,0.9525762318935305,0.9525684420051223,0.9525607907551643,0.9527830020392576,0.954096308436817
133,0.6560301,0.9219431817919161,0.9154285359747687,0.9154285253595151,0.9715329007449287,0.9723318203981424,0.9619977364620714,0.962027945380978,0.9570860939160613,0.9618009229837622,0.9600487755437237,0.9604359192747148,0.9517103150404306,0.9552258560257507,0.9534912741102051,0.9553198977453269,0.9556463327430651,0.9541349650167743,0.9541228925598283,0.954114162714809,0.9541055882426938,0.9543382026772194,0.9556358789198305
134,0.66055274,0.9252390360604208,0.9185299219876,0.9185299161183765,0.9729818241037468,0.9738456485349151,0.9633603143629952,0.9636520235833101,0.9582815555114459,0.9632644115529166,0.9615094428306113,0.9619087688691436,0.9533633701215347,0.9567495723213784,0.954985485370118,0.956822475569906,0.9571539303468843,0.9556510475780103,0.9556378570094772,0.9556281208832839,0.9556185580465508,0.9558617585220673,0.957141183967743
135,0.6650754,0.9285349049038386,0.9216313217153675,0.9216313205921953,0.9743832805225007,0.975308825905523,0.9646782540136194,0.9652326559051796,0.959436283500238,0.9646788599500725,0.9629212003703155,0.9633327144221366,0.9549957585203723,0.9582390199704608,0.9564474661180322,0.9582896627165225,0.9586256715060841,0.9571358206124343,0.9571214427964838,0.9571106323939548,0.9571000144095385,0.9573539815803888,0.9586124936076621
136,0.66959804,0.9318307591723433,0.9247327077281988,0.9247327113510566,0.9757378374757045,0.9767217256746762,0.96595208907104,0.9667698283669166,0.9605509878368481,0.9660442723666384,0.9642840655084965,0.9647077674338332,0.9566073023072661,0.9596944211856944,0.9578775040163867,0.9597217754171766,0.9600618573254324,0.9585895867265289,0.9585739509033847,0.9585619966333071,0.9585502551507797,0.9588151674476184,0.9600500667824207
137,0.67412066,0.9351265988659347,0.9278340800260936,0.9278340883949606,0.9770460898026379,0.9780847745016659,0.9671823789263748,0.9682635415449912,0.9616264014613489,0.967360693242332,0.9655980961096824,0.9660339796128146,0.9581977865535108,0.9611160080021007,0.9592758963371918,0.9611191474281082,0.96146280728216,0.9600126508684927,0.9599956847163316,0.9599825154530719,0.9599695806151994,0.9602456144043077,0.9614541703531351
138,0.6786433,0.9384224531344394,0.9309354660389247,0.9309354791538219,0.978308657464784,0.9793984519039619,0.9683697065958414,0.9697138086504463,0.9626632783216977,0.968628206858072,0.9668633901537038,0.9673114424634499,0.9597669590875728,0.9625040206851473,0.9606429484447914,0.9624821282700915,0.9628288575593111,0.9614053186242502,0.9613869483199486,0.9613724914639465,0.9613582919661283,0.9616456217183603,0.9628250775070877
139,0.68316585,0.9417182418158346,0.9340367903345419,0.9340368081953747,0.9795261331695553,0.9806632374982887,0.9695146294657344,0.9711205954185878,0.9636623503015819,0.9698468867982476,0.9680800352842727,0.9685402363148772,0.9613144657599337,0.9638586499575433,0.9619789168412164,0.9638110263742723,0.9641603041873339,0.9627678379482604,0.9627479882904982,0.9627321698861557,0.9627166330922379,0.9630154310758645,0.9641630107036845
140,0.68768847,0.9450140815094261,0.9371381626324367,0.9371381852392786,0.9806991964459536,0.9818797311921617,0.9706177865699925,0.9724839519073318,0.9646244207805447,0.9710169122502263,0.9692482249106933,0.969720547542973,0.9628399956038679,0.9651801635990586,0.9632841339538216,0.9651062331438724,0.9654575274707642,0.9641005261785444,0.9640791205774191,0.9640618653083737,0.9640449172460303,0.9643553542816471,0.965468266744671
141,0.6922111,0.9483099284904741,0.9402395417877996,0.9402395691406613,0.9818284803170082,0.983048516166719,0.9716797732080048,0.9738038588765802,0.9655502551349919,0.9721384364805719,0.9703681269055507,0.970852535942843,0.964343113522752,0.9664687586754431,0.964558862433463,0.9663680777661698,0.9667208466226553,0.965403621277502,0.9653805819041714,0.965361813235829,0.9653433787365804,0.9656656237157388,0.9667410708799786
142,0.6967337,0.9516057536091524,0.9433409003707579,0.9433409324696077,0.9829146382476298,0.9841702300165165,0.9727012039028522,0.9750803049407663,0.9664406356269516,0.973211656191377,0.9714399528361423,0.9719364045989198,0.9658233447342686,0.96772463523828,0.965803367708746,0.9675968993657089,0.9679505921950129,0.9666773555446706,0.9666526034087395,0.9666322436646948,0.966612246438991,0.9669464664431255,0.9679816496761218
143,0.7012563,0.9549015787278308,0.9464422589537163,0.9464422957985542,0.9839583542290068,0.9852455764394713,0.9736827218847455,0.9763132989993565,0.9672963695718517,0.9742368234200831,0.9724639698508629,0.9729724118960211,0.9672801914104806,0.9689480088417023,0.967017930451147,0.9687930589671807,0.9691471181393462,0.9679219682505006,0.9678954232572772,0.9678733936769626,0.96785175637083,0.9681981169305757,0.9691902434863422
144,0.7057789,0.9581974038465089,0.9495436175366745,0.9495436591275006,0.9849603176079889,0.9862753004547182,0.9746249754203979,0.9775028410523507,0.9681182686293964,0.9752142226896756,0.9734404778591159,0.9739608484249098,0.9687131006354114,0.9701390819683648,0.9682028182914756,0.9699569112613043,0.9703107736438701,0.9691376765431065,0.969109257588689,0.9690854784201569,0.969062122706352,0.9694207878010744,0.9703670783568891
145,0.7103015,0.9614932289651872,0.9526449761196327,0.9526450224564471,0.985921230511457,0.9872601972564592,0.9755286247949557,0.978648931099749,0.9689071548157921,0.9761441805808421,0.9743698190850736,0.9749020466097535,0.9701214757142472,0.9712980526036219,0.9693582942777731,0.9710888127297332,0.9714419113690199,0.9703246839173618,0.9702943089748101,0.9702686995593619,0.9702435462205159,0.9706146783568427,0.9715123746510665
146,0.71482414,0.9647890832336918,0.955746362132464,0.9557464132153085,0.9868418155971849,0.9882011211690469,0.9763943496009635,0.9797515787016439,0.9696638668049582,0.9770270753293259,0.9752523876559132,0.9757963903939869,0.9715046896185379,0.9724251239822518,0.9704846266122761,0.9721891308640411,0.9725408967452038,0.9714831900733532,0.9714507762620701,0.9714232551031916,0.9713962240995428,0.9717799845034444,0.9726263568641317
147,0.7193467,0.9680848792025437,0.9588476932855493,0.95884774911434,0.9877227760062032,0.9890989456974378,0.9772228110772808,0.9808107551777581,0.9703892269097161,0.9778633008345144,0.9760885936099304,0.9766442787240512,0.9728620257645865,0.9735204553703815,0.9715820393891005,0.9732581958088895,0.9736080597736657,0.972613340061001,0.9725788038096765,0.9725492887298525,0.9725202993532885,0.9729168476012401,0.9737092051768016
148,0.7238693,0.9713807043212219,0.9619490518685077,0.9619491124432864,0.9885648747980129,0.9899546453973919,0.9780147268105259,0.9818264892083686,0.971084106352286,0.9786533447127437,0.9768789409253713,0.9774462046106733,0.9741928006476612,0.9745842602645707,0.9726508108372782,0.9742963958828047,0.974643790482525,0.973715325246263,0.9736785822733084,0.9736469903995993,0.9736159612595159,0.9740254560346258,0.9747611527533373
149,0.72839195,0.9746765658771832,0.9650504447388071,0.9650505100596265,0.9893688637471443,0.9907692237913882,0.9787708037748502,0.9827987817423359,0.9717493666696089,0.979397722312277,0.9776239615503115,0.9782026882428015,0.9754962583693894,0.975616719279814,0.9736911862405427,0.9753040921957676,0.9756484537203322,0.9747892935924568,0.9747502590460916,0.9747165069454897,0.9746833561017568,0.9751059549725583,0.9757823998939954
150,0.73291457,0.9779724055707747,0.9681518170367018,0.9681518871035304,0.9901354911198972,0.9915437220843942,0.9794917456452389,0.9837276152927918,0.9723858658765437,0.9800969873710206,0.9783242260152503,0.9789142876592763,0.976771580989348,0.9766179882619552,0.9747033857381973,0.976281626205181,0.9766223968236418,0.9758353574262512,0.9757939460255494,0.9757579498416827,0.975722594938933,0.976158454178742,0.9767731223015861
151,0.7374372,0.9812682525518227,0.9712531961920647,0.9712532710049131,0.9908655381213457,0.9922792564269514,0.9801782870725376,0.984612998362975,0.9729944885764763,0.9807517678886711,0.9789803793291094,0.9795816351723017,0.9780179501624325,0.9775882456297929,0.9756876520693993,0.9772293655344672,0.9775659953346463,0.9768536426285028,0.9768097686979755,0.9767714441874418,0.9767338024907793,0.9771830775088914,0.9777335182108637
152,0.7419598,0.9845640776705009,0.974354554775023,0.9743546343338595,0.9915597839018983,0.9929769827345247,0.980831160775369,0.9854549234104271,0.9735761168767082,0.98136273627,0.9795931110735457,0.9802054069557044,0.9792344917275533,0.9785276473292792,0.9766442050962048,0.9781476595937602,0.9784796088059231,0.9778442415573216,0.9777978191660113,0.9777570818333555,0.9777170703609477,0.9781799155515775,0.9786637641411197
153,0.74648243,0.9878599246515489,0.977455933930386,0.9774560182352421,0.9922190339993452,0.9936381254187515,0.9814511242872388,0.9862534016047192,0.974131654066952,0.9819306370114008,0.9801631831360786,0.9807863512198385,0.9804203265605772,0.9794363650431577,0.9775732805958942,0.9790368765007722,0.9793636175765064,0.9788072530875923,0.9787581960904137,0.9787149612306849,0.97867249679558,0.9791490659229956,0.9795640530587877
154,0.75100505,0.9911557643451404,0.9805573062282806,0.980557395279146,0.9928440893909951,0.9942639462126218,0.9820389308529429,0.9870084255955481,0.9746619986209331,0.9824562617734358,0.9806914046908645,0.981325262703339,0.9815745184006335,0.9803145445792664,0.9784750878797461,0.9798973619743236,0.9802183818851631,0.9797427386305182,0.9796909608234551,0.9796451436725931,0.9796001430304444,0.9800905890144793,0.9804345535252579
155,0.7555276,0.9944515530265357,0.9836586305238978,0.9836587243206989,0.9934357601752049,0.9948557577299357,0.9825953422947766,0.9877199865192077,0.975168055416717,0.9829404643198056,0.9811786471332138,0.9818229978120835,0.9826960985631548,0.9811623239034077,0.9793498279588644,0.9807294564619158,0.9810442589390224,0.9806507408326359,0.9805961560681435,0.9805476719158779,0.980500051875846,0.9810045268104197,0.9812754279016429
156,0.76005024,0.9977474072950403,0.9867600165367291,0.9867601150795602,0.9939948947810131,0.9954149522463729,0.9831211564814825,0.9883881092612603,0.975650760894934,0.9833841858975036,0.9816258696305815,0.9822805007169575,0.9837841252561847,0.9819798763130215,0.9801977383291202,0.9815335371396662,0.981841644539711,0.9815313300307686,0.9814738521802964,0.9814226163376498,0.9813722937305053,0.9818909496557027,0.9820868755852157
157,0.76457286,1.001043246988632,0.9898613888346238,0.9898614921234641,0.9945223165369801,0.9959429377242243,0.9836171476771337,0.9890127765627588,0.9761110286248474,0.9837884060023079,0.9820340695300837,0.9826987526317851,0.9848375646116997,0.9827673193609375,0.9810189988731386,0.9823099280186054,0.9826108838475252,0.9823845064953942,0.9823240497193819,0.982269977778425,0.9822168697116815,0.9827498578618593,0.9828690430581201
158,0.7690955,1.0043391012571363,0.992962774847455,0.9929628828823255,0.9950188775069921,0.9964411909541068,0.9840841171687095,0.9895939939485296,0.9765497954069382,0.9841541883458046,0.9824043286028106,0.9830788190291838,0.9858553956015003,0.9835247927239277,0.9818138123151141,0.9830589759455505,0.983352346747823,0.9832102839014729,0.9831467626572986,0.9830897705018665,0.9830337943703231,0.983581265729213,0.9836221015453686
159,0.7736181,1.0076349263758146,0.9960641334304132,0.9960642462112719,0.9954854281422418,0.9969112262733143,0.9845228647266009,0.9901317539960354,0.9769679948613457,0.9844826593935949,0.9827377913556317,0.9834218273954978,0.9868365525780755,0.9842524137733849,0.9825823580058543,0.9837810063575262,0.9840663839265623,0.9840086412953143,0.983941970508358,0.9838819744800101,0.98382304812876,0.9843851531965725,0.9843462033163146
160,0.7781407,1.010930751494493,0.9991654920133716,0.9991656095402184,0.9959228389808088,0.9973546163041428,0.9849342090110509,0.9906260620379451,0.9773665765468016,0.9847750265656938,0.9830356834102061,0.9837289860485721,0.9877799719375219,0.9849503110146093,0.9833248270065902,0.9844763558624576,0.9847533590399443,0.9847795595117039,0.9847096546116695,0.9846465715472663,0.9845846133086157,0.985161502509571,0.9850415153544938
161,0.78266335,1.014226613050454,1.0022668848836709,1.0022670071565585,0.9963319893235045,0.9977729795100468,0.9853189769228384,0.991076922818541,0.9777464961530221,0.985032571495701,0.9832993046747265,0.9840015771089218,0.9886845719534683,0.9856186077428125,0.9840414051458352,0.9851453556985549,0.9854136322182262,0.9855230035299776,0.9854497805454565,0.9853835278701468,0.9853184566549527,0.9859102804626123,0.9857082035716196
162,0.78718597,1.0175224527440456,1.0053682571815656,1.0053683842004624,0.9967137553428772,0.9981679665798999,0.9856779924209012,0.9914843280744279,0.9781087041552132,0.9852566453141128,0.983530024399009,0.984240951294335,0.9895492277380658,0.9862574023541908,0.9847322517020276,0.9857883114223833,0.9860475399307052,0.9862389003553205,0.9861622761147077,0.9860927720366065,0.9860245075254861,0.9866314161202298,0.9863464135708604
163,0.7917085,1.0208182268505277,1.0084695677622464,1.0084696995270577,0.9970690250084263,0.9985412738601132,0.9860120905581143,0.991848274130099,0.9784541591559263,0.9854486810869502,0.9837292937566449,0.9844485408283411,0.9903728053540947,0.9868667922469732,0.985397524668926,0.9864055261149512,0.9866554177978716,0.9869271652914527,0.9868470575194104,0.9867742211246485,0.9867026838613366,0.9873248272737112,0.9869562948667262
164,0.79623115,1.024114088406489,1.0115709606325458,1.0115710971433978,0.9973987146325355,0.9988946596934134,0.9863221330412043,0.9921687774527448,0.978783844887096,0.9856102028864101,0.9838986553528318,0.9846258693838547,0.9911542046960599,0.9874469043652687,0.986037414784201,0.9869973312341167,0.9872376307580234,0.9875877370400831,0.9875040642532554,0.9874278154087699,0.9873529267046547,0.9879904558162627,0.9875380320034686
165,0.8007538,1.02740994996245,1.0146723535028452,1.0146724947597379,0.9977037223750893,0.9992298935745643,0.9866089645061574,0.9924458278090145,0.9790987246754712,0.9857428032663416,0.9840397196966342,0.9847745274735191,0.9918922531507334,0.9879978152813779,0.9866520580694352,0.9875640050454011,0.9877944925948454,0.9882204872652934,0.9881331691333798,0.9880534288349413,0.9879751111108743,0.9886281766285924,0.9880917649734284
166,0.8052764,1.0307057750811284,1.0177737120858035,1.0177738580886844,0.9979849607438566,0.9995487878998426,0.9868734430818128,0.9926794228565738,0.9793997725085517,0.9858481636079249,0.9841541861259112,0.9848961941443731,0.9925857824371771,0.9885196066599128,0.9872415960147922,0.9881058280534001,0.9883263203876276,0.9888252829833205,0.9887342403868353,0.9886509308170517,0.9885691076603158,0.9892378604290468,0.9886176450888611
167,0.80979896,1.0340015710499801,1.020875043238889,1.0208751939877159,0.9982433537917089,0.9998531933716553,0.9871164377541074,0.9928695644089762,0.9796879708957229,0.9859280533258449,0.9842438420111668,0.9849926361543001,0.993233625529184,0.9890123618887876,0.9878061723460584,0.9886230793796181,0.9888334307110762,0.9894019831645122,0.9893071382550247,0.9892201828435703,0.9891347790670326,0.9898193703582224,0.9891158321124737
168,0.8143216,1.037297425318485,1.0239764292517202,1.0239765847465772,0.9984798378051563,1.0001449986359066,0.9873388290135788,0.9930162569349049,0.9799643126977966,0.9859843303004957,0.9843105633225061,0.985065708595637,0.9938346215777631,0.9894761690771655,0.9883459371535119,0.9891160399136748,0.989316142468727,0.9899504427824793,0.98985171899458,0.9897610424319789,0.9896719840876266,0.9903725660746605,0.989586497845578
169,0.8188442,1.0405932504371633,1.0270777878346784,1.0270779480755237,0.9986953426556442,1.000426105069017,0.9875414913179923,0.9931194959656766,0.9802297794358399,0.9860189380789292,0.9843563109979044,0.9851173507859963,0.9943875706096306,0.989911084965391,0.9888610049493499,0.9895849535217889,0.9897747386904263,0.9904704702207372,0.9903677925839853,0.990273321123166,0.9901805357982616,0.990897260794358,0.9900297899296328
170,0.8233668,1.0438890755558414,1.0301791464176366,1.0301793114044702,0.9988908133838007,1.000698450309112,0.9877253133903212,0.9931792829908523,0.9804853659391968,0.9860339133586864,0.9843831392901077,0.9851495952159024,0.9948912902952524,0.9903171771858038,0.9893515034625397,0.9900300712021963,0.9902095095685841,0.990961877063007,0.990855172174238,0.9907568336063357,0.9906602503996468,0.9913932715023324,0.9904458750482252
171,0.8278894,1.0471849006745197,1.0332805050005949,1.0332806747334167,0.9990671989753998,1.0009639921591595,0.9878911876635817,0.9931956180104321,0.9807320675663727,0.986031384392573,0.9843931936930772,0.9851645652058045,0.995344589833665,0.990694503074937,0.9898175491843856,0.9904516282470183,0.990620729844447,0.9914244532576625,0.9913136494231294,0.9912113732161711,0.9911109228741654,0.9918603939049038,0.9908349178551739
172,0.832412,1.050480725793198,1.0363818635835533,1.0363820380623632,0.9992254542579742,1.001224708179474,0.9880400120644225,0.993168501024416,0.9809708823954396,0.9860135728936044,0.9843887129035417,0.9851644769487611,0.9957462769668559,0.9910431138679169,0.9902592522175266,0.9908498482193301,0.9910086624596982,0.991857972151784,0.9917429994952361,0.9916367169001468,0.9915323319210902,0.9922984075044998,0.9911970855968084
173,0.8369346,1.0537765509118762,1.0394832221665116,1.0394834013913095,0.9993665396085529,1.0014825925414281,0.9881726897382779,0.993097932032804,0.9812028109185352,0.9859827952370416,0.9843720299891338,0.9851516407034278,0.9960951594534355,0.991363054664807,0.9906767162441472,0.9912249424779398,0.9913735578388713,0.9922621905631136,0.9921429811337009,0.9920326252901336,0.9919242400280133,0.9927070756698217,0.9915325484372755
174,0.84145725,1.0570724124678375,1.042584615036811,1.0425847990076496,0.999491421954331,1.0017396556298732,0.9882901299904053,0.9929839095348306,0.981428858205857,0.9859414630449793,0.9843455731067497,0.9851284615721813,0.9963900494840561,0.9916543674614093,0.9910700427121697,0.9915771134858076,0.9917156568392822,0.9926368528436214,0.9925133406756192,0.9923988466714303,0.99228639739435,0.9930861497458765,0.9918414830392911
175,0.84597987,1.0603682521614288,1.0456859873347057,1.0456861760515535,0.9996010695881795,1.0019979105067585,0.9883932434103534,0.9928264352591767,0.9816500246381943,0.9858920858752506,0.984311867559924,0.9850974414590283,0.9966297536154157,0.9919170796523462,0.9914393152621903,0.9919065404557126,0.9920351765453742,0.992981676195831,0.9928537975395917,0.9927351026349867,0.9926185277452796,0.9934353541924952,0.9921240606840035
176,0.8505025,1.063664099142477,1.0487873664900687,1.0487875599529362,0.9996964588554292,1.0022593837008786,0.9884829481602622,0.9926255081013065,0.9818673181180748,0.9858372698176303,0.9842735351754895,0.9850611786615174,0.9968130908105829,0.9921512202642816,0.9917846215783188,0.9922133985202368,0.9923323286265635,0.9932963716628314,0.9931640649778193,0.9930411086006775,0.9929203486302951,0.9937544078155599,0.9923804647732442
177,0.8550251,1.0669599242611552,1.0518887250730269,1.0518889232818824,0.9997785686337013,1.0025261002662615,0.9885601647836553,0.9923811301265358,0.9820817438364462,0.9857797201113134,0.9842332962065921,0.985022369675522,0.9969388820801104,0.9923568076793228,0.9921060365022892,0.9924978432535361,0.9926073040445441,0.9935806283587334,0.993443834497661,0.9933165584226644,0.9931915562090732,0.9940430077995999,0.9926108780068621
178,0.85954773,1.0702557712422032,1.05499010422839,1.0549903071832651,0.9998483837108241,1.0028000907760888,0.9886258193820575,0.9920932980927745,0.9822943126099051,0.9857222395734027,0.9841939683872336,0.9849838083592469,0.9970059585158921,0.9925338586152345,0.992403635496559,0.9927600222622507,0.992860284007926,0.9938341257907449,0.9936927880062992,0.9935611363632957,0.9934318370576661,0.994300842199881,0.9928154925504312
179,0.8640703,1.0735515744985116,1.0580914422389436,1.0580916499397754,0.9999068902610486,1.0030833727556623,0.9886808393607955,0.9917620181602069,0.982506028746359,0.9856677321196815,0.9841584694318691,0.9849483884096644,0.9970131573863072,0.9926823775280476,0.9926774775183844,0.9930000597189389,0.9930914247703804,0.9940565191610374,0.993910583361482,0.9937745028834492,0.9936408541941464,0.9945275750002887,0.9929944982330682
180,0.8685929,1.07684739961719,1.0611928008219018,1.061193013268722,0.9999550804668309,1.0033779672566112,0.988726157775355,0.9913872841686486,0.9827179052504404,0.9856191989182567,0.9841298144863109,0.9849191008966638,0.9969593274072049,0.9928023690385203,0.9929276263291353,0.9932180747972755,0.9933008751547701,0.994247457513041,0.9940968721846506,0.9939563121347984,0.9938182642557627,0.9947228645720507,0.9931480972627713
181,0.87311554,1.0801432538856945,1.064294186834733,1.0642944040275832,0.9999939482759237,1.003685879553936,0.9887627093413194,0.9909690942807041,0.9829309513461244,0.9855797419152788,0.9841111185658731,0.9848990366988042,0.9968433263458931,0.992893827799409,0.9931541334310001,0.9934141663497704,0.9934887615219726,0.9944065693945421,0.994251285784668,0.9941061981344974,0.9939637039200782,0.9948863490833876,0.9932764927164673
182,0.87763816,1.083439093579286,1.0673955591326276,1.0673957810714871,1.0000244900466564,1.0040090951929515,0.9887914310411956,0.9905074537560927,0.9831461726106205,0.9855525630925638,0.9841055957408923,0.9848913857903152,0.9966640273572164,0.9929567411109882,0.993357040576846,0.993588414937633,0.993655189524262,0.994533466092395,0.9943734383855479,0.9942237779862519,0.9940767931194985,0.9950176497378088,0.9933798911498948
183,0.8821608,1.0867349478477906,1.070496945145459,1.0704971718303484,1.0000477055408186,1.0043495881261235,0.9888132630581287,0.9900023585118665,0.9833645786846333,0.9855409628206827,0.9841165582399553,0.9848994363267323,0.9964203149803201,0.9929910918723338,0.9935363878870934,0.993740889588239,0.9938002503411364,0.9946277473023797,0.9944629326178576,0.9943086571997081,0.9941571401917302,0.995116376603306,0.9934585071492956
184,0.8866834,1.0900307729664689,1.0735983037284171,1.073598535159295,1.000064596219222,1.004709302697473,0.9888291471730365,0.9894538155371496,0.9835871733980787,0.9855483404136209,0.9841474160006436,0.9849265743390194,0.9961110944985048,0.9929968557888827,0.9936922048731326,0.9938716398673302,0.9939240128900632,0.9946889957653652,0.9945193543634157,0.9943604247361253,0.9942043371228189,0.9951821230475869,0.9935125588724097
185,0.891206,1.0933265980851472,1.0766996623113756,1.0766998984882414,1.0000761659653603,1.0050901651041662,0.9888400274451443,0.9888618205568368,0.983814964124005,0.985578192929265,0.9842016764212779,0.9849762834068659,0.9957352825361329,0.9929740028825145,0.9938245183696814,0.9939807024339268,0.9940265298619037,0.9947167816784335,0.9945422769535293,0.9943786570013454,0.9942179633385334,0.9952144703397716,0.9935422716279054
186,0.89572865,1.0966224596411083,1.079801055181675,1.0798012961045815,1.0000834201152085,1.0054940739504485,0.9888468492996012,0.988226366305492,0.9840489573537822,0.9856341154641753,0.9842829441974023,0.9850521445714356,0.995291810548428,0.9929224956299095,0.9939333480085122,0.9940680969625363,0.9941078336334279,0.9947106597001454,0.9945312582667748,0.9943629150327058,0.9941975829788084,0.9952129845635362,0.9935478753995778
187,0.9002512,1.0999182483225036,1.082902379477292,1.0829026251461342,1.0000873650855162,1.0059228766625534,0.9888505591779246,0.9875474745794235,0.9842901471815817,0.9857197959572037,0.9843949148456669,0.9851578302149746,0.9947796507420172,0.9928422930277867,0.9940187025483762,0.9941338232311548,0.9941679334541622,0.994670171485166,0.9944858434916137,0.9943127474815864,0.9941427480962648,0.9951772189254873,0.9935296060619219
188,0.90477383,1.1032140953035516,1.0860037586326552,1.086004009047517,1.0000890086717034,1.006378415140354,0.988852104818143,0.9868251186465968,0.9845395429301136,0.9858390224821489,0.9845413849856173,0.9852971137033931,0.9941977605679029,0.9927333424922158,0.9940805909509187,0.9941778697141983,0.9942068232206065,0.9945948427864282,0.9944055616510598,0.9942276865809511,0.9940529940766397,0.9951067113995797,0.9934877043567643
189,0.90929645,1.1065099349971432,1.08910513093055,1.0891053860914208,1.0000893591118858,1.0068624663162566,0.9888524343745999,0.9860593118730279,0.9847981370906846,0.9859956712669875,0.9847262368528774,0.9854738547636918,0.9935451497853344,0.9925955895462889,0.9941190102903453,0.994200204085997,0.9942244726242481,0.9944841879849735,0.9942899307835629,0.9941072539542544,0.9939278460644214,0.995000988625778,0.9934224175418532
190,0.9138191,1.1098057965531045,1.0922065238008494,1.092206783707761,1.0000894251370145,1.0073767771322322,0.9888524964651036,0.9852500471973569,0.9850669264756919,0.986193712902752,0.9849534467938739,0.9856920074740381,0.9928208357675522,0.9924289704082178,0.9941339530579061,0.9942007787692924,0.9942208321124986,0.994337706421854,0.9941384538373312,0.9939509560875828,0.9937668140203972,0.9948595626532059,0.9933339975161859
191,0.9183417,1.1131016216717828,1.0953078823838076,1.0953081470367074,1.0000902155556814,1.0079230345878973,0.9888532397804775,0.9843973392226937,0.9853468975917221,0.9864372014380762,0.9852270727555534,0.9859556082627663,0.9920238806836118,0.9922334194551987,0.9941254049264413,0.9941795295948826,0.9941958317382056,0.994154888688486,0.9939506252335636,0.9937582911561609,0.993569399806697,0.9946819369491312,0.9932227042521717
192,0.9228643,1.116397446790461,1.0984092409667658,1.098409510365654,1.0000927389436927,1.0085028912225538,0.9888556127926307,0.9835011792424345,0.9856390412468233,0.986730283124309,0.9855512645970823,0.9862687857807906,0.9911533524983045,0.9920088598597177,0.9940933454670909,0.9941363757595362,0.9941493808398536,0.9939352086776185,0.9937259226392913,0.9935287405287436,0.9933350884275617,0.9944675987212745,0.9930888007304324
193,0.92738694,1.1196933010589656,1.101510626979597,1.1015109011245152,1.0000980034076201,1.0091179474086305,0.9888605635322016,0.9825615587540527,0.9859443443710374,0.9870771893962488,0.9859302561506816,0.9866357532763034,0.9902083462223569,0.9917552077279401,0.9940377468777507,0.9940712191133244,0.9940813674531277,0.9936781271651396,0.9934638107014833,0.9932617726486499,0.9930633520546608,0.9942160223394452,0.9929325548110091
194,0.93190956,1.122989140752557,1.1046119992774917,1.1046122781684191,1.0001070161173118,1.009769734892123,0.9888690391489267,0.9815784899348723,0.9862637831580715,0.9874822250216695,0.9863683526412202,0.9870607963647098,0.98918800716902,0.9914723783426707,0.9939585760766187,0.9939839464671858,0.9939916606601958,0.9933830987975608,0.9931637481331119,0.9929568502149674,0.9927536573017193,0.9939266761980363,0.9927542431823001
195,0.9364321,1.1262849221464957,1.1077133167156408,1.1077136003524932,1.0001207828697125,1.0104597255664551,0.9888819855014541,0.9805519872680817,0.9865983286983613,0.9879497691099252,0.9868699322984771,0.9875482745057155,0.9880915157245885,0.9911602821832767,0.9938557948058082,0.9938744295311468,0.9938801104721006,0.9930495689125485,0.9928251844203492,0.9926134267803193,0.9924054617148218,0.9935990196380402,0.9925541490063368
196,0.94095474,1.1295807764150003,1.1108147027284718,1.1108149911113545,1.0001403088543346,1.011189368479725,0.9889003478771987,0.9794820096099822,0.986948965602337,0.9884843011483407,0.9874394742254763,0.988102648115703,0.9869180246100351,0.9908188060510078,0.9937293523301227,0.9937425175233524,0.9937465404190522,0.9926769531947075,0.9924475392088303,0.9922309258768682,0.992018192642846,0.9932324829189095,0.9923325494273654
197,0.94547737,1.1328766233960483,1.113916081883835,1.1139163750127372,1.0001665966239683,1.011960005501538,0.9889250690839828,0.9783685816876064,0.9873166521019899,0.9890903406716189,0.9880814940004188,0.9887284159279515,0.9856667909635912,0.9904478504669146,0.9935791981676014,0.9935880508380444,0.9935907615280931,0.992264678228278,0.9920302434439897,0.9918087827239309,0.9915912895021316,0.9928265070672694,0.9920897394821075
198,0.95,1.1361724703770963,1.1170174610391979,1.1170177589141197,1.0002006470059124,1.0127729314363032,0.9889570903069638,0.9772117011831679,0.9877023500202238,0.9897724851419173,0.9888005845874557,0.9894301547078338,0.9843370787104677,0.9900473014950526,0.9934052728872449,0.9934108514495442,0.9934125626512211,0.991812151824612,0.9915727092396612,0.99134641365353,0.9911241727669637,0.9923805147248974,0.9918260138623907
