,x,eq_complex_1,eq_complex_3,eq_complex_5,eq_complex_6,eq_complex_7,eq_complex_8,eq_complex_10,eq_complex_11,eq_complex_12,eq_complex_13,eq_complex_14,eq_complex_15,eq_complex_16,eq_complex_18,eq_complex_19,eq_complex_20,eq_complex_21,eq_complex_22,eq_complex_23,eq_complex_24,eq_complex_25
0,0.054522615,-1.1505639172869828,-1.137670448143706,-1.1376636850915511,-1.0435038542564414,-1.0545662946016297,-0.9866377218873955,-0.9690767336232851,-0.9691248725722189,-0.9164484955498072,-0.9212708528137512,-0.8954540100950367,-0.9126273790576439,-0.9133207420741317,-0.9141336482444394,-0.9142031497584653,-0.9142704988058249,-0.9143357862620496,-0.9189711603598412,-0.9193543287027441,-0.9189255006422463,-0.9097330633035667
1,0.059045225,-1.1424490031975094,-1.1296851165729753,-1.1296783418353442,-1.037456832018069,-1.0451708121648027,-0.9823529821630086,-0.9650910269485213,-0.9651258828523273,-0.9163297577621572,-0.9211307768255571,-0.8962363214354211,-0.912332519751964,-0.9129985160618974,-0.913789552955654,-0.9138488418622163,-0.9139061836015729,-0.9139616622563923,-0.9183956393044453,-0.9187754283625095,-0.9183572958563873,-0.9099950452774448
2,0.06356784,-1.1343340801365414,-1.121699776174011,-1.1216929897508907,-1.0313910673911468,-1.0359091385384471,-0.978078553038725,-0.9611160873382977,-0.9611403346295833,-0.9160301448072294,-0.9208060906724361,-0.8968556645487546,-0.9119382843760134,-0.9125768674824306,-0.9133459332916998,-0.9133950406562166,-0.9134424056620751,-0.9134881056118469,-0.9177205048815193,-0.9180968343663101,-0.9176894523632924,-0.910058948199232
3,0.068090454,-1.1262191588698722,-1.1137144375406933,-1.1137076394320866,-1.0253065271666228,-1.0267830264858593,-0.9738132646574004,-0.9571506925574853,-0.9571667196888023,-0.9155542299418563,-0.920301474236564,-0.897314700234817,-0.9114451876874896,-0.9120563238932847,-0.9128033327024853,-0.9128422901794803,-0.9128797096029122,-0.9129156615084565,-0.9169463856540065,-0.9173191830592089,-0.9169225982727608,-0.9099280096866252
4,0.07261306,-1.1181042519575943,-1.10572911303255,-1.105722303238477,-1.01920317950712,-1.0177940271884562,-0.9695559452578931,-0.9531936182747536,-0.9532035201980618,-0.914906538148878,-0.919621561927388,-0.8976160651183828,-0.9108537302469181,-0.911437398338365,-0.9121622797177813,-0.9121911195478325,-0.9122186251135077,-0.9122448601972152,-0.9160738932575556,-0.9164430936602971,-0.9160573447720157,-0.9096054813010012
5,0.07713568,-1.1099893199251318,-1.097743763805352,-1.097736942325777,-1.013080953294864,-1.0089434283912673,-0.9653053933691452,-0.9492436122674839,-0.9492491838177073,-0.9140915348167086,-0.9187709307234397,-0.8977623700637198,-0.9101643941625105,-0.9107205849118152,-0.911423283364103,-0.9114420383047879,-0.9114596622433292,-0.9114762122228804,-0.9151036162904115,-0.9154691621266079,-0.9150942800627097,-0.9090946309635325
6,0.08165829,-1.1018744058356584,-1.0897584322346212,-1.08975159906957,-1.0069398395226865,-1.0002323991886686,-0.9610604487059358,-0.9452994603515014,-0.9453021906591522,-0.913113633002056,-0.917754107628372,-0.8977561946013075,-0.9093776543663733,-0.9099063704920659,-0.9105868452677562,-0.9105955486928466,-0.9106033238380455,-0.9106102210217113,-0.9140361362653348,-0.91439797716429,-0.9140339851924136,-0.9083987592553291
7,0.0861809,-1.093759491746185,-1.0817731006638907,-1.081766255813363,-1.000779783123845,-0.9916618300246711,-0.9568199173007201,-0.9413599168433449,-0.9413609846210338,-0.9119771754707992,-0.91657555075018,-0.8976000886401649,-0.9084939676215997,-0.908995223265876,-0.909653447789349,-0.9096521336101173,-0.9096500933218441,-0.9096473705329465,-0.912872011668254,-0.9132301042225769,-0.9128770182404206,-0.9075212040591458
8,0.09070352,-1.0856445597137225,-1.0737877514366927,-1.073780894900663,-0.9946007287838559,-0.9832323987585504,-0.9525826038741213,-0.9374237346897134,-0.9374240045411742,-0.9106864347792998,-0.9152396492797845,-0.8972965679041945,-0.9075137771653197,-0.9079875975817451,-0.9086235590471466,-0.9086122617105389,-0.9086004398729712,-0.9085881304481651,-0.9116117847442535,-0.9119660923068712,-0.9116239210486412,-0.9064653584146161
9,0.09522613,-1.077529645624249,-1.0658024198659621,-1.0657955516444562,-0.9884026621164953,-0.9749446236106076,-0.9483473402614901,-0.9334896919106344,-0.9334897116201383,-0.9092456195529391,-0.9137507297856718,-0.8968481158011953,-0.9064375207318263,-0.906883942159256,-0.9074976412788499,-0.9074763958321616,-0.9074548269171709,-0.9074329647685832,-0.9102559914087938,-0.9106064839161628,-0.9102752290852709,-0.9052346994466753
10,0.099748746,-1.0694147207689824,-1.0578170777013511,-1.0578101977943535,-0.9821855194277261,-0.9667987395301016,-0.9441129239475883,-0.9295565345450597,-0.9295565333521921,-0.9076588516539305,-0.9121130324168334,-0.8962571769985068,-0.9052656164849718,-0.9056846856262566,-0.9062761360593112,-0.9062449780698608,-0.9062136970583252,-0.906182316596451,-0.9088051431340984,-0.909151796875245,-0.9088314534346332,-0.9038327969591811
11,0.10427135,-1.061299817445302,-1.049831756724501,-1.0498248651320425,-0.9759492836273749,-0.9587948260274028,-0.9398781839988535,-0.9256230379376913,-0.9256229258204148,-0.9059301851235747,-0.9103307303077824,-0.8955261627825083,-0.9039984801179333,-0.9043902540483165,-0.9049594821807633,-0.9049184478100962,-0.9048774902646182,-0.9048366264696042,-0.9072597484194591,-0.9076025458656292,-0.9072931021570801,-0.9022633617235792
12,0.10879397,-1.0531848854128396,-1.041846407497303,-1.0418395042193422,-0.9696938741274734,-0.950932663917577,-0.9356419065091113,-0.9216879375290029,-0.921687305484306,-0.9040635744087697,-0.9084078966289253,-0.8946574384259676,-0.902636504044659,-0.9030010496431741,-0.9035480939812665,-0.9034972198847366,-0.9034466218512723,-0.9033963101765236,-0.905620287103763,-0.9059592166722763,-0.9056606547259982,-0.9005302543803346
13,0.11331658,-1.045069971323366,-1.0338610759265725,-1.0338541609631355,-0.9634192848173554,-0.9432119120541187,-0.9314029286096559,-0.9177500162210698,-0.9177481375525232,-0.902062910685546,-0.9063485418663968,-0.8936533387828942,-0.9011800863770901,-0.9015174803680901,-0.9020423914312911,-0.9019817148762868,-0.9019215129999928,-0.9018617894857192,-0.9038872455462666,-0.9042223014522858,-0.9039345970525754,-0.8986375612464235
14,0.11783919,-1.0369550572338926,-1.025875744355842,-1.0258688177069286,-0.9571254597716572,-0.9356319503368646,-0.9271600545473144,-0.9138080264658442,-0.9138038590627497,-0.8999319838897423,-0.9041565745364939,-0.8925161513059013,-0.8996296052984266,-0.8999399337581201,-0.9004427735390448,-0.9003723323274232,-0.9003025637766752,-0.9002334649754405,-0.902061085529684,-0.9023922675641994,-0.9021153905283943,-0.896589607695862
15,0.12236181,-1.0288401252014303,-1.017890395128644,-1.0178834567942285,-0.9508123428136654,-0.9281919453387446,-0.922912089727041,-0.9098607219246165,-0.9098529115249726,-0.8976744940953878,-0.9018358127770608,-0.8912481203999045,-0.8979854293029955,-0.8982687873917888,-0.8987496290031085,-0.8986694614727466,-0.898590163940672,-0.8985117269189106,-0.9001422567839411,-0.9004695701260277,-0.900203484492655,-0.8943910222072348
16,0.12688442,-1.0207252111119567,-1.0099050635579134,-1.0098981135380218,-0.9444799195835136,-0.9208909001007708,-0.9186578692915814,-0.9059068840710589,-0.9058937685399991,-0.8952940661477456,-0.8993899992341791,-0.8898514562922255,-0.8962479295504147,-0.8965044214319162,-0.8969633489090095,-0.8968734939997984,-0.8967847057689441,-0.8966969681703437,-0.8981312112214511,-0.8984546662801259,-0.8981993304215259,-0.8920468102341561
17,0.13140704,-1.0126102790794942,-1.0019197143307155,-1.0019127526253215,-0.9381281197183322,-0.9137275420619282,-0.9143961926993264,-0.9019452614370753,-0.9019248759477909,-0.8927942126609493,-0.8968227628953882,-0.8883283139232985,-0.894417454400549,-0.8946471927528338,-0.8950843005275824,-0.894984797697356,-0.8948865575573355,-0.8947895575221466,-0.8960283733001045,-0.8963479855007037,-0.8961033523978275,-0.8895623820680286
18,0.13592964,-1.0044953829330097,-0.9939344004164522,-0.9939274270256079,-0.9317569429750532,-0.9067004703919451,-0.910125908803208,-0.897974648732647,-0.8979447320207585,-0.8901783808531937,-0.8941376670772386,-0.8866808207231388,-0.8924943649828533,-0.8926974710532137,-0.8931128638750433,-0.8930037532082862,-0.8928961005622896,-0.89278987683171,-0.8938341811054155,-0.8941499707573204,-0.8939159880559683,-0.8869436665895817
19,0.14045227,-0.9963804329575584,-0.985949033532787,-0.9859420484564146,-0.9253662763291881,-0.8998079555635954,-0.9058457935528211,-0.8939937731817319,-0.8939517744833588,-0.8874498778932197,-0.8913381326618289,-0.88491103019522,-0.8904789815176533,-0.8906555844205024,-0.8910493766645707,-0.8909306987046609,-0.8908136734051185,-0.890698265160264,-0.8915490249454889,-0.8918610170048865,-0.8916376273733315,-0.8841971058631466
20,0.14497487,-0.9882655368110738,-0.9779637196185237,-0.977956722856701,-0.9189561619586302,-0.8930482360383255,-0.9015547299296568,-0.8900014618916152,-0.8899445492403641,-0.8846119819165459,-0.8884275519215648,-0.8830209926139626,-0.88837166608531,-0.8885219032271662,-0.8888942191258744,-0.8887660151104381,-0.8886396576895984,-0.8885151047774624,-0.8891733415709002,-0.8894815655691114,-0.8892687066036503,-0.8813298341963048
21,0.14949748,-0.9801506227216004,-0.9699783880477931,-0.9699713796004941,-0.912526500611835,-0.8864192015811339,-0.8972515096122098,-0.8859964574305429,-0.8859215262946363,-0.8816678154663113,-0.8854091585564354,-0.8810126730941262,-0.8861727299910431,-0.8862967462750754,-0.8866477191596446,-0.8865100308115728,-0.8863743822767804,-0.886240725009631,-0.886707509093838,-0.8870119988949782,-0.8868096035116864,-0.8783496132074718
22,0.1540201,-0.9720356906891379,-0.9619930388205952,-0.961986018687794,-0.9060772493900643,-0.879918611422571,-0.8929349657916238,-0.8819775413945438,-0.8818812245419049,-0.8786204294118907,-0.8822861137056106,-0.878888005755193,-0.8838824963650269,-0.8839804442275878,-0.8843102164527672,-0.8841630860675799,-0.8840181879868718,-0.8838754672261383,-0.8841519180334706,-0.884452711715851,-0.8842607082080086,-0.8752649681261288
23,0.15854271,-0.9639207765996645,-0.9540077072498646,-0.9540006754315871,-0.8996083939617932,-0.8735440655429205,-0.8886039549053099,-0.8779435174935839,-0.8778221957146719,-0.8754727932845923,-0.8790614959146065,-0.8766488884533331,-0.8815012938685318,-0.8815733332064171,-0.8818820559909348,-0.8817255264808805,-0.881571421026193,-0.8814196782248117,-0.8815069638861808,-0.8818041036124262,-0.8816224157499599,-0.8720852130045291
24,0.16306531,-0.9558058804531797,-0.9460223933356012,-0.9460153498318733,-0.8931198915233316,-0.8672929525259294,-0.8842573188351558,-0.8738931763987324,-0.8737429898467788,-0.8722277682730738,-0.8757382733800697,-0.8742971637191026,-0.8790294368038911,-0.8790757346827092,-0.8793635677770612,-0.8791976826317324,-0.8790344125403278,-0.8788736897049506,-0.8787730249834081,-0.879066556844446,-0.8788951040586155,-0.8688204338015735
25,0.16758794,-0.9476909304777286,-0.938037026451936,-0.9380299712626802,-0.886611641539964,-0.8611624311367473,-0.8798938655942283,-0.8698252777351055,-0.869642137796995,-0.868888090209195,-0.8723192864857573,-0.8718346049381628,-0.8764672119253194,-0.8764879421908512,-0.8767550534726362,-0.8765798566794736,-0.8764074651760759,-0.8762378047907836,-0.8759504482894623,-0.8762404221407437,-0.8760791197448214,-0.8654814502393405
26,0.17211054,-0.9395760343312438,-0.9300517125376727,-0.9300446456629664,-0.8800836872546957,-0.855149625810388,-0.8755125047784832,-0.865738676401318,-0.8655182793277605,-0.8654564734657564,-0.8688073541002233,-0.869262992725551,-0.8738149582823108,-0.873810301975268,-0.8740568677013707,-0.8738724039543113,-0.8736909349554988,-0.8735123801820803,-0.8730396374011963,-0.8733261068160784,-0.8731748659047986,-0.8620798599099967
27,0.17663316,-0.9314611022987814,-0.9220663633104748,-0.9220592847502663,-0.8735359133800024,-0.8492513489460477,-0.8711120452013172,-0.861632133938334,-0.8613699736127736,-0.8619354558018234,-0.8652051146858463,-0.8665839999297372,-0.8710729480541941,-0.8710430926512832,-0.8712692967648703,-0.8710756112408475,-0.8708851091361267,-0.8706977035995741,-0.8700409214058908,-0.8703239434714254,-0.8701826712838766,-0.8586277820624558
28,0.18115577,-0.923346188209308,-0.9140810317397442,-0.9140739414940595,-0.8669683200180658,-0.8434643621203971,-0.8666913790245181,-0.8575044902800645,-0.8571958731377382,-0.8583275414964463,-0.8615151727489583,-0.8637992978331327,-0.8682414967560367,-0.8681866364930511,-0.868392670812728,-0.8681898093381742,-0.8679903191530852,-0.8677941071014138,-0.8669546760818928,-0.867234311350156,-0.8671029112010391,-0.8551378609837781
29,0.1856784,-0.9152312382338567,-0.9060956648560788,-0.9060885629248662,-0.860380820188734,-0.8377851990563885,-0.8622493460719489,-0.8533545371889345,-0.8529945965006435,-0.854635094025623,-0.8577399889833768,-0.8609104744895253,-0.8653208796108242,-0.8652412150364502,-0.8654272788296153,-0.8652152877609519,-0.8650068550400087,-0.8648018812295676,-0.8637812324097124,-0.8640575447494847,-0.863935916262252,-0.8516230008656493
30,0.190201,-0.9071163420873721,-0.8981103509418157,-0.8981032373251525,-0.8537734433537884,-0.8322103507974383,-0.857784871282624,-0.8491811466652008,-0.8487648588854231,-0.8508604493466556,-0.8538819960758176,-0.8579191221276279,-0.8623114204056925,-0.8622071587197354,-0.862373458914395,-0.8621523853019635,-0.8619350562692338,-0.8617213661220439,-0.8605209733977484,-0.8607940299579885,-0.8606820689858309,-0.8480963315386842
31,0.1947236,-0.8990014459408874,-0.8901250370275524,-0.8901179117254389,-0.8471461023666257,-0.8267360721701966,-0.8532968079077464,-0.8449831244923725,-0.8445053243147235,-0.8470057860745506,-0.8499434659387933,-0.8548267350828863,-0.8592133883701073,-0.8590847428969692,-0.8592314936035774,-0.8590013850325019,-0.8587752064357328,-0.8585528458867696,-0.8571742221218512,-0.8574440931854481,-0.8573416920701431,-0.8445710292764018
32,0.19924621,-0.890886531851414,-0.8821397054568219,-0.8821325684692319,-0.8404987389076277,-0.8213585160269561,-0.8487840358056965,-0.8407593020774213,-0.840214699043411,-0.8430732071379825,-0.84592659318099,-0.8516347727369453,-0.8560270619533792,-0.8558742521791385,-0.8560016746729677,-0.8557625793063109,-0.8555275984592091,-0.8552966139978339,-0.8537413112224095,-0.8540080701421101,-0.8539151177476958,-0.8410605480562712
33,0.20376883,-0.8827715998189515,-0.8741543562296239,-0.8741472075565319,-0.8338313091603549,-0.8160737271408338,-0.8442454522264503,-0.8365085279078261,-0.8358917233907334,-0.8390647335868208,-0.8418334887365296,-0.8483446546017739,-0.8527527236017671,-0.8525759751666554,-0.8526842978400692,-0.8524362644411335,-0.8521925292452133,-0.851952967936583,-0.8502225772041804,-0.850486300338333,-0.8504026820996854,-0.8375791698728458
34,0.20829144,-0.874656685729478,-0.8661690246588932,-0.8661618643003249,-0.8271437988419215,-0.8108776604458987,-0.8396799825536296,-0.8322296776884959,-0.8315351824932958,-0.8349823155724289,-0.8376661910398042,-0.8449577692605407,-0.8493906683908407,-0.849190213144052,-0.849279671514182,-0.849022749487766,-0.8487703084727608,-0.8485222179974247,-0.8466183696833246,-0.846879136345225,-0.8468047342896753,-0.8341432801905388
35,0.21281406,-0.8665417536970156,-0.8581836754316954,-0.858176503387625,-0.8204361345266336,-0.8057661199601447,-0.8350865201401967,-0.82792159799783,-0.8271438492721044,-0.8308277794150697,-0.8334266119743162,-0.8414754299258438,-0.845941159715822,-0.8457172354677569,-0.8457880719496386,-0.8455223112651469,-0.8452612135137046,-0.8450046420938302,-0.8429290039647636,-0.8431868963405582,-0.8431215892241128,-0.8307737592671467
36,0.21733667,-0.8584268396075421,-0.8501983438609647,-0.8501911601314179,-0.8137083019409965,-0.8007348588578556,-0.8304640074103598,-0.8235831823348416,-0.8227165621321818,-0.8266029009315876,-0.8291166117135066,-0.8378989346596243,-0.8424044888371951,-0.8421573395433382,-0.8422098035727813,-0.8419352548444494,-0.8416655500707111,-0.8414005465470713,-0.8391548249746799,-0.8394099281014873,-0.8393535913741368,-0.8275002929943803
37,0.22185928,-0.8503119255180687,-0.8422130122902342,-0.8422058168752111,-0.8069602422552793,-0.795779508073468,-0.8258113652468712,-0.8192133049449309,-0.8182521577560657,-0.8223093427114347,-0.824737934698508,-0.8342295133584052,-0.8387809220267154,-0.838510797619105,-0.8385451455018825,-0.8382618599318171,-0.8379835984256316,-0.837710212202958,-0.8352961507841794,-0.8355485524911682,-0.8355010583957689,-0.8243681538680643
38,0.2263819,-0.8421969934856062,-0.8342276630630362,-0.834220455962511,-0.8001918963762061,-0.7908956191994635,-0.8211275234883946,-0.814810849425432,-0.8137495003787262,-0.8179486822099482,-0.8202922383166018,-0.8304683503134664,-0.8350707226137049,-0.8347778790024786,-0.8347943739051746,-0.83450240328543,-0.8342156359143955,-0.8339339169633796,-0.8313532963716876,-0.8316030872489089,-0.8315643048506809,-0.8214480670486739
39,0.2309045,-0.8340820973391215,-0.8262423491487729,-0.8262351303627973,-0.7934032650776447,-0.7860787149665018,-0.8164114630872665,-0.8103747484270325,-0.8092075225708899,-0.8135224524692244,-0.8157811343982291,-0.8266166191144793,-0.8312741849564536,-0.8309588842406082,-0.8309577963511576,-0.8306571931418483,-0.8303619714278134,-0.8300719703600572,-0.8273266097191001,-0.8275738831159333,-0.827543678248953,-0.8188471197746547
40,0.23542711,-0.825967183249648,-0.8182570175780424,-0.8182497871065904,-0.7865942591206003,-0.7813241902692387,-0.8116621125135991,-0.8059038862782555,-0.8046251256528955,-0.809032046251944,-0.8112060914999868,-0.8226753989213873,-0.8273915514334431,-0.8270540616234487,-0.8270356679347365,-0.8267264851506038,-0.8264228611585817,-0.8261246291177746,-0.8232163837833564,-0.823461235757825,-0.8234394711551264,-0.8167089514320638
41,0.23994973,-0.8178522512171857,-0.8102716683508444,-0.8102644261938905,-0.7797648340097314,-0.7766274173038,-0.8068784413751863,-0.8013971870239869,-0.8000012697610821,-0.8044788043634066,-0.8065685249501464,-0.8186457500927508,-0.8234230865278328,-0.8230636817305477,-0.8230282661928874,-0.8227105574624575,-0.8223985838585657,-0.8220921725772512,-0.8190229352977653,-0.8192654646249489,-0.8192519998682768,-0.8151614936591898
42,0.24447234,-0.8097373371277121,-0.8022863367801139,-0.8022790829376836,-0.772914975500747,-0.7719837415454676,-0.8020594511585001,-0.7968536058371778,-0.7953349651308376,-0.7998640088173281,-0.8018697898535836,-0.8145287084274728,-0.8193690705608647,-0.8189880311185331,-0.8189358847600916,-0.8186097043643294,-0.8182894344536482,-0.8179748962903104,-0.8147465980230044,-0.814986906202657,-0.8149815976874902,-0.8141091153773061
43,0.24899496,-0.8016224050952498,-0.7943009875529159,-0.7942937220249835,-0.76604460877101,-0.7673884281774794,-0.7972041116960571,-0.7922720691576308,-0.7906252105284766,-0.7951888230853481,-0.7971111202617782,-0.8103252312424903,-0.8152297460163666,-0.8148273583681032,-0.8147587792060398,-0.8144241820044391,-0.8140956696586334,-0.8137730575268018,-0.8103876662046392,-0.8106258574461174,-0.8106285584482342,-0.8127667349115754
44,0.25351757,-0.7935074910057762,-0.7863156559821853,-0.7863083787687766,-0.75915371958631,-0.7628367523000987,-0.792311446728269,-0.7876515553962833,-0.7858710759826217,-0.7904543750782025,-0.7922937136755989,-0.8060362707235966,-0.8110053891513516,-0.810581946086987,-0.8104972393472696,-0.810154280853759,-0.8098175805854175,-0.8094869480264898,-0.8059464702013104,-0.8061826514545561,-0.8061932120455759,-0.8092815369024297
45,0.2580402,-0.7853925410303251,-0.77833028909852,-0.7783230001995833,-0.7522422174664534,-0.7583239155628321,-0.7873804373670612,-0.7829910038512391,-0.7810716089255654,-0.7856616651716994,-0.7874186374530463,-0.8016626903725319,-0.8066962270417838,-0.8062520275418401,-0.8061515055660119,-0.8058002418576692,-0.8054554087309155,-0.8051168098266007,-0.8014232892583169,-0.8016575702098818,-0.801675837324785,-0.801866473096145
46,0.26256278,-0.7772776807698181,-0.7703450104971914,-0.7703377099128561,-0.7453101648029508,-0.7538452039335033,-0.7824101857521287,-0.7782894693988147,-0.7762259932141556,-0.7808117262031429,-0.7824869915798796,-0.7972054101516998,-0.8023025798965221,-0.801837929670858,-0.8017219123604126,-0.8013624002619385,-0.8010094900730785,-0.8006629796223506,-0.7968185010123165,-0.7970509941512167,-0.7970768113932256,-0.7920950821747852
47,0.26708543,-0.7691626949083892,-0.7623596083005915,-0.7623522960306764,-0.7383573326526404,-0.749395707557662,-0.777399597190626,-0.7735458219014875,-0.7713332390798302,-0.7759053147089245,-0.7774995947013853,-0.79266512248378,-0.7978245803975142,-0.7973397911165366,-0.797208605390024,-0.796840902128531,-0.7964799710680175,-0.7961256042560101,-0.7921322873262402,-0.7923631078995643,-0.7923963158253702,-0.7843791021438686
48,0.27160805,-0.7610477628759268,-0.7543742590733936,-0.7543669351179765,-0.731383829514288,-0.7449707337787494,-0.7723478317094259,-0.7687591734420796,-0.7663926231623994,-0.7709433529236598,-0.7724574335590051,-0.7880426983136897,-0.7932625732470235,-0.7927579636292997,-0.7926119442887578,-0.7922361078954248,-0.7918672129411716,-0.7915050457244346,-0.787365052998528,-0.7875943191328296,-0.7876347548503537,-0.7802399165058287
49,0.27613065,-0.7529328667294422,-0.7463889451591303,-0.7463816095182627,-0.7243895952657577,-0.7405654880925977,-0.7672539412161623,-0.7639285350846614,-0.761403334299412,-0.7659265755811073,-0.767361303879772,-0.7833388614730508,-0.7886167933714316,-0.7880926887897162,-0.7879321782694906,-0.7875482673801133,-0.7871714661021927,-0.7868015550173965,-0.7825170886598196,-0.7827449213586763,-0.7827924186685559,-0.782379880248491
50,0.28065327,-0.7448179346969797,-0.7384035959319324,-0.7383962486055626,-0.7173745229136397,-0.7361751613570455,-0.7621169559512512,-0.7590528985083688,-0.7563645570689057,-0.7608556147826386,-0.7622118967683404,-0.7785542647360051,-0.7838874399327729,-0.7833441724017363,-0.7831695208140776,-0.7827775946180797,-0.7823929451288039,-0.7820153472438542,-0.777588648706456,-0.7778151718896147,-0.7778695612812279,-0.7736621457846373
51,0.2851759,-0.7367029847215285,-0.7304182290482671,-0.7304108700363694,-0.7103385825419404,-0.7317950142214409,-0.7569359753160687,-0.7541313222108835,-0.7512755603714345,-0.7557310907578283,-0.7570098909076121,-0.7736895746061296,-0.7790747592487655,-0.7785126677599234,-0.7783242332009372,-0.777924351532711,-0.7775319125760773,-0.7771466855777291,-0.7725800378202526,-0.7728053783914202,-0.7728664869111253,-0.7683205613594917
52,0.28969848,-0.7285881244610216,-0.7224329504469386,-0.7224255797496422,-0.7032818224643527,-0.7274203831706381,-0.7517101705780729,-0.7491629343331732,-0.7461356999635183,-0.750553616219159,-0.7517559569045629,-0.7687454764232042,-0.7741790492002955,-0.7735984800433204,-0.7733966288858565,-0.7729888523129599,-0.7725886833510088,-0.7721958856294486,-0.7674916152519307,-0.767715903163716,-0.7677835542883996,-0.7611616016345784
53,0.2942211,-0.7204731924285592,-0.7144476012197405,-0.714440218836942,-0.6962040569262542,-0.7230464936393121,-0.746438553572643,-0.7441467127361268,-0.7409441903300984,-0.7453235681881663,-0.7464505257890864,-0.7637224555198205,-0.7692004416015554,-0.7686017478765137,-0.7683868544793744,-0.7679712440424371,-0.7675634050005977,-0.7671630954000417,-0.7623235687479278,-0.7625469370253231,-0.7626209508195811,-0.7610158491850285
54,0.29874372,-0.7123582603960967,-0.7064622519925426,-0.706454857924242,-0.6891053027679495,-0.7186687370013576,-0.7411203000032325,-0.739081792353119,-0.7357004220001163,-0.7400414093433366,-0.7410941151514019,-0.7586211031527452,-0.7641392041769531,-0.7635227464581319,-0.7632951937149167,-0.7628718111572317,-0.7624563626491255,-0.7620486006879997,-0.7570762285340169,-0.7572988133678265,-0.7573790062306682,-0.7527055228297178
55,0.30326632,-0.7042433642496122,-0.6984769380782794,-0.6984695323245282,-0.6819855459531905,-0.7142825314311301,-0.7357545776632367,-0.7339673020179489,-0.7304037921381346,-0.7347075191208721,-0.735687157719541,-0.7534419554127514,-0.7589955802611448,-0.7583617266411015,-0.75812190607744,-0.7576908138112581,-0.7572678171057022,-0.7568526629443291,-0.7517499005656244,-0.7519718413700986,-0.7520580260006995,-0.752100762343526
56,0.30778894,-0.6961284322171497,-0.6904915888510814,-0.6904841714118282,-0.6748446778561836,-0.7098832886290647,-0.730340497594521,-0.7288023177841604,-0.7250536554390445,-0.7293221460638653,-0.730229953144818,-0.7481854453769865,-0.7537697401715153,-0.7531188661662108,-0.7528671779448806,-0.752428438951985,-0.7519979558756573,-0.7515754702209412,-0.7463448164298472,-0.7465662559018105,-0.7466582413092371,-0.7434881039451944
57,0.31231153,-0.688013554013654,-0.6825062925932854,-0.6824988634686076,-0.667682731750542,-0.7054665649104703,-0.724877293114621,-0.7235860336667193,-0.7196495002372806,-0.7238855869468346,-0.7247228495710152,-0.7428520769112241,-0.7484619529585255,-0.7477944419845997,-0.7475312953126989,-0.7470849732999553,-0.7466470663896929,-0.7462173106442764,-0.7408613111193959,-0.7410823953182608,-0.7411799866335721,-0.7363949956403996
58,0.31683415,-0.6798986219811917,-0.6745209433660876,-0.6745135025559075,-0.660499566790076,-0.7010278714786561,-0.7193640800872236,-0.7183175329144638,-0.7141907108129735,-0.7183979494192421,-0.7191660031577665,-0.7374421921343923,-0.7430723542006135,-0.7423885973050508,-0.742114410321888,-0.7416605695397094,-0.741215301864793,-0.7407783379530299,-0.7352995829567298,-0.7355204613654452,-0.7356234599064728,-0.7312532468994803
59,0.32135677,-0.6717836899487293,-0.6665355941388895,-0.6665281416432074,-0.6532951844937835,-0.6965628743705875,-0.7138000982220292,-0.7129960183774359,-0.7086768052532724,-0.7128593932082211,-0.7135596224574245,-0.7319562071966087,-0.7376011796221695,-0.7369015759518334,-0.7366167761278544,-0.7361554815250994,-0.7357029168389086,-0.7352588073553894,-0.7296599350311117,-0.7298807606353679,-0.7299889637202878,-0.7259184161009684
60,0.3258794,-0.663668739973278,-0.6585502272552244,-0.6585427630740143,-0.6460695228546853,-0.6920672719928522,-0.7081845542190921,-0.7076206627568928,-0.7031072794892658,-0.7072699751359437,-0.7079038114456209,-0.7263944596784144,-0.7320486122430419,-0.7313335690355803,-0.7310385932411825,-0.7305699104025791,-0.7301101130813434,-0.7296589212309241,-0.7239426173046761,-0.7241635466625111,-0.7242767475836513,-0.7205834572965693
61,0.330402,-0.6555538438267934,-0.6505649133409612,-0.6505574374743006,-0.638822599825871,-0.6875368885789677,-0.7025167330444372,-0.7021907150802618,-0.6974817167588362,-0.7016297609538983,-0.7021986827334779,-0.7207573189671677,-0.7264148915156805,-0.7256848244015204,-0.7253801191819427,-0.7249041144139153,-0.7244371495407422,-0.723978939220838,-0.7181479390757087,-0.7183691323870698,-0.7184871202822823,-0.7164621991915523
62,0.3349246,-0.6474389476803086,-0.6425795994266978,-0.6425721118745868,-0.6315543213651449,-0.6829675585749564,-0.69679584859642,-0.696705357725659,-0.6917996385968228,-0.6959386778094534,-0.6964442083249005,-0.7150450386615774,-0.7207001649278191,-0.7199554978244644,-0.7196415194060426,-0.7191582596277204,-0.7186841928859131,-0.7182190285820447,-0.7122761162410984,-0.712497737421262,-0.7126202972759712,-0.7096638235939976
63,0.33944723,-0.6393239977048575,-0.6345942325430327,-0.6345867333053936,-0.6242645927751498,-0.6783551989859068,-0.6910211296078039,-0.6911637885615715,-0.6860605890760243,-0.6901966009042297,-0.6906403073737231,-0.7092578417413405,-0.7149045719095704,-0.7141457371614903,-0.7138229516216048,-0.713332504372274,-0.712851402052645,-0.7123793488456163,-0.7063273578275693,-0.7065495745816626,-0.7066764871493608,-0.705147636023788
64,0.34396985,-0.631209065672395,-0.6266088833158345,-0.6266013723926935,-0.6169534320267056,-0.673695885069572,-0.6851919104707143,-0.6855653082270992,-0.6802642242728524,-0.6844034448721694,-0.6847869385175682,-0.7033960127284726,-0.7090283352792521,-0.7082557740031651,-0.7079246575604122,-0.7074270911172331,-0.7069390202333468,-0.7064601439121012,-0.7003019596964519,-0.7005249435793216,-0.7006559852409935,-0.6990233620155548
65,0.34849244,-0.6230941874688993,-0.6186235870580388,-0.6186160644494729,-0.6096208252870152,-0.6689857630956708,-0.6793075180555774,-0.6799092116672992,-0.6744101989612827,-0.678559052247232,-0.6788839871021266,-0.6974597854368858,-0.7030716480164559,-0.7022858101473775,-0.7019468492564342,-0.7014422326078277,-0.7009472608699615,-0.7004616279060949,-0.694200188127424,-0.6944241146083392,-0.6945590573266301,-0.6924701210177802
66,0.35301507,-0.6149792374934481,-0.6106382201743734,-0.6106306858802797,-0.6022666124534122,-0.6642209781772936,-0.6733671783637681,-0.6741946982190032,-0.668498072691842,-0.6726631020032796,-0.6729311729187478,-0.691449248581081,-0.697034577310393,-0.6962359214565226,-0.6958896127955113,-0.6953780155091623,-0.6948762111951248,-0.6943838886164213,-0.6880221817676644,-0.6882472303146927,-0.6883858416406482,-0.6869491736683087
67,0.3575377,-0.6068642875179968,-0.6026528532907082,-0.6026453073110865,-0.5948908116560547,-0.659397885756333,-0.6673702775604535,-0.668421122583706,-0.6625275685799171,-0.6667153698879127,-0.6669283131386042,-0.6853646099990716,-0.6909173287912789,-0.6901063226644966,-0.6897531734550403,-0.6892346658575897,-0.6887260979886229,-0.6882271535512992,-0.6817682221920006,-0.681994576309502,-0.682136619222186,-0.6810283225773308
68,0.3620603,-0.5987493913715122,-0.5946675393764449,-0.5946599817113728,-0.587493425319064,-0.6545129307547669,-0.6613162076744528,-0.6625878466659668,-0.6564984189195773,-0.6607155761568702,-0.6608751684697507,-0.6792060421709998,-0.6847200907269397,-0.6838972112000548,-0.6835377392944786,-0.6830123924628223,-0.6824971307950984,-0.6819916329754894,-0.6754385740782729,-0.675666421360254,-0.67581165422017,-0.6746777247438986
69,0.3665829,-0.5906344952250275,-0.5866822254621817,-0.5866746561116591,-0.580074357782365,-0.64956259423368,-0.6552042983176121,-0.6566941736741269,-0.6504102961718214,-0.6546633191366533,-0.6547713762015309,-0.6729736129948394,-0.6784429632597554,-0.6776086962968852,-0.677243430198103,-0.6767113158777369,-0.6761894308224583,-0.6756774487388114,-0.6690334130388567,-0.6692629452394088,-0.669411121774725,-0.6681551073175669
70,0.37110552,-0.582519563192565,-0.5786968762349837,-0.578689295198959,-0.5726335291974907,-0.6445434691359992,-0.6490339089798838,-0.6507394369356849,-0.6442629038923752,-0.6485581679566936,-0.648616543835391,-0.6666673799962444,-0.6720860521178922,-0.6712408928929596,-0.6708703718745985,-0.6703315625065684,-0.6698031251563695,-0.6692847285947171,-0.6625529214394461,-0.6627843345204507,-0.6629352037615275,-0.6616563629992593
71,0.37562814,-0.5744046311601028,-0.5707115270077858,-0.570703934286259,-0.56517092533949,-0.6394522966336329,-0.6428044713519486,-0.6447230408509976,-0.6380560179783995,-0.6423997054658137,-0.6424102923137505,-0.6602874346584371,-0.6656495124921408,-0.6647939655596127,-0.6644187397966969,-0.6638733085882589,-0.6633383907863828,-0.6628136502682852,-0.6559973329351344,-0.6562308270920518,-0.6563841332982273,-0.6551705831414346
72,0.38015077,-0.5662896811846514,-0.5627261601241205,-0.5627185557170657,-0.5576864825595258,-0.6342858903459139,-0.6365153943266241,-0.6386443692548458,-0.6317893910790984,-0.6361874353585645,-0.6361521623852713,-0.6538338061859138,-0.6591334511472965,-0.658268030430837,-0.6578886610317006,-0.6573366819237805,-0.6567953562322548,-0.6562643429836692,-0.6493668325680038,-0.6496026122776735,-0.6497580949126546,-0.6486141804478742
73,0.38467336,-0.5581748029811557,-0.5547408638663246,-0.5547332477738451,-0.5501802366536463,-0.6290412403203437,-0.6301661891477415,-0.6325029063781122,-0.6254628763395577,-0.6299209069718867,-0.6298417403351801,-0.6473065906655233,-0.6525380559192382,-0.6516632848866821,-0.6512803439933192,-0.6507218917593484,-0.6501742315557318,-0.6496370176017385,-0.6426616884712928,-0.642899962488241,-0.6430573561575317,-0.6419674195978072
74,0.38919598,-0.5500598709486934,-0.5467555146391267,-0.5467478868611451,-0.5426520242577899,-0.6237153059561401,-0.6237562172831506,-0.6262979930142957,-0.6190761752329639,-0.6235994675841106,-0.6234784085374934,-0.6407056927685273,-0.6458633338744546,-0.6449797453247397,-0.6445938160505484,-0.6440289661380498,-0.6434750454604357,-0.6429317034735416,-0.6358819855397797,-0.6361229669833106,-0.6362820014560577,-0.6352734980917355
75,0.3937186,-0.541944938916231,-0.5387701654119288,-0.5387625259484451,-0.5351018477443799,-0.618305271181133,-0.6172849987743041,-0.6200291247411791,-0.6126291438808318,-0.6172225679983605,-0.6170616532066355,-0.63403114346768,-0.6391094314338099,-0.6382175677314542,-0.6378292442614815,-0.6372580729502793,-0.6366979666521457,-0.6361485701038907,-0.6290279508487391,-0.6292718571634317,-0.6294322573054101,-0.6285862607722665
76,0.39824122,-0.5338300068837686,-0.5307848161847308,-0.530777165035745,-0.5275296596761261,-0.6128083952762456,-0.610752030493382,-0.6136957761831359,-0.6061216110372571,-0.6107895843269997,-0.6105908849087127,-0.6272829141839396,-0.6322764457889384,-0.6313768588105042,-0.6309867463745364,-0.6304093307490797,-0.629843114472234,-0.6292877376067346,-0.6220997617658097,-0.6223468147434733,-0.6225083005152684,-0.6219361213627876
77,0.4027638,-0.5257151466232617,-0.5227995375834023,-0.5227918747490177,-0.5199354797894457,-0.6072220978357215,-0.6041568868210911,-0.6072974985799022,-0.599553477464088,-0.6042999184139044,-0.6040655395933696,-0.6204610215584501,-0.6253645301210515,-0.624457781311462,-0.6240664961705757,-0.6234829141905947,-0.6229106644343387,-0.6223493823360123,-0.6150976525797525,-0.6153480783260443,-0.6155103647699535,-0.6153243098657712
78,0.40728644,-0.5176001787048216,-0.5148141530432696,-0.5148064785233312,-0.5123190924019898,-0.6015437355056681,-0.5974989563398269,-0.6008336642788854,-0.5929244528353189,-0.5977527400623628,-0.5974848194374012,-0.613565255875042,-0.618373617576794,-0.6174602777138362,-0.6170684470891084,-0.6164787774170357,-0.6159005713693415,-0.615333459797704,-0.6080216348492888,-0.6082756638789466,-0.6084384611418864,-0.608731475477556
79,0.41180903,-0.5094853005013258,-0.5068288567854736,-0.5068211705801107,-0.5046806349772388,-0.5957710382017896,-0.5907779547956821,-0.5943039645753441,-0.5862345656642749,-0.5911474929083373,-0.5908482013967069,-0.6065957129566493,-0.6113039595702132,-0.6103846090449396,-0.6099928710908797,-0.6093971933944324,-0.6088131092280301,-0.6082402449075188,-0.6008720423667031,-0.6011299094192015,-0.6012929227339252,-0.6021297480678813
80,0.41633165,-0.5013703684688634,-0.4988435075582758,-0.49883580966741065,-0.4970199247444569,-0.5899016080744948,-0.5839933370640259,-0.5877078388808108,-0.5794835769611187,-0.584483317422206,-0.5841548572158412,-0.5995521862120987,-0.6041555087393018,-0.6032307372303733,-0.602839740930665,-0.6022381356471691,-0.6016482522889985,-0.6010697126833671,-0.5936489064052155,-0.5939108505665258,-0.5940737802906534,-0.5954907421056818
81,0.42085424,-0.49325549026536764,-0.4908582113004798,-0.4908505017241901,-0.48933701544346325,-0.5839333383082547,-0.5771447859610587,-0.5810449495051674,-0.5726714659963492,-0.5777595327588378,-0.5774041376202766,-0.5924346742893177,-0.5969284330511033,-0.5959988396356577,-0.5956092446856578,-0.5950017932279619,-0.5944061905606679,-0.5938220540702197,-0.5863524756629256,-0.5866187402029461,-0.5867812818442673,-0.588790610012847
82,0.42537686,-0.48514055823290525,-0.48287286207328184,-0.48286514081149,-0.4816317571630122,-0.5778640766935387,-0.5702318230156485,-0.5743148033005394,-0.5657980421864446,-0.5709752557562717,-0.5705951896062527,-0.5852429781341343,-0.5896227062036101,-0.5886888991318276,-0.5883013758322437,-0.5876881604540493,-0.5870869191842729,-0.5864972650170073,-0.5789828021763239,-0.5792536346071289,-0.5794154788577042,-0.5820111596815664
83,0.42989948,-0.47702562620044286,-0.474887512846084,-0.47487977989878993,-0.473904152716662,-0.5716919010517252,-0.5632541255308015,-0.5675170600602111,-0.5588632597327423,-0.5641297136793961,-0.563727270460102,-0.5779770314481418,-0.582238442435595,-0.5813010391198565,-0.5809162681906275,-0.5802973721256816,-0.5796905739202747,-0.5790954822252254,-0.5715400792928977,-0.5718157312188425,-0.5719765640130219,-0.5751399043683252
84,0.43442208,-0.4689107300539582,-0.4669021989318207,-0.4668944542990763,-0.46615418825809174,-0.5654149893976416,-0.5562113766970262,-0.5606513868054375,-0.551867067718966,-0.5572220984561709,-0.5567996013329846,-0.5706367461733619,-0.5747757390524872,-0.5738353659163573,-0.5734540382999269,-0.5728295457711751,-0.5722172732661912,-0.5716168251422635,-0.5640244823906317,-0.5643052094364243,-0.5644647120186006,-0.5681689068204367
85,0.4389447,-0.46079579802149584,-0.4589168497046227,-0.45890909338637614,-0.4583817469829932,-0.5590315474992255,-0.5491031860488156,-0.5537173801252321,-0.5448093304584235,-0.550251490206733,-0.5498112905930159,-0.563221930535968,-0.5672345923940365,-0.5662918846848466,-0.5659147013788373,-0.565284697549074,-0.5646670343015449,-0.5640613117503732,-0.5564360842550197,-0.5567221460443946,-0.5568799950251988,-0.5610935381426576
86,0.44346732,-0.45268086598903345,-0.4509315004774248,-0.4509237324736761,-0.45058681476157053,-0.5525399751571447,-0.5419292764310626,-0.5467147484487113,-0.5376900125426645,-0.54321704214664,-0.5427615192387446,-0.5557324850830901,-0.5596150965444251,-0.5586706982034232,-0.5582983699736743,-0.5576629410457711,-0.5570399716317935,-0.5564290576537655,-0.5487750550300974,-0.5490667150169777,-0.5492225824769821,-0.553911630391024
87,0.44798994,-0.4445659339565711,-0.44294615125022696,-0.4429383715609761,-0.4427693431489994,-0.5459387553482522,-0.5346893598041853,-0.5396431909994723,-0.530509054802816,-0.5361178603442983,-0.535649420265838,-0.5481682744742084,-0.5519173124273518,-0.550971875882549,-0.5506051230047571,-0.5499643562235956,-0.5493361662402724,-0.5487201448364716,-0.5410415301843186,-0.5413390555592983,-0.5414926091432869,-0.5466225427332903
88,0.45251256,-0.4364510019241087,-0.43496080202302895,-0.434953010648276,-0.4349292836078743,-0.5392264814231664,-0.5273831683328296,-0.5325024280987511,-0.5232664045866356,-0.5289530358403697,-0.5284741108511104,-0.5405291611106975,-0.5441413014482734,-0.5431954873992119,-0.5428350393568466,-0.542189023037268,-0.5415556991300946,-0.5409346553291474,-0.53323564422508,-0.5335393057863268,-0.5336902088158082,-0.5392266012272453
89,0.45703515,-0.4283361237206129,-0.426975505765233,-0.42696770270505546,-0.4270666397390318,-0.5324019024037012,-0.5200105035945901,-0.5252922493097174,-0.5159620639210996,-0.5217216945955081,-0.5212347423123589,-0.5328150579199925,-0.5362871787259926,-0.5353416559011097,-0.5349882510032968,-0.5343370745930554,-0.5336987045175418,-0.5330727244359506,-0.5253575838899532,-0.5256676558565707,-0.525815567476738,-0.5317247410344311
90,0.46155778,-0.4202211737451617,-0.41899013888156783,-0.4189823241358623,-0.41918124104752547,-0.5254637253324123,-0.5125710240689036,-0.5180123055710111,-0.5085958784756066,-0.5144227907697885,-0.5139302931448153,-0.5250257072661718,-0.5283548874851668,-0.5274103323903558,-0.5270647175679517,-0.5264084715643078,-0.5257651441044727,-0.5251343148669438,-0.5174073617259215,-0.5177241217238335,-0.5178686969749831,-0.5241180202784558
91,0.4660804,-0.4121062417126993,-0.4110047896543698,-0.41099696322316215,-0.4112731256686474,-0.5184109481340766,-0.5050646045832448,-0.5106624607744612,-0.501167893133795,-0.5070554610849093,-0.5065599237059657,-0.5171610584591771,-0.5203445829767999,-0.5194016795979516,-0.519064609816442,-0.518403385933838,-0.5177551910662417,-0.5171196009662018,-0.5093852009190679,-0.5097089296371854,-0.509849819689646,-0.5164078155552815
92,0.470603,-0.4039913455662147,-0.4030194757401066,-0.4030116376234485,-0.40334226240526627,-0.5112426188498032,-0.49749107614174937,-0.5032425373712486,-0.4936780937350088,-0.49961877152873135,-0.49912272256890655,-0.5092209969769825,-0.5122563563618592,-0.511315795846512,-0.5109880337281544,-0.51032192488356,-0.5096689537630295,-0.5090286922487157,-0.5012912580821293,-0.5016222391375724,-0.5017590914385306,-0.5085954546092734
93,0.4751256,-0.39587644941973005,-0.39503416182584333,-0.3950263120237348,-0.3953885673341422,-0.5039578464636443,-0.48985023999066174,-0.4957523299791823,-0.4861264207497763,-0.4921117329808311,-0.4916177222025613,-0.5012053604404292,-0.5040902505233577,-0.5031527308594961,-0.5028350462818694,-0.5021641465957062,-0.5015064915563051,-0.50086164923178,-0.4931256391279414,-0.49346415891114204,-0.4935966173410855,-0.500682171513257
94,0.47964823,-0.38776149944427873,-0.38704879494217803,-0.3870409334545415,-0.3874119383721053,-0.4965558296889168,-0.4821418996694127,-0.4881916366907898,-0.47851280071301444,-0.48453333456277486,-0.48404393232802645,-0.49311397358679193,-0.49584629529833,-0.4949125209722488,-0.4946056906082879,-0.4939300954300794,-0.4932678500102635,-0.49261851866008793,-0.4848884344611553,-0.4852347819394056,-0.48536248699374673,-0.49266911014366943
95,0.48417085,-0.3796465674118164,-0.37906344571498013,-0.37905557254184147,-0.37941239672581684,-0.4890359893989429,-0.47436599844652044,-0.48056039394546646,-0.47083728157561844,-0.47688268087142727,-0.4764004769738706,-0.48494679413648556,-0.48752465575926723,-0.48659533730979865,-0.4863001439288318,-0.48561994994546853,-0.48495320899400085,-0.4842994816868832,-0.47657986683657605,-0.4769343331985346,-0.47705692227437607,-0.4845574567613493
96,0.48869348,-0.3715316174363651,-0.37107807883131483,-0.37107019397264823,-0.3713898577352979,-0.48139775624883796,-0.466522398160105,-0.47285845963220996,-0.46309981395529093,-0.46915877671323936,-0.46868637926694784,-0.47670368223988857,-0.4791253969912655,-0.47820125064058294,-0.47791848268126347,-0.4772337878907438,-0.47656264754109534,-0.47590461860492694,-0.46820005608274184,-0.4685629345898616,-0.4686800421540276,-0.47634821042773534
97,0.49321607,-0.3634167392328693,-0.3630927825735189,-0.3630848860294277,-0.36334436094486844,-0.47364078727807407,-0.4586111031416252,-0.4650858328733697,-0.4553004719042025,-0.46136074970947366,-0.4609007837494036,-0.46838463731053515,-0.4706487250971406,-0.4697304722216483,-0.469460922989434,-0.46877182680714286,-0.46809638458145464,-0.4674341497050364,-0.4597492594768277,-0.4601208450629589,-0.4602321029854145,-0.4680424231446098
98,0.4977387,-0.3553017892574181,-0.3551074156898537,-0.3550995074602345,-0.3552757145655594,-0.4657646240008804,-0.4506319111327648,-0.4572423111079971,-0.44743910852420526,-0.4534875085835237,-0.4530426151161992,-0.4599894326647172,-0.4620946146418893,-0.46118298146771974,-0.46092744887128445,-0.4602340520414616,-0.4595544067640967,-0.4588880629126978,-0.4512275000418544,-0.4516080892776442,-0.45171312692674437,-0.4596408434369312
99,0.5022613,-0.3471868931109334,-0.34712210177559033,-0.34711418186052073,-0.34718399383869447,-0.4577691738274229,-0.44258490385426996,-0.449327972109549,-0.43951583939719235,-0.44553822919086056,-0.44511106337077017,-0.451518133137015,-0.45346333582201276,-0.45255905271907304,-0.45231833814206013,-0.4516207429215194,-0.4509369948987071,-0.45026664048977894,-0.44263509181731836,-0.44302498231500703,-0.44312342703575247,-0.4511444429435784
100,0.5067839,-0.3390719969644489,-0.3391367878613272,-0.3391288562608071,-0.33906909565832005,-0.44965427788305157,-0.43447000782264816,-0.4413427423855518,-0.43153060965808154,-0.43751192386863846,-0.43710515385482857,-0.4429706348883554,-0.444754985332279,-0.44385878642525367,-0.4436336943129184,-0.4429320044150974,-0.4422442553803366,-0.44156999023021937,-0.433972172107046,-0.43437166239730574,-0.4344631396729678,-0.4425539663853842
101,0.5113065,-0.3309571008179642,-0.33115147394706385,-0.3311435306610933,-0.33093097026894763,-0.44141993616758535,-0.4262872230378639,-0.43328662193596845,-0.4234834193068675,-0.4294076695682061,-0.42902397488920646,-0.43434690777800555,-0.4359697331245893,-0.4350823556916505,-0.4348736927042671,-0.43416801336871097,-0.43347636655076505,-0.4327982919412446,-0.4252389471411889,-0.4256483362764488,-0.42573247008249304,-0.4338701836622021
102,0.51582915,-0.32284211495653525,-0.323166071750464,-0.3231581167789138,-0.32276947746220847,-0.4330661626918429,-0.4180364786890699,-0.4251595422194088,-0.41537418127338704,-0.4212244676384242,-0.42086653785847844,-0.4256468451822909,-0.4271076692368778,-0.4262298532300956,-0.4260384276430498,-0.42532886563445904,-0.42463342575652985,-0.42395164443413225,-0.4164355395485526,-0.4168551268616131,-0.4169315399095577,-0.42509374793243015
103,0.52035177,-0.3147271829240728,-0.315180722523266,-0.3151727558662137,-0.31458471150388106,-0.424593318534487,-0.40971796182590353,-0.4169616899156305,-0.40720304447757727,-0.41296157261626115,-0.41263210486976326,-0.4168706124954593,-0.418169158620319,-0.4173016457723787,-0.4171282661476394,-0.4164149299096979,-0.4157158033398068,-0.41503041966285426,-0.4075623405824827,-0.40799242501991273,-0.4080607393277322,-0.41622555570084635
104,0.5248744,-0.3066122329486216,-0.3071953556396008,-0.3071873772970205,-0.30637655011735154,-0.4160016508237415,-0.4013316616418252,-0.40869305806075296,-0.398969945997157,-0.404618043185923,-0.40431974102162827,-0.4080181685846495,-0.4091543535352151,-0.40829788696039604,-0.40814336172706145,-0.4074263613216902,-0.4067236560134333,-0.40603477589424497,-0.39861952548178553,-0.3990604054812506,-0.39912024253685846,-0.40726627186418574
105,0.529397,-0.2984973368021369,-0.2992100417253375,-0.29920205169730674,-0.29814501591747866,-0.40729166492114055,-0.39287773581567187,-0.4003538069854995,-0.3906749711657178,-0.39619310881258873,-0.39592867973415274,-0.399089654202785,-0.4000635890412059,-0.3992189123667257,-0.39908404858194174,-0.39836349579838976,-0.397657321397601,-0.3969650524068139,-0.3896074459764001,-0.39005941886817447,-0.39011040016061405,-0.39821672883410636
106,0.53391963,-0.2903823868266857,-0.29122467484167225,-0.29121667312811356,-0.289889949466383,-0.39846378136301347,-0.384356175966604,-0.39194393441920833,-0.38231802537573567,-0.3876858398134528,-0.3874579939810071,-0.3900850408654859,-0.39089702535126003,-0.3900648822659751,-0.38995048509551167,-0.3892264934154325,-0.38851696122619395,-0.3878214125596709,-0.3805262753364894,-0.38098963715956796,-0.3810313843866429,-0.3890775773785784
107,0.5384422,-0.2822675445091677,-0.28323941389681095,-0.2832314004978793,-0.2816114649456068,-0.38951882079908606,-0.37576727680273075,-0.3834637383805297,-0.3738992945220035,-0.3790956185398696,-0.37890706540983143,-0.3810046285906209,-0.38165515447597853,-0.38083628757617627,-0.38074315862624875,-0.38001584338243494,-0.37930306652219087,-0.37860434915264407,-0.3713765102353118,-0.371851554913816,-0.3718836907078047,-0.3798497971695826
108,0.5429648,-0.27415264836268294,-0.27525409998254763,-0.27524607489816555,-0.27330934742245894,-0.38045735818300236,-0.36711101317873573,-0.37491320233340186,-0.3654186344422287,-0.370421520528718,-0.370274968088511,-0.37184838974599793,-0.3723381322295906,-0.3715332827609068,-0.3714622198768791,-0.37073169816341567,-0.37001579147537467,-0.3693140180669318,-0.3621583088499642,-0.36264532818700895,-0.36266747617853123,-0.37053403585186173
109,0.54748744,-0.2660376804442428,-0.267268715442415,-0.2672606786724791,-0.2649835274721963,-0.37128023086869766,-0.3583875301012108,-0.3662924787765909,-0.35687605176657566,-0.3616628071242558,-0.36156095889339057,-0.362616489076755,-0.3629463075529181,-0.3621562143992441,-0.36210801024604033,-0.36137440102631685,-0.36065548118504465,-0.3599507661965082,-0.3528720150117724,-0.3533712980094347,-0.35338308344129277,-0.36113114165053484
110,0.55201006,-0.25792274841178053,-0.2592833662152172,-0.2592753177597792,-0.2566340647765548,-0.36198852854148533,-0.3495971291169599,-0.357601876110227,-0.3482716906158053,-0.35281891677971794,-0.3527644685499505,-0.3533092719778469,-0.3534802103608434,-0.3527056089721015,-0.35268104955775204,-0.35194447375589866,-0.3512226593566829,-0.35051511912889827,-0.3435181454664957,-0.3440299776297555,-0.34403102799810203,-0.3516421566803593
111,0.5565327,-0.2498077804933404,-0.25129798167508455,-0.25128992153409274,-0.2482608347757017,-0.3525832466830834,-0.34073993923761897,-0.3488415333712244,-0.33960551082822377,-0.3438891380770764,-0.3438847762435637,-0.34392691851279816,-0.34394019956125627,-0.3431818214175053,-0.34318168544972577,-0.34244226592811644,-0.34171767746514986,-0.34100743019984053,-0.3340970417220864,-0.3346217048102744,-0.3346116501282506,-0.34206796839145315
112,0.5610553,-0.24169288434685565,-0.24331266776082122,-0.24330459593437895,-0.2398638979017219,-0.343065697774497,-0.33181630559693565,-0.3400118044740281,-0.3308776688544677,-0.3348730046198849,-0.334921402277741,-0.3344698573238323,-0.3343268839895593,-0.33358545534980394,-0.33361051250826673,-0.3328683741761936,-0.33214113414874097,-0.33142830001225854,-0.32460928577249337,-0.32514705697782087,-0.32512553053193216,-0.3324097352388955
113,0.5655779,-0.23357798820037112,-0.23532735384655806,-0.23531927033466538,-0.23144312929762767,-0.3334370957392255,-0.3228263976993285,-0.33111287073888507,-0.32208813495028,-0.3257699040306756,-0.3258737191428663,-0.3249383531136676,-0.324640702932413,-0.32391694427067014,-0.32396795452067967,-0.32322322431726364,-0.3224934572131416,-0.3217781583204909,-0.31505528563209617,-0.3156064373075958,-0.3155730759410358,-0.3226684691816122
114,0.57010055,-0.225463002338942,-0.22734195164995805,-0.22733385645248566,-0.22299838446776932,-0.3236987389456659,-0.3137703828943797,-0.32214491231604947,-0.3132368635717828,-0.31657925610808085,-0.31674112863694015,-0.3153326927519895,-0.3148821154562999,-0.3141767405743463,-0.31425445298726357,-0.3135072599260691,-0.31277509226534245,-0.3120574527229904,-0.305435462322138,-0.3060002614475321,-0.30595470606759845,-0.31284522853896485
115,0.5746231,-0.2173481959074017,-0.21935672601803138,-0.21934861913523773,-0.21452989279050277,-0.31385246918475,-0.30464885066467895,-0.3131085285525133,-0.3043242084733784,-0.30730094884021775,-0.30752349487581354,-0.3056536381277115,-0.30505206028084325,-0.304365774495991,-0.3044709247482137,-0.3037214000684863,-0.3029869605510412,-0.30226710660096223,-0.2957507026705612,-0.2963294096511657,-0.2962713063416899,-0.3029415844867313
116,0.5791457,-0.20923329976091717,-0.21137141210376822,-0.21136329353552413,-0.20603732259011256,-0.303899589370567,-0.2954618077148168,-0.3040037426512627,-0.29534994127917086,-0.2979343217701718,-0.2982201340657159,-0.29590136265869665,-0.2951508755039687,-0.2944843758794689,-0.29461768670759786,-0.29386596376011304,-0.2931293831545918,-0.29240744306616717,-0.2860012944990281,-0.28659416347072064,-0.28652316325420435,-0.2929585359923561
117,0.58366835,-0.20111831389948825,-0.20338600990716837,-0.20337787965334467,-0.19752062177539306,-0.2938418346988233,-0.2862095800537265,-0.29483089503701826,-0.28631413375852355,-0.28847908631021074,-0.28883072883517646,-0.28607641088834074,-0.2851792734105014,-0.28453324711610367,-0.28469542606616044,-0.28394164044166387,-0.2832030517108375,-0.28247915590327305,-0.27618788727455545,-0.27679516502914564,-0.2767109248656348,-0.2828974939420648
118,0.588191,-0.19300332803805914,-0.19540060771056836,-0.19539246577116498,-0.18897983270978527,-0.28368116463254206,-0.2768926169939879,-0.2855904494898688,-0.27721696677996066,-0.2789351329374336,-0.2793551363784387,-0.2761794935785029,-0.2751381320549118,-0.2745132550600426,-0.27470499274427335,-0.2739492823380512,-0.27320882070187835,-0.2724831018058083,-0.2663112860970991,-0.2669332112761387,-0.266835394832468,-0.27276007436944655
119,0.5927136,-0.1848884318915746,-0.18741529379630517,-0.18740714017145138,-0.1804149987241013,-0.2734196546465698,-0.26751139052564316,-0.2762828934701397,-0.26805863271729713,-0.26930243381655505,-0.2697932915705903,-0.26621138372715725,-0.26502838958440944,-0.2644253255327601,-0.26464729415362054,-0.26388979920264555,-0.2631476021745969,-0.26242019506761594,-0.25637234737144987,-0.2570091497971647,-0.2568974280952333,-0.26254799430874465
120,0.5972362,-0.1767735357450899,-0.17942997988204185,-0.17942181457173756,-0.17182597394078242,-0.2630592659901132,-0.2580661856128599,-0.2669085299434695,-0.2588391315444787,-0.25958083169337925,-0.26014499734267676,-0.2561726964810979,-0.25485082108871093,-0.25427022065199767,-0.2545230731855363,-0.2537639362698485,-0.2530201436584788,-0.2522911854668925,-0.2463717594238709,-0.24702365975174162,-0.246897711513966,-0.25226284834503127
121,0.60175884,-0.16865856782664973,-0.17144459534190923,-0.17143641834605117,-0.16321263038607525,-0.2526020904411075,-0.24855732506914696,-0.2574677003183694,-0.24955849120288676,-0.24977027471595079,-0.25041015772833,-0.2460641308560223,-0.2446062838852427,-0.2440487835936641,-0.24433315223868818,-0.24357251833237403,-0.24282727229117268,-0.24209690243876048,-0.23631028372266866,-0.23697749272808133,-0.23683700506071498,-0.24190635819585016
122,0.60628146,-0.1605436357941873,-0.16345924611471124,-0.16345105743335106,-0.1545750303830575,-0.2420505624671907,-0.23898536128162418,-0.2479609749271922,-0.240216955467566,-0.23987102038994731,-0.24058898003638493,-0.2358866766172555,-0.23429592696211407,-0.2337621475243921,-0.23407864146774227,-0.2333166580128509,-0.23257010311229354,-0.23183846339056682,-0.22618896021467383,-0.22687167775141573,-0.22671634714548994,-0.2314805865038977
123,0.610804,-0.15242884730563594,-0.155474038139252,-0.1554658377725964,-0.14591323744685192,-0.23140723302514388,-0.22935086930453435,-0.23838894777173114,-0.23081478280456447,-0.22988342877733764,-0.23068176941874735,-0.22564139741147138,-0.2239209708762081,-0.2234115159540492,-0.22376071977196021,-0.22299753670987887,-0.2222498199680823,-0.22151705456624488,-0.21600889074397303,-0.21670730501696378,-0.21653683805855584,-0.22098771613239063
124,0.61532664,-0.14431387938719578,-0.1474886535991194,-0.14748044154690998,-0.13722685468841714,-0.22067419711595088,-0.2196539304374842,-0.22875172318889037,-0.22135174329090607,-0.219807430776572,-0.2206884014242172,-0.2153288845349987,-0.21348215481815283,-0.21299761111898297,-0.21338008493564453,-0.21261585468531485,-0.21186712554732898,-0.2111333810325929,-0.2057706967376189,-0.20648498441120436,-0.2062990976784188,-0.21042949226345878
125,0.61984926,-0.13619894735473353,-0.13950330437192157,-0.13949508063421004,-0.1285160598559515,-0.20985436735919724,-0.2098952845455616,-0.21905006079830786,-0.2118282440001045,-0.20964372907668635,-0.21060951309995896,-0.20495048545344471,-0.20298098041401896,-0.2025219148393313,-0.2029381905360893,-0.20217306810902486,-0.20142347855853976,-0.2006889039846569,-0.19547573936027146,-0.19620606377391395,-0.19600448556397168,-0.19980848168841872
126,0.6243719,-0.12808397943629338,-0.13151791983178895,-0.13150968440852362,-0.11978072372598006,-0.19895038880558444,-0.20007534845184058,-0.2092844001750684,-0.2022443719498502,-0.19939278575302033,-0.20044549863952754,-0.19450726309039518,-0.19241865778411,-0.19198561704790726,-0.19243619779103652,-0.1916703407864097,-0.1909200453413291,-0.19018479224462537,-0.18512508536336866,-0.18587159633700637,-0.18565406685909172,-0.18912700792841192
127,0.62889445,-0.11996917300475307,-0.12353269419986232,-0.12352444709127572,-0.11102100704996865,-0.18796537914394304,-0.1901948842816256,-0.1994555252634794,-0.1926005472814892,-0.1890555240971366,-0.19019720524334996,-0.1840007097209528,-0.18179682770016292,-0.18139033619034842,-0.1818756936290191,-0.18110926228863866,-0.18035841805438932,-0.179622640505476,-0.1747202149982629,-0.1754830475309649,-0.175249320182843,-0.17838788228990354
128,0.63341707,-0.1118542409722906,-0.11554734497266433,-0.11553908617857558,-0.10223654770811397,-0.17690190994786054,-0.18025408334014031,-0.189563653110143,-0.1828966300155989,-0.17863237674464427,-0.17986498927978795,-0.17343177599291484,-0.17111657961455295,-0.17073713969149235,-0.17125771435592166,-0.17049087155967615,-0.16973963822547414,-0.16900349282629015,-0.16426205990853388,-0.16504133438027477,-0.16479117553745742,-0.16759341149159454
129,0.6379397,-0.10373929099683943,-0.10756197808899912,-0.10755370760938246,-0.09342740910861444,-0.16576319376197532,-0.1702536347952131,-0.17960949687642602,-0.17313296403213838,-0.16812440924482247,-0.1694498300977496,-0.16280201063234054,-0.16037960374333413,-0.16002769316349064,-0.1605838910933451,-0.1598168024192518,-0.15906534231615707,-0.15832898825611572,-0.15375213171837374,-0.1545479523189431,-0.15428114288151698,-0.1567465627512789
130,0.6424623,-0.09562439485035468,-0.09957666417473576,-0.09956838200966861,-0.08459361674796179,-0.15455250445240162,-0.1601942046218532,-0.1695937476655697,-0.16330986950813633,-0.1575327824252313,-0.1589527968343812,-0.15211300952908402,-0.14958763354111146,-0.14926370425144167,-0.149855895434544,-0.14908872917657987,-0.14833720729491523,-0.14760080636792716,-0.14319197561777897,-0.14400442962888135,-0.14372076572970158,-0.14585039966444058
131,0.6469849,-0.0875094987038702,-0.0915913502604726,-0.09158305640995501,-0.07573505959593685,-0.1432730489075341,-0.15007632188248235,-0.1595169611749894,-0.15342753276802584,-0.14685863809296087,-0.1483749350756724,-0.14136629827052796,-0.13874232694527577,-0.13844680419904998,-0.13907532141767157,-0.13830824860655658,-0.13755683261637822,-0.13682054924101494,-0.13258305427357508,-0.13341221153445765,-0.13311150505853891,-0.13490796183583242
132,0.6515075,-0.07939460255738545,-0.08360603634620928,-0.08359773081024124,-0.06685168487405951,-0.13192821183151854,-0.13990059967016685,-0.14937977760811053,-0.14348622293955665,-0.1361033375838573,-0.13771750319623427,-0.13056357032458366,-0.1278455065809883,-0.12757878743988507,-0.1282439243250863,-0.1274771187518643,-0.12672597902585422,-0.12598998026758257,-0.12192698293619134,-0.12277289493968496,-0.12245497441712888,-0.12392250648577025
133,0.6560301,-0.07127970641090092,-0.07562072243194612,-0.07561240521052764,-0.057943439703523614,-0.12052148036727317,-0.1296676687820268,-0.1391828556552677,-0.13348622815143873,-0.12526839860554465,-0.12698190966254957,-0.11970661987480288,-0.1168990914729133,-0.11666154348817562,-0.11736355280889857,-0.1165971910434851,-0.11584650067500399,-0.11511095626376189,-0.11122546258511126,-0.11208816168108846,-0.11175287307404977,-0.11289743785596124
134,0.66055274,-0.06316473849246079,-0.06763533789181353,-0.0676270089848412,-0.04901019198549983,-0.10905634048820284,-0.11937808627288077,-0.12892678132419713,-0.12342776707392716,-0.11435540469932165,-0.11616962325054933,-0.10879724825932544,-0.10590500230606867,-0.10569696246302199,-0.10643605474767637,-0.10567031616068617,-0.10492025098516344,-0.10418533333632801,-0.10048018737238806,-0.10135968611946253,-0.10100689345597016,-0.10183620978586269
135,0.6650754,-0.05504973468804292,-0.05964991803874625,-0.05964157744616849,-0.04005192764689741,-0.09753652776427368,-0.10903256216156756,-0.1186122938698003,-0.11331121143433506,-0.10336625208530903,-0.10528241754514892,-0.09783750781336645,-0.09486540669200447,-0.09468717970914817,-0.09546352105632705,-0.09469858782595403,-0.09394932642730713,-0.09321521064767666,-0.0896930844127461,-0.0905893745595534,-0.09021896095390808,-0.09074256982975881
136,0.66959804,-0.04693476676960273,-0.05166453349861361,-0.051656181220482045,-0.031068672735293734,-0.08596592596619584,-0.09863187069786086,-0.10824019745788402,-0.10313700036384144,-0.09230306291004875,-0.09432228490366928,-0.08682961076670537,-0.08378262653979562,-0.08363448342268903,-0.08444819364457312,-0.08368425075752517,-0.0829359744688754,-0.08220283835717818,-0.07886622320384162,-0.07977927482246755,-0.079391143344891,-0.07962046192806915
137,0.67412066,-0.03881983473714029,-0.043679184271415594,-0.04367082030778191,-0.02206037429978247,-0.07434841079674165,-0.08817671225781137,-0.09781122343442397,-0.0929055062541091,-0.08116804492788088,-0.08329129740248625,-0.07577578633472326,-0.0726589935136252,-0.07254117052005665,-0.0733923218007207,-0.07262955706212587,-0.07188244997549564,-0.07115047403188612,-0.06800167452333877,-0.06893143537163404,-0.06852550967893922,-0.06847387686838596
138,0.6786433,-0.030704866818700327,-0.03569379973128317,-0.035685424082095685,-0.013026899282734872,-0.06268784479382838,-0.07766771070330858,-0.08732602756836888,-0.08261703292175132,-0.06996349465587098,-0.072191609946473,-0.06467828174848445,-0.06149684959852891,-0.061409547229633044,-0.06229816280949735,-0.06153676685724768,-0.06079101583760643,-0.060060383277422746,-0.057101511206608446,-0.058047906096111435,-0.05762413105345521,-0.05730684826677335
139,0.68316585,-0.022590060387159994,-0.02770857409935651,-0.027700186764847756,-0.00396841449668156,-0.050988564767809885,-0.06710585565759636,-0.07678563136169564,-0.07227224958969203,-0.05869227570989771,-0.061025934110676305,-0.0535398323456433,-0.05029901905661943,-0.05024239978108186,-0.051168451094640244,-0.05040861734861746,-0.04966441198349153,-0.0489353086872541,-0.04616826914084465,-0.04713119861721554,-0.046689541663320566,-0.046123918079864545
140,0.68768847,-0.014475128354697608,-0.019723224872158607,-0.019714825852147677,0.005115453951042848,-0.03925429292477972,-0.0564915228379016,-0.06619044442752292,-0.06187123235911701,-0.04735678016563516,-0.04979650922629758,-0.042362631330551015,-0.03906777171331338,-0.03904196055904935,-0.040005367881810805,-0.039247292628885766,-0.038504825312388136,-0.03777743990887206,-0.035203935176363554,-0.03618327574969654,-0.035723726593133776,-0.03492909334453348
141,0.6922111,-0.006360178379246406,-0.011737857988493361,-0.011729447282954553,0.014224639906313008,-0.027489399768436673,-0.04582561671895491,-0.05554140475477476,-0.05141458412162753,-0.03596015421767307,-0.03850631658111442,-0.031149538536669796,-0.027806037409866036,-0.027811119261432204,-0.028811748336273812,-0.02805563064709049,-0.027315096497505242,-0.02658962028212125,-0.024211133131392948,-0.025206735725862572,-0.02472930796696382,-0.02372705094441746
142,0.6967337,0.0017547177672383452,-0.00375254407422998,-0.0037441216832406754,0.023359116426160287,-0.015698281145027193,-0.03510901279739842,-0.04483942223316123,-0.040902889418336974,-0.024505709777640272,-0.027158496577062652,-0.019903494444003522,-0.016516815596966994,-0.016552834146375983,-0.017590494846205618,-0.016836536558919868,-0.016098133402677572,-0.015374760321679226,-0.013192547490779416,-0.014204236796352132,-0.01370896858610171,-0.012522536649743676
143,0.7012563,0.009869613913723041,0.004232769840033346,0.004241203916473091,0.032518997742641886,-0.0038852222514306756,-0.024342436848409088,-0.03408525797129319,-0.030336596644949254,-0.012996801339491937,-0.015756226803820328,-0.008627397239143852,-0.005203051085220567,-0.0052700081655931985,-0.006344453612220302,-0.00559285934290743,-0.004856787724859091,-0.004135714385484712,-0.002150802463779411,-0.0031783764805600745,-0.0026653309652202584,-0.0013202310373766069
144,0.7057789,0.017984510060207626,0.012218083754296505,0.012226529516186746,0.04170433785005001,0.00794534674516345,-0.01352670052320254,-0.02327975951078709,-0.019716249821748466,-0.0014370838314460843,-0.00430297757051179,0.002675646406663512,0.0061321152155063285,0.006034260939104419,0.0049233360236138335,0.005672358918798748,0.006405895772719661,0.007124470139092065,0.008911292965145812,0.007868063720125107,0.008398797578054396,0.009875014356348466
145,0.7103015,0.02609940620669232,0.020203397668559886,0.020211855115900457,0.05091519084517293,0.019788933479071902,-0.0026626305204662803,-0.012423790106115551,-0.009042419940612667,0.010169557139753316,0.007197557082364359,0.014002392865281543,0.017485419356611742,0.0173567534461328,0.016209714078274595,0.01695595553379925,0.017686751746823104,0.018402625314477672,0.019990816021401514,0.01893218917392059,0.01948049591532458,0.021058264913595137
146,0.71482414,0.03421437412513245,0.028188782208692476,0.02819725134158696,0.06015169273194182,0.0316410933369885,0.008249028381177248,-0.001518131789776278,0.0016843896490877364,0.021819103079327218,0.018741556150194905,0.025349559348450623,0.028853573578804304,0.028694226561001512,0.027511498452061467,0.028254745701662975,0.028982592754686676,0.02969556111193239,0.031084826606722904,0.030011088424808263,0.03057682559175723,0.032224617394638
147,0.7193467,0.04232919849966155,0.03617402549708637,0.036182506315327934,0.0694136523992901,0.043496910584886306,0.019207130008270568,0.009436031543675116,0.012463267267043499,0.03350688139452601,0.03032455498134079,0.03671331918097415,0.04023276212913568,0.04004291153086914,0.03882498353526875,0.03956502126331585,0.04028970814392463,0.040999564439835434,0.042189874865992794,0.041101341389821355,0.04168433828375512,0.04336872477774251
148,0.7238693,0.05044409464614624,0.04415933941134964,0.0441678319150417,0.07870136966598612,0.055352052497036286,0.03021109419948942,0.020438081117223783,0.02329384353015629,0.04522859262568524,0.04194246304452798,0.04809030376827267,0.051619646266293506,0.051399515882466884,0.050146939227641574,0.050883549451938126,0.05160486253892815,0.052311397369544266,0.05330298152392415,0.05219999833862621,0.05280005634365492,0.054485803747071127
149,0.72839195,0.05855908050757519,0.05214474160794952,0.05215324579722114,0.08801492034423564,0.0672018577218112,0.041260062323368873,0.031487119251455975,0.03417546051922937,0.056979403867993994,0.05359066533187973,0.059476721847983915,0.06301048342681637,0.06276034489834986,0.06147373508808485,0.06220669728134426,0.06292442046429214,0.063627421990334,0.06442077783130307,0.06330372097204934,0.06392061256218817,0.06557079396106641
150,0.73291457,0.06667401254003763,0.060130090835147476,0.06013860670992127,0.09735419447266164,0.0790413950381399,0.05235294116859107,0.042582013035375066,0.04510721365349102,0.06875399280129973,0.06526406558285436,0.07086840628580465,0.0744011762586193,0.07412135041905998,0.07280138882451309,0.07353048005091867,0.07424439486446982,0.07494364894341793,0.07553955283891312,0.0744088295527427,0.07504229743396762,0.07661843696353027
151,0.7374372,0.07478896251548883,0.06811545771881272,0.06812398527911451,0.1067193291974683,0.09086602000327071,0.06348891702173287,0.05372190845345498,0.056088457533711555,0.08054709017264261,0.07695762374148579,0.08226134105178873,0.0857878013700289,0.08547865812483418,0.08412609189979703,0.08485108678484382,0.08556097237892935,0.08625626253560775,0.08665576892666182,0.08551181774244515,0.08616157481337905,0.08762382039964028
152,0.7419598,0.08290385866197336,0.07610077163307594,0.07610931087882811,0.11611029633792724,0.10267085796660069,0.07466696640145176,0.06490574108755043,0.06711832341667356,0.09235295654065645,0.08866583688067325,0.09365115592184642,0.09716610568547174,0.09682806512659237,0.09544370849889272,0.0961643793719909,0.0968700126520039,0.09756112021640151,0.09776556960591642,0.0966088609693096,0.09727458958759566,0.09858192221966927
153,0.74648243,0.09101880863742473,0.0840861385167413,0.0840946894480214,0.1255272754053814,0.11445128119200437,0.08588629999126451,0.07613268023762637,0.0781961565942052,0.10416584884239266,0.10038320147267593,0.10503357814607872,0.10853195961315348,0.10816549188448449,0.10675022604196599,0.10746634291999296,0.10816749853050805,0.10885420262166134,0.10886522132421222,0.10769625766164281,0.10837760960086273,0.10948808511890767
154,0.75100505,0.099133740669887,0.09207148774393908,0.09208005036072137,0.13497023831259097,0.1262023939091112,0.09714586861038477,0.08740163464969047,0.08932102848962914,0.11597949610229119,0.11210369300723816,0.11640392737175925,0.11988085434963747,0.11948648069625778,0.11804125495238138,0.1187525857211672,0.11944903622428615,0.12013111392557707,0.11995062196449768,0.11876993825716115,0.11946653400752516,0.12033757295429853
155,0.7555276,0.10724854710142734,0.10005671337586575,0.1000652876779693,0.14443911422418215,0.13791924991150778,0.10844455929193558,0.09871144862335907,0.10049192940221424,0.12778730671822425,0.12382097097402589,0.127757316605409,0.1312081048091811,0.13078639798966918,0.1293122302061031,0.1300185407435926,0.13071005673986924,0.13138728321777993,0.13101749816314257,0.1298256622112267,0.13053709063514823,0.1311258124897035
156,0.76005024,0.11536351501986747,0.10804209791599839,0.10805068390365569,0.15393429354232002,0.14959747995193368,0.11978179745229889,0.11006150488545058,0.11170836395764905,0.13958299391623286,0.13552899915232702,0.13908925290835344,0.1425094506549749,0.14206103382995533,0.14055900921969694,0.1412600632462392,0.1419464132274098,0.14261856158662944,0.14206199192585084,0.14085960399185843,0.14158542280049452,0.14184901180277704
157,0.76457286,0.12347844705232991,0.1160274471431963,0.11603604481635577,0.16345560127255765,0.1612320308045344,0.13115632193012855,0.12145049838874356,0.12296913951968141,0.15135929624836436,0.14722077529102973,0.15039440704430745,0.1537798309606659,0.15330537941696992,0.1517766523080062,0.15247221179407983,0.15315316254367067,0.15382000422079078,0.15307946260451688,0.15186715618504348,0.15260689087900325,0.15250304673154153
158,0.7690955,0.13159341497077004,0.12401283168332894,0.12402144104204232,0.17300317707269242,0.17281826008080525,0.1425672355813738,0.13287748799786586,0.13427340487097156,0.16310907421040144,0.15888941879061913,0.16166766679537858,0.1650144370832829,0.1645146773212247,0.16296047010748138,0.16365029521606345,0.16432561175258142,0.16498691646009156,0.16406551483224707,0.16284395634258952,0.1635971005814596,0.16308451902473475
159,0.7736181,0.13970831111725462,0.13199814559759215,0.13200676664175587,0.18257694965656635,0.18435130012263246,0.15401337792689407,0.14434126839922612,0.145620029158672,0.1748246604757382,0.17052752501932433,0.17290351152136085,0.1762080911491991,0.1756838013034775,0.17410540473792402,0.17478925407134183,0.17545869989066576,0.1761142358550175,0.1750153901720567,0.17378527912325126,0.17455129438165107,0.1735902281295102
160,0.7781407,0.14782320726373932,0.13998345951185548,0.1399920922414697,0.19217705900696047,0.19582657836886064,0.1654938300707426,0.15584087574370853,0.15700810196769144,0.18649838156208265,0.18212768268136614,0.18409651084676726,0.1873557452052491,0.1868077542212725,0.18520652641489133,0.18588415701535632,0.18654749409108917,0.18719702805287775,0.18592445433792715,0.18468652303038668,0.18546483891684895,0.184017705696363
161,0.78266335,0.1559381931251682,0.14796886170845525,0.14797750612364913,0.20180366745840295,0.2072395924621403,0.17700768932293975,0.16737536202464853,0.16843671028083718,0.19812232515081163,0.19368224215158691,0.1952410989831902,0.19845225838522917,0.1978814456035477,0.19625881141421664,0.19692997887582187,0.19758696776916718,0.19823026509095354,0.1967879785460641,0.19554299190024937,0.19633300625850902,0.1943650722967214
162,0.78718597,0.1640531251576307,0.15595421093565326,0.15596286703634932,0.2114566607717584,0.21858556712194066,0.18855371187270975,0.17894343707223503,0.17990458351414473,0.2096879855624868,0.2051829621476906,0.20633123203674597,0.20949205803467352,0.20889935331848386,0.2072568041756554,0.20792126297235602,0.20857166315409348,0.20920848813655768,0.2076008066542091,0.20634956215354494,0.20715064089765634,0.204630793865482
163,0.7917085,0.17216789570319324,0.16393940125464534,0.163948069040611,0.2211359658036285,0.22985984517635072,0.20013069306608333,0.19054384944468117,0.19141047056584604,0.22118665810066163,0.21662140062385682,0.21736076241591507,0.2204695148556315,0.2198558977638022,0.21819499050450464,0.21885249412606034,0.2194960641098378,0.2201261801225085,0.21835772113862273,0.21710104840487177,0.2179125258614114,0.21481410669166645
164,0.79623115,0.18028288156462213,0.17192480345124517,0.17193348292279031,0.23084208834817765,0.2410585117319416,0.21173811100914441,0.20217603148775076,0.20295378031438072,0.23261007397090672,0.22798954592589527,0.22832404403692974,0.23137954723773102,0.23074604499993134,0.22906839966050663,0.22971870034540898,0.2303551974253074,0.23097836664862648,0.22905403480005715,0.22779279486794568,0.22861397470644673,0.22491565037820438
165,0.8007538,0.18839786742605114,0.1799102056478451,0.17991889680496986,0.24057482811571185,0.25217690888347044,0.2233745899092099,0.2138385595341319,0.21453305428995084,0.24394888364181266,0.23927830703174546,0.23921447280326014,0.24221617091568626,0.24156385900530153,0.23987115880483822,0.24051400821140312,0.24114318912076438,0.2417591731930271,0.2396841683594746,0.23841925355610316,0.23924940844538944,0.2349361987307591
166,0.8052764,0.1965127635725359,0.18789551956210837,0.18790422240468363,0.25033413335750254,0.26321064559402385,0.23503892274383664,0.2255301785887036,0.2261469828622915,0.25519368673247955,0.2504785368085596,0.25002546861909336,0.25297347855950947,0.25230347920800134,0.2505974686157202,0.2512326178989749,0.2518542388856503,0.2524627989766697,0.2502426089859643,0.2489749421889711,0.2498133145007959,0.24487764281341573
167,0.80979896,0.20462758794706493,0.19588076285050215,0.19588947737842466,0.2601200812541232,0.2741555758799914,0.24673004803748277,0.23724977915841483,0.23779438288846244,0.2663350108805147,0.26158101029068237,0.2607504494469022,0.26364561596648506,0.26295909664125805,0.261241579391043,0.26186877928542374,0.2624825961927467,0.26308349308316137,0.2607238862536846,0.25945442012542264,0.26030022265781316,0.2547430371150905
168,0.8143216,0.21274255586550506,0.2038661473906348,0.20387487360411105,0.2699329883228275,0.2850079205353342,0.2584471816677675,0.2489965294862404,0.24947432988091223,0.2773634367057223,0.272576548595135,0.2713829459973802,0.27422689829060176,0.2735250699338484,0.27179790685681593,0.27241690765731974,0.2730226759054154,0.27361566996815745,0.27112268572682785,0.2698524019122106,0.27070481872078844,0.2645367699815281
169,0.8188442,0.2208574520119898,0.21185146130489818,0.21186019920382493,0.2797726511638903,0.2957634345349389,0.27018891050416083,0.2607689669159793,0.2611852548950814,0.28826875475685665,0.2834551773297942,0.28191578173361187,0.2847109960381369,0.28399511234477115,0.28226021975526994,0.2828707719386102,0.2834682471339519,0.28405309893256403,0.2814330479264535,0.2801629562239093,0.2810211430281716,0.2742638626160323
170,0.8233668,0.22897234815847434,0.21983677521916145,0.21984552480353847,0.28963921316737784,0.30641837891559953,0.28195422792987523,0.27256603599874807,0.2729259768691158,0.2990409589331666,0.29420711567523183,0.2923420217045215,0.2950918811640897,0.2943632362954348,0.29262258323251844,0.29322443737088366,0.2938133752213876,0.29438984542642066,0.2916492966757209,0.29038043399315705,0.2912435192989181,0.28393087986337284
171,0.8278894,0.23708724430495898,0.2278220891334246,0.22783085040325224,0.29953273116004997,0.3169690465289875,0.2937420165894654,0.2843865699707667,0.28469518760254964,0.30966977033689747,0.30482230063459137,0.30265450501147095,0.30536336361106786,0.30462329045625947,0.30287889618446107,0.30347180322287204,0.30405195980991206,0.30461980946576805,0.3017655826505087,0.30049901191941975,0.3013660979263548,0.2935455150789895
172,0.832412,0.24520214045144373,0.235807403047688,0.23581617600296612,0.30945326207620805,0.32741186601150596,0.30555115224927765,0.2962293948858994,0.29649155575047503,0.32014475070830606,0.31529049893922234,0.3128459445370917,0.31551919221306834,0.31476906035357755,0.3130229915615438,0.3136067030301204,0.3141778350166251,0.3147368257456191,0.31177598137989027,0.31051279035717005,0.31138295402522975,0.3031166666246692
173,0.8369346,0.25331703659792826,0.24379271696195126,0.24380150160267966,0.3194008629578857,0.33774340915557854,0.3173805041415666,0.30809332997498773,0.30831372770586307,0.3304553190671058,0.325601322463412,0.32290893274467536,0.3255530619835837,0.3247942755026739,0.32304864329446814,0.3236229115267769,0.3241847763712753,0.32473467058352157,0.3216744992818007,0.32041579925048647,0.3212880934635486,0.3126543875171838
174,0.84145725,0.26143202245935737,0.2517781191585512,0.2517869154848593,0.3293757013816865,0.3479605103659137,0.32922906640324057,0.3199773194960436,0.32016045963036566,0.3405908806571729,0.33574435605740494,0.33283605698730445,0.33545873055654485,0.3346927256236074,0.33294968234545197,0.3335142605941771,0.33406661666407467,0.3346071776684457,0.3314551875327906,0.3302021119702685,0.3310755668045623,0.32216988800135615
175,0.84597987,0.26954695449181965,0.25976346838574904,0.2597722763975592,0.3393776583442554,0.35805986739597495,0.3410954867591529,0.3318799600186991,0.33203014681163656,0.350540443366529,0.3457087724041157,0.34261951182690165,0.3452296324745543,0.3444578750597287,0.3427196108123799,0.3432742537572695,0.34381686082704244,0.3443478533199241,0.34111176004944166,0.33986546296632936,0.3407390870138868,0.33167498738811374
176,0.8505025,0.2776619044672711,0.2677488352694144,0.26775765496675263,0.34940687949439253,0.3680386134104435,0.3529787217337136,0.3438001576054094,0.34392147941585827,0.36029319943428906,0.3554839128691939,0.35225165605036235,0.35485943589709934,0.35408341893086903,0.35235215801469566,0.35289662174141345,0.35342924097158246,0.3539504310159738,0.35063814200592747,0.3493997964895724,0.3502725783478937,0.3411823854142907
177,0.8550251,0.28577680061375554,0.27573414918367756,0.2757429805664662,0.3594633334241265,0.377893874203286,0.36487751268263435,0.35573660227641457,0.3558329192073998,0.369838103324595,0.3650588636633795,0.361724585152696,0.3643416164923893,0.36356285716721437,0.36184085417009515,0.3623748965877821,0.36289729093436396,0.36340844636147807,0.3600280478077954,0.3587988441923218,0.3596697540207443,0.35070488072084294
178,0.85954773,0.2938917505892068,0.2837195160673428,0.2837283591356594,0.36954721113387834,0.38762316991162127,0.3767908592367366,0.36768824294644586,0.36776317410540404,0.3791642800112648,0.374422863918904,0.37103052130360903,0.37366984793769376,0.37288988471859563,0.37117942072149646,0.37170280157701974,0.3722147358052359,0.3727156262276934,0.3692753664344849,0.3680565107042342,0.36892450182868086,0.36025525988199847
179,0.8640703,0.3020065929067248,0.2917047770122041,0.2917136317658936,0.37965836937512243,0.397223879446424,0.3887173615435765,0.3796536275841472,0.3797105403998938,0.3882605275211837,0.3835648052008235,0.3801613036801046,0.3828374915386199,0.38205788114893724,0.3803612591764288,0.38087374065532387,0.3813749819289135,0.38186537931880116,0.37837365470298046,0.37716636626243183,0.37803037700475395,0.3698451252779128
180,0.8685929,0.31012148905320946,0.29969009092646737,0.2996989573656075,0.3897970668904125,0.4066939535339349,0.4006560900975592,0.391631775860965,0.39167377469408493,0.397116018342075,0.3924739346969095,0.38910907419087637,0.3918382837579566,0.3910605979763645,0.3893801391563019,0.38988148570546877,0.39037180341245337,0.3908514819300659,0.3873168179913321,0.38612232811879,0.3869812834845725,0.3794847680529094
181,0.87311554,0.3182364569716496,0.3076754754666,0.30768435359129376,0.3999633846470604,0.41603136049361744,0.412605901127467,0.4036214923491399,0.4036514091450122,0.40571978914958473,0.4011393416994582,0.39786575280268754,0.4006658099147625,0.3998916323188556,0.39822967121227937,0.398719649979389,0.39919881616287634,0.3996675525791976,0.39609858752213756,0.3949181371378375,0.3957709507600754,0.38918159270673425
182,0.87763816,0.32635138900411187,0.31566082469379786,0.3156697145039937,0.41015724597653935,0.42523412257047344,0.4245654623600843,0.4156213923444442,0.4156417778619882,0.41406080732587947,0.40955002258964435,0.40642308350250567,0.40931354818853694,0.4085444706602426,0.4069033502826074,0.4073817315530309,0.4078495213395332,0.40830709545622446,0.4047125622688944,0.40354739954438146,0.4043929757881649,0.39893889250197057
183,0.8821608,0.334466356922552,0.3236462092339304,0.3236551107296801,0.42037879916904797,0.4343006688507224,0.4365337027487991,0.42763035311914765,0.42764346864372926,0.4221283179504154,0.4176952293570937,0.41477297181079775,0.4177752090243795,0.41701282831016484,0.41539489574603616,0.41586145295073473,0.4163176445576029,0.41676383921400284,0.4131525459003996,0.4120039243355269,0.4128411602329286,0.40875476218758466
184,0.8866834,0.34258125306903675,0.3316315231481938,0.331640436329394,0.4306279666764108,0.44322943205864995,0.4485092840126278,0.43964698369559685,0.4396547941004272,0.429911503867355,0.4255641257506312,0.4229071187718917,0.4260443636279492,0.42529027757968285,0.4236978785478178,0.42415238878554273,0.4245967640328894,0.42503136560799537,0.4214121758952538,0.42028135164311353,0.4211091392229349,0.4186200353408138
185,0.891206,0.3506961492155215,0.33961683706245727,0.33962576192910776,0.44090489712958925,0.4520192527271829,0.4604911302519785,0.4516701562784883,0.45167432369788685,0.43739987144524384,0.4331461757323801,0.43081740274177016,0.4341148289186303,0.43337063294741895,0.43180610727705615,0.4322483513147144,0.43268069562545586,0.43310349403766135,0.42948530674125907,0.428373536594189,0.4291907649122959,0.42851698246978465
186,0.89572865,0.3588111350769504,0.347602239259057,0.3476111758112873,0.45120976306781435,0.46066919585623745,0.47247819038046834,0.4636987679028137,0.463700646565786,0.444583107361744,0.4404309984031718,0.43849571703424695,0.44198050184480886,0.4412477852345489,0.4397134618760261,0.44014322437590025,0.4405633269983248,0.44097411592349167,0.43736584446439053,0.43627438349753844,0.43707994085171586,0.4384174060840804
187,0.9002512,0.3669259415084908,0.3555874648909836,0.3555964131285352,0.4615422808243881,0.46917815976275923,0.48446888157137336,0.4757311819527682,0.4757318140057841,0.4514507926930509,0.44740807638586955,0.4459336404426212,0.4496350170837973,0.44891535861811904,0.4474135490302117,0.44783061936928004,0.4482382741802967,0.44863685183945445,0.4450474022933374,0.4439775004333487,0.4447702772431874,0.4482806947890231
188,0.90477383,0.37504089148394204,0.36357283177464894,0.3635817916977284,0.47190292013593094,0.4775458814817416,0.4964624946465901,0.48776663844879453,0.4877667505681187,0.45799325232557386,0.4540676172996023,0.45312333394141446,0.4570726648109451,0.4563676298108401,0.4549006249855885,0.45530479659622525,0.45569980145442657,0.45608596997881,0.4525242205052411,0.45147712151721164,0.4522560118081933,0.45805399078175757
189,0.90929645,0.3831558235164043,0.3715581810018468,0.3715671526104284,0.48229153426779103,0.48577180458444935,0.508457603775224,0.49980365823234474,0.4998036594252666,0.4642006636654913,0.46039964794070176,0.4600565604715554,0.46428737933589914,0.46359851498212856,0.4621685781816912,0.4625596495678682,0.4629418073098356,0.4633153737179414,0.4597901514336955,0.45876708904497954,0.4595309936361308,0.4676707125649935
190,0.9138191,0.3912708093778333,0.3795435831984467,0.37955256649260793,0.4927082741917145,0.49385583106021536,0.5204531273501874,0.5118411075482396,0.5118410878384682,0.4700636904537372,0.4663946577160535,0.4667253547804878,0.4712734247016951,0.47060225650722454,0.4692116188676627,0.46958939349444806,0.469958511826041,0.4703192879166578,0.4668393472479857,0.4658415431555326,0.46658937174218573,0.4770524211312187
191,0.9183417,0.39938570552431807,0.3875288971127101,0.3875378920923218,0.5031530144775155,0.5017978662263513,0.5324476653922874,0.5238775331526402,0.5238772633006902,0.47557316869282595,0.47204327774376176,0.4731216548143209,0.47802500627626066,0.4773730336674873,0.47602388775394766,0.47638817465696803,0.47674406675065406,0.47709186968845796,0.4736658685518912,0.4726945290800739,0.4734252031680024,0.48611073325785925
192,0.9228643,0.4075006016708026,0.39551421102697315,0.39552321769203547,0.5136259292576772,0.5095982646956217,0.5444401630004965,0.5359118280972142,0.5359107603235099,0.48072045869271973,0.4773366403939018,0.4792376847159623,0.4845366667930878,0.48390535968481097,0.48259985523628157,0.4829504688917253,0.48329295325875254,0.48362760544858874,0.48026408385642005,0.47932039799788884,0.4800328529643051,0.494751830546151
193,0.92738694,0.41561556958924273,0.4034995955671058,0.40350861391772175,0.5241271707717317,0.5172575745268458,0.556429539302884,0.5479428593944473,0.547940129079648,0.4854972799941637,0.48226621067996245,0.4850657545092949,0.49080307255820155,0.49019386745418647,0.4889341060115526,0.48927086660727925,0.4895997673631959,0.48992109671019846,0.4866284542290248,0.4857135909343434,0.4864067785622026,0.5028815234930989
194,0.93190956,0.4237305016217051,0.41148494479430375,0.41149397483042194,0.5346566592414771,0.5247763895183649,0.5684144492965292,0.5599692290475117,0.5599636574779876,0.4898956596739883,0.48682373170574456,0.4905981718867094,0.49681890936154494,0.4962332049914443,0.49502123357094974,0.49534396755628196,0.4956591149596892,0.49596695539735847,0.4927534268829663,0.4918685317257282,0.49254142316962624,0.510411326795292
195,0.9364321,0.4318452901102565,0.41947015276976307,0.41947919449117665,0.5452143134977359,0.5321555247240477,0.5803935495949956,0.5719895407475433,0.5719796388875433,0.49390808703516964,0.49100138301873864,0.49582740437122286,0.5025790457877845,0.5020181992090355,0.5008560049408807,0.5011645452741124,0.5014657759689776,0.5017599676964763,0.49863360027191983,0.4977797926962022,0.49843138107368523,0.5172648784893173
196,0.94095474,0.43996025802869676,0.4274555373098957,0.42746459071686294,0.5558006135038943,0.5393963948539965,0.5923661340884284,0.5840030377189087,0.5839870106211444,0.49752772297389414,0.4947920000287954,0.5007463498376252,0.5080788292320709,0.5075441534279687,0.5064336610821347,0.5067278467052646,0.5070150032055611,0.5072953921819499,0.5042640277008725,0.5034424000256468,0.504071701783099,0.52338336388288
197,0.94547737,0.4480752080041479,0.43544090419356085,0.43544996928605617,0.5664153623140677,0.546500150867719,0.6043307305931722,0.5960081945608828,0.5959839472805794,0.5007479660107935,0.4981886214483655,0.5053477489358345,0.5133134280754946,0.512806186684548,0.5117492504127599,0.5120289273876902,0.5123018591910621,0.5125682982271671,0.5096395455970876,0.5088511583728847,0.5094572171528848,0.5287277145894285
198,0.95,0.45619015797959916,0.4434262710772261,0.4434353478552494,0.5770586431039025,0.5534683464094305,0.6162861872378899,0.6080038073874082,0.6079689514580897,0.5035628418703681,0.5011848949391938,0.5096246773943273,0.5182783647703445,0.5177997691635352,0.5167981688747055,0.5170631902258261,0.5173217536588679,0.5175741022651806,0.514755318039962,0.5140011982575504,0.5145830868049217,0.533279368642535
