,x,eq_complex_1,eq_complex_3,eq_complex_5,eq_complex_6,eq_complex_7,eq_complex_8,eq_complex_9,eq_complex_12,eq_complex_13,eq_complex_14,eq_complex_15,eq_complex_17,eq_complex_18,eq_complex_19,eq_complex_20,eq_complex_21,eq_complex_22,eq_complex_23,eq_complex_24,eq_complex_25,eq_complex_26
0,0.054522615,-0.25638176272756824,0.5619992504299051,0.5620202471018151,0.562018758119368,0.6940810101849373,0.6938567781479456,0.7401418461337306,0.8002250548994828,0.800102674614157,0.8002279583815738,0.8001090160894787,0.798832470658701,0.7971761926391655,0.7916469891442811,0.7915252553767885,0.7914052355382334,0.791676092841236,0.7913819433653498,0.7913627583704982,0.7913633840599991,0.7918430462833422
1,0.059045225,-0.25638176272756824,0.5537740419959906,0.5537948325251058,0.5537933522324505,0.6828509995444486,0.6826320341823116,0.7265996125188033,0.7835079920306541,0.7834202528089423,0.7835794451055559,0.7834937005712713,0.7821744341599756,0.7805641209223707,0.7749980707142444,0.7749105566698623,0.7748240392982785,0.7750246767575949,0.7747283315434185,0.7747106904043909,0.7747112756560709,0.7751909378794141
2,0.06356784,-0.25638176272756824,0.5455488244686449,0.5455694088547376,0.5455679372518836,0.6716609433147943,0.6714471636495557,0.7131110692933316,0.7668900584895496,0.7668296317661475,0.7670156747388436,0.7669563300483252,0.7655951499731094,0.7640303556115237,0.7584420778956059,0.7583816594012595,0.7583217826582668,0.7584660601800167,0.7581770818473995,0.7581610750979358,0.758161615406279,0.7586412776296222
3,0.068090454,-0.25638176272756824,0.5373236087599856,0.5373439870031012,0.5373425240900465,0.6605106434148903,0.6603019692237297,0.6996762344233562,0.7503722695001626,0.7503327314909914,0.7505393890043338,0.7505003897555415,0.7490981392533947,0.7475783979912006,0.7419809547519508,0.7419413375606285,0.7419019905958869,0.7420021899977073,0.7417292960796531,0.7417150174030465,0.7417155079203605,0.7421951701437036
4,0.07261306,-0.25638176272756824,0.5290984076008161,0.529118579701319,0.5291171254780483,0.6493999055159075,0.6491962573227198,0.6862951285427025,0.7339556128698284,0.7339314351401895,0.7341533022974451,0.7341293641453625,0.7326869223369642,0.7312117485421441,0.7256166079633986,0.7255923372577532,0.7255681869009283,0.7256349766946686,0.7253860495721844,0.725373595823419,0.7253740313368373,0.7258536935601805
5,0.07713568,-0.25638176272756824,0.5208731809800394,0.5208931469372919,0.5208917014038321,0.638328465676878,0.6381297647765765,0.6729676866664955,0.717640940652723,0.7176274773486153,0.7178599843318006,0.7178466121429812,0.7163648935621494,0.7149337821506345,0.7093507953562239,0.7093372595076887,0.7093237694881251,0.7093661829666329,0.7091482833405065,0.7091377545765237,0.7091381294830639,0.7096177917064069
6,0.08165829,-0.25638176272756824,0.5126479725461249,0.5126677323605826,0.5126662955169146,0.6272961742147453,0.627102342615047,0.659693979590168,0.7014292401202065,0.7014227116943057,0.7016621216477009,0.7016556207306243,0.7001355753348821,0.6987480015372152,0.6931853926922477,0.6931788209984362,0.6931722631550592,0.6931976906763232,0.6930170737757911,0.6930085732493118,0.6930088815302571,0.6934885437536003
7,0.0861809,-0.25638176272756824,0.5044227641122104,0.5044423177838733,0.5044408896299969,0.616302799589586,0.6161137600409157,0.6464739777859358,0.6853213441926701,0.6853188181565548,0.6855622195735936,0.6855596992370692,0.6840023115402861,0.6826577315488703,0.6771221017429282,0.6771195566082748,0.6771170143455033,0.6771312090036027,0.6769933443840143,0.6769869785650425,0.6769872137575376,0.6774668759808807
8,0.09070352,-0.25638176272756824,0.4961975374914339,0.49621688501984607,0.49621546555578067,0.6053481120636277,0.6051637880510422,0.6333076522010088,0.6693180549701906,0.6693174234536773,0.6695627168229892,0.66956208587656,0.6679683742125134,0.6666662255883918,0.6611625703045448,0.6611619336188514,0.661161297220555,0.6611683946217991,0.6610779887484133,0.661073867326307,0.661074022493457,0.6615536847168002
9,0.09522613,-0.25638176272756824,0.4879723290575193,0.48799147044313684,0.487990059668863,0.5944319559671922,0.5942522716718776,0.6201950610597158,0.6534202485823518,0.6534202029602661,0.6536660819424565,0.65366603632757,0.6520370521728299,0.6507767540713283,0.645308493776899,0.6453084477670192,0.6453084017607696,0.6453109534520477,0.6452719747268664,0.645270210589821,0.6452702782893801,0.6457499405127234
10,0.099748746,-0.25638176272756824,0.4797471097114876,0.47976604495403685,0.4797646428695663,0.5835540899487566,0.583378970278173,0.6071361579013423,0.6376286417386017,0.6376286444692657,0.6378745718005725,0.6378745745311704,0.6362114011348622,0.6349923552404994,0.6295613794933305,0.6295613822472167,0.6295613850010695,0.6295604051122397,0.6295761122644156,0.6295768215049492,0.6295767937546611,0.6300564559780044
11,0.10427135,-0.25638176272756824,0.47152191218969053,0.4715406412897184,0.471539247895028,0.5727143559653186,0.5725437265115225,0.594130994593416,0.6219440376559768,0.6219442914381537,0.6221904697571964,0.6221907234117795,0.6204944748126932,0.6193160657139396,0.6139227892545573,0.6139230451171049,0.6139233009153303,0.6139183256854686,0.6139912978686,0.6139945997450047,0.6139944679869868,0.6144741302103299
12,0.10879397,-0.25638176272756824,0.4632966855689139,0.4633152085256912,0.46331382382081165,0.5619124871031972,0.5617462741815019,0.5811794906906127,0.6063670472135371,0.6063684616504089,0.6066157995617604,0.606617211747733,0.6048890310437895,0.6037506274164477,0.5983940587410858,0.5983954838998601,0.5983969079245033,0.5983860672714524,0.5985182374497707,0.5985242543839847,0.5985240094448848,0.599003671668228
13,0.11331658,-0.25638176272756824,0.4550714771349992,0.45508979394898175,0.455088417933894,0.5511483470779863,0.5509864776667428,0.5682817207564494,0.5908984350652996,0.5909025909796174,0.5911526646567457,0.5911568069140677,0.5893978651176724,0.5882988200900702,0.5829766402169521,0.582980823784703,0.5829850004766362,0.5829651009864149,0.5831577901726845,0.5831666476815895,0.5831662797324277,0.583645941955771
14,0.11783919,-0.25638176272756824,0.4468462687010848,0.4468643793722725,0.44686301204697654,0.5404217148886183,0.5402641166576965,0.5554376560943818,0.5755388083889389,0.5755479199905473,0.5758029307078857,0.5758119914582347,0.5740234855762549,0.5729631379678355,0.5676717900140301,0.5676809510029329,0.567690086416497,0.5676567046172271,0.5679106591956671,0.567922485865951,0.5679219843769452,0.5684016466002885
15,0.12236181,-0.25638176272756824,0.43862104208030817,0.4386389466082453,0.4386375879727602,0.5297323712368031,0.5295789725401289,0.5426472684828586,0.5602887419941838,0.560305617083391,0.5605683450761524,0.5605850772777237,0.5587682285442925,0.5577459038417463,0.5524806912787708,0.5524976318703319,0.5525145006901093,0.5524620856587491,0.552777515966674,0.5527924433997949,0.5527917970928965,0.5532714593162398
16,0.12688442,-0.25638176272756824,0.4303958336463938,0.4304135320315361,0.43041218208584264,0.5190801690477913,0.5189308988888243,0.52991061448373,0.5451488782297914,0.5451768765380572,0.5454506315300744,0.5454782956778418,0.5436343478618012,0.5426493590055984,0.5374045516263192,0.5374326070821401,0.5374604949499748,0.5373824792790683,0.5377590992757448,0.5377772620006671,0.5377764587998601,0.5382561210232034
17,0.13140704,-0.25638176272756824,0.42217060702561704,0.4221880992675089,0.4221867580116263,0.5084648682166051,0.5083196562784991,0.5172276377726431,0.5301196914039411,0.5301626814788577,0.5304512505409545,0.5304935540009332,0.5286237711949359,0.5276754199983689,0.5224443668705703,0.5224873527540217,0.5225299949058898,0.5224189123109735,0.5228559814753174,0.5228775168990213,0.5228765438747581,0.5233562060981013
18,0.13592964,-0.25638176272756824,0.4139454167785648,0.41396270287811765,0.4139613703120075,0.4978863473740056,0.49774512396806647,0.5045984223017589,0.5152017883113151,0.5152641027563488,0.5155716955811699,0.515632728695152,0.5137383935657823,0.5128259714342477,0.5076012188184915,0.5076633756161824,0.5077248922719778,0.5075725014605199,0.508068866530207,0.5080939148114574,0.5080927581244722,0.5085724203478154
19,0.14045227,-0.25638176272756824,0.40572017197092614,0.40573725192677246,0.4057359280504925,0.4873442993509771,0.48720699548069957,0.49202282862580293,0.5003954779580084,0.5004818679889691,0.5008130608151891,0.5008972313547183,0.4989796426165307,0.49810243233842744,0.49287584585730393,0.49296178224521114,0.4930466123456292,0.49284402417941,0.4933981634147143,0.4934268674249823,0.4934255122608492,0.49390517448419236
20,0.14497487,-0.25638176272756824,0.39749498172387376,0.3975118555373811,0.39751054035087363,0.47683867498003885,0.47670522223879086,0.4795010235803606,0.4857013963176895,0.48581698443757415,0.48617666173608687,0.48628862719765564,0.4843490980581666,0.48350637411979813,0.47826926344797993,0.4783838973103567,0.47849673009196514,0.47823453970966956,0.4788446052648766,0.47887711038652114,0.47887554089372775,0.4793552031170709
21,0.14949748,-0.25638176272756824,0.38926977328995926,0.3892864409606719,0.3892851344639561,0.46636919337988014,0.4662395240310434,0.4670328960604573,0.47111981812318826,0.4712700511127289,0.47166334748250627,0.4718079479815951,0.4698478034768341,0.4690388340287154,0.46378207883867995,0.46393057850844155,0.46407628569844794,0.4637447041106124,0.464408567416126,0.4644450214961853,0.46444322071024635,0.4649228829335895
22,0.1540201,-0.25638176272756824,0.38104454666918264,0.3810610081966447,0.38105971038973974,0.4559356683564998,0.45580971529220515,0.45461844642233795,0.45665111537855074,0.4568417159851743,0.4572739569610019,0.45745614778947585,0.455476722835652,0.45470077057086666,0.4494149464941971,0.44960267090933836,0.44978623860000144,0.4493752262888765,0.4500905217092248,0.45013107488640847,0.4501290246548697,0.45060868687821287
23,0.15854271,-0.25638176272756824,0.37281933823526825,0.37283559361993546,0.3728343045028223,0.4455379608947705,0.44541565761367974,0.4422577295653738,0.44229568908262584,0.4425326073194725,0.4430092502726165,0.44323403559491625,0.44123667291373336,0.4404929961149968,0.43516849962393056,0.4354009385923193,0.4356274002840982,0.4351268000597289,0.4358909686762421,0.43593577320589516,0.4359334541072385,0.4364131163305818
24,0.16306531,-0.25638176272756824,0.36459414798821566,0.364610197230544,0.3646089168032033,0.4351758868720318,0.43505716749004786,0.4299507451333192,0.4280538412112571,0.42834320585502705,0.42886978182326696,0.429142150599937,0.4271281984969034,0.4264160523626518,0.42104322288444174,0.42132593830155185,0.421600310213481,0.4209999774366445,0.421810310845789,0.4218595209458904,0.42185691220014265,0.4223365744234858
25,0.16758794,-0.25638176272756824,0.3563689031805771,0.3563847462791989,0.3563834745416884,0.42484917224788166,0.4247339715228804,0.41769738463366546,0.4139257149699833,0.4142737855175086,0.41485584245638785,0.4151807073006548,0.4131515174464908,0.41247015551417354,0.4070393933989893,0.40737796191565534,0.4077051812752337,0.40699511032607105,0.40784879386151707,0.40790256556681304,0.40789964493764497,0.40837930716098814
26,0.17211054,-0.25638176272756824,0.34814371293352453,0.34815934988980746,0.3481580868420694,0.4145577726413444,0.414446025889203,0.4054978106270529,0.3999117318735973,0.40032484892328346,0.4009678947028583,0.4013500322982888,0.39930695802995597,0.39865563261991477,0.3931575142129905,0.39355746966845095,0.3939423346017512,0.39311278475164413,0.39400693840334033,0.3940654292615905,0.39406217296089874,0.394541835184242
27,0.17663316,-0.25638176272756824,0.339918486312748,0.33993391712578036,0.33993266276785317,0.4043013940117034,0.4041930371854261,0.39335188806190124,0.3860119363661566,0.38649647521469943,0.3872059251038893,0.3876499228267921,0.3855943168114191,0.3849722808612689,0.3793976651697364,0.3798644455656719,0.38031156126362153,0.3793531724970779,0.38028489259653053,0.38034826156053103,0.3803446441305539,0.3808243063538972
28,0.18115577,-0.25638176272756824,0.3316932778788335,0.33170850254907114,0.3317072568809356,0.39407992558880545,0.39397489521152995,0.38125969768416235,0.37222658647156337,0.37278890873157433,0.3735700326713377,0.37408023709640237,0.3720134496748191,0.37141995725876287,0.36576008877779753,0.36629898306511754,0.36681270987670433,0.36571661789462795,0.36668301555648075,0.3667514226629699,0.3667474168635887,0.36722707908693186
29,0.1856784,-0.25638176272756824,0.32346803307119476,0.32348305159772595,0.3234818146194206,0.3838931219793482,0.38379135518307783,0.3692211594603748,0.35855572229116695,0.35920213048755867,0.36006000495985,0.3606404768165422,0.35856385402740854,0.3579981617443727,0.35224476378305913,0.35286086330107513,0.353445271351012,0.35220321238334884,0.35320145137963277,0.35327505755949806,0.35327063423528204,0.3537502964586253
30,0.190201,-0.25638176272756824,0.3152428428241425,0.3152576552083347,0.3152564269198017,0.3737409191884876,0.3736423536505964,0.3572364063046468,0.3449995915150402,0.345736282227757,0.34667574276726454,0.3473302147010304,0.34524509672821857,0.34470646416380546,0.33885182703623273,0.339549977628101,0.3402088042906236,0.33881321741635195,0.3398405489773888,0.3399195156896575,0.33991464363912605,0.3403943058624693
31,0.1947236,-0.25638176272756824,0.3070176525770901,0.30703225881894325,0.30703103922018293,0.36362307422476425,0.36352764822002304,0.34530535818351726,0.33155816584180653,0.33239118702357406,0.3334167866310731,0.3341486285602693,0.3320563479312856,0.33154403904854957,0.3255810966099305,0.3263658567057306,0.32710247175359075,0.32554658883959564,0.3266003852829089,0.32668487431376936,0.3266795201327566,0.32715918235609986
32,0.19924621,-0.25638176272756824,0.29879244414317574,0.29880684424223414,0.2988056333332654,0.35353939070991014,0.3534470430897352,0.3334279888941599,0.31823144460181374,0.319166652472493,0.32028262179990163,0.3210948099983246,0.3189966901196062,0.31850997396918623,0.3124323734306177,0.3133079739442851,0.3141253484790456,0.3124032798102423,0.31348106487036775,0.3135712379997151,0.3135653659213976,0.3140450281447408
33,0.20376883,-0.25638176272756824,0.290567217522399,0.2905814114782067,0.29058020925904904,0.34348969592375045,0.34340036610348934,0.3216042987928194,0.30501942322792686,0.3060624408086332,0.30727265206574506,0.3081677436507466,0.30606509741393784,0.3056032488544401,0.29940541152693934,0.30037571952959996,0.30127640038237824,0.29938321248726474,0.30048268891571706,0.3005787075735671,0.30057227929455155,0.3010519415178947
34,0.20829144,-0.25638176272756824,0.2823420090884845,0.2823559969014975,0.28235480337213137,0.33347386252621536,0.3333874904666959,0.3098343401664009,0.2919221209274755,0.29307829793871976,0.2943862323022628,0.29536634478101986,0.2932604732726001,0.2928227735844364,0.2864999468731836,0.28756843282292643,0.28855452207496135,0.2864863084352596,0.2876053824820497,0.28770740736974154,0.28770038186322244,0.2881800440865657
35,0.21281406,-0.25638176272756824,0.274116782467708,0.2741305641374703,0.27412937929791514,0.3234916755974465,0.32340820182595187,0.29811806096549665,0.278939406793977,0.280213782873006,0.2816225030686802,0.28268930020199523,0.28058149148147415,0.28016722923956716,0.27371552786119535,0.2748852380676893,0.2759583789537271,0.2737123209629422,0.2748491237477704,0.27495731451831196,0.2749496478232277,0.2754293100465709
36,0.21733667,-0.25638176272756824,0.2658915740337934,0.26590514956076106,0.2659039734109976,0.3135430097989528,0.31346237537793153,0.2864555130020173,0.2660712316226441,0.2674684995042166,0.26898062461980066,0.27013530582599143,0.26802683387618154,0.2676353053319659,0.2610517456891108,0.2623252770572495,0.2634866434593086,0.2610610672938536,0.2622139721853348,0.2623284869971616,0.2623201320000872,0.26279979422343047
37,0.22185928,-0.25638176272756824,0.2576663655998789,0.25767973498405183,0.25767856752408,0.30362767467594154,0.30354982121696594,0.2748466703106335,0.25331742648635114,0.2548418990709984,0.25645958490336684,0.25770288082677806,0.25559500458151574,0.25522551434835894,0.24850803805906718,0.24988751842903523,0.2511378105941603,0.24853223454490314,0.24969987091184187,0.24982086605670184,0.24981177224432716,0.25029143446767044
38,0.2263819,-0.25638176272756824,0.24944113897910225,0.24945430222002452,0.2494531434498637,0.29374548119453836,0.29367035085251403,0.26329150740100904,0.24067779015955099,0.2423333690402178,0.24405829178492355,0.24539046387410446,0.2432844263845756,0.2429362878982671,0.23608377754523518,0.2375708494268371,0.23891029374140393,0.23612547039027304,0.2373067330392425,0.23743436251031924,0.23742447570383085,0.23790413792717402
39,0.2309045,-0.25638176272756824,0.24121594873204988,0.2412289058306331,0.24122775575024474,0.2838963286938012,0.2838238641379207,0.25179010074415176,0.22815219957504518,0.22994234465265467,0.2317756875729987,0.23319653114857036,0.23109355882780264,0.23076609456604008,0.22377838237969627,0.2253741897171322,0.22680254201416278,0.2238404962316245,0.22503455028858305,0.22516896526758895,0.2251582273405316,0.22563788956387482
40,0.23542711,-0.25638176272756824,0.2329907402981355,0.233003491253924,0.23300234986332724,0.2740799867358844,0.2740101311802138,0.240342373869054,0.2157403318058025,0.2176680362379081,0.21961048260281946,0.22111933584399263,0.2190206378736127,0.21871317998042744,0.21159104565003123,0.21329622691500327,0.21481278174658897,0.21167683963639783,0.2128831210000069,0.21302446947257359,0.21301281802361716,0.21349248024696033
41,0.23994973,-0.25638176272756824,0.22476551367735886,0.22477805848989674,0.22477692578911102,0.264296291640547,0.26422898882067525,0.22894832713196112,0.20344191542323098,0.20550968042072648,0.20756140807978812,0.20915716283821334,0.2070639306385879,0.20677582106864822,0.19952098482850467,0.20133566779360118,0.20293926956132374,0.1996340866064344,0.20085229715215064,0.20100072337091962,0.2009880913825393,0.20146775360588248
42,0.24447234,-0.25638176272756824,0.21654030524344436,0.21655264391318746,0.2165515199021934,0.2545451238646893,0.25448031802176874,0.21760801091980242,0.19125670013673696,0.19346651252946678,0.19562719236624132,0.19730830842714203,0.1952217152036405,0.1949523058739649,0.18756741434051022,0.18949121478060532,0.1911802723462092,0.18771185748861124,0.18894195506885592,0.18909759900857898,0.1890839144719853,0.18956357669532847
43,0.24899496,-0.25638176272756824,0.2083150786226678,0.2083272111491603,0.20832609582797718,0.24482627855731853,0.24476391445540469,0.20632137508314574,0.17918429512844636,0.1815376094169564,0.18380640875050147,0.1855709320845913,0.18349213255465757,0.1832407856931974,0.17572938957590606,0.17776141496537917,0.17953392028018084,0.1759096550807699,0.17715183818334068,0.17731483507281876,0.1773000205616595,0.1777796827850026
44,0.25351757,-0.25638176272756824,0.2000898701887533,0.20010179657245097,0.2001006899410595,0.2351396380397155,0.23507966093898763,0.1950884695339261,0.1672243848537544,0.1697221054017356,0.17209769278621984,0.1739432747629155,0.17187340485587604,0.1716394929695021,0.16400602124981045,0.1661448758974341,0.16799842361326878,0.1642270824495386,0.16548176890584065,0.16565224861436334,0.16563622083509105,0.16611588305843422
45,0.2580402,-0.25638176272756824,0.19186462538111465,0.19187634562110595,0.19187524767954467,0.22548497856745597,0.22542733424578631,0.1839092199386096,0.15537648968511514,0.158018958447103,0.16049951373173849,0.16242343405893683,0.16036361086140427,0.1601465170133486,0.15239624340041735,0.15464003888565753,0.15657184971020094,0.1526636160300719,0.15393141601000054,0.15410950256379718,0.15409217183579038,0.15457183405913355
46,0.26256278,-0.25638176272756824,0.18363947150778642,0.1836509856063504,0.1836498963545231,0.21586229071385588,0.21580692541075064,0.17278379879212152,0.143640359776399,0.1464273419449067,0.14901056576290655,0.15100975453276627,0.14896107598621616,0.14876019346855074,0.1408992020863784,0.14324556716155012,0.14525251033489578,0.14121899750527078,0.1425006799231079,0.1426864907544736,0.14266776047982943,0.1431474227031726
47,0.26708543,-0.25638176272756824,0.17541419032642358,0.17542549828036952,0.17542441771841083,0.2062711618678269,0.20621802237533782,0.1617119112540421,0.13201522119383152,0.1349459028236586,0.1376290353722125,0.1397001013210501,0.13766364669086695,0.13747837970509902,0.12951351954351342,0.1319596193544902,0.134038241340925,0.1298925062922281,0.13118895978569556,0.1313826054610115,0.1313623714457769,0.13184203366912006
48,0.27160805,-0.25638176272756824,0.167188963705647,0.16720006551634237,0.16719899364419455,0.1967116480568924,0.19666068160485256,0.1506938028465989,0.12050083833730524,0.12357381360417452,0.12635364661160647,0.12849289961898042,0.12646972900247438,0.12629949184325096,0.11823833764805514,0.12078088618191818,0.12292743361944947,0.11868400351399261,0.11999618974170395,0.12019777297425677,0.12017592281027362,0.12065558503361673
49,0.27613065,-0.25638176272756824,0.15896377345859458,0.15897466912695096,0.15897360594457566,0.18718357218783338,0.18713472649477703,0.13972944831695183,0.1090966592758767,0.1123099309938107,0.11518282935800034,0.11738630908303593,0.11537746380549424,0.11522168118586251,0.10707248342637588,0.10970776564834661,0.1119182144265225,0.10759310707498498,0.10892200860879492,0.10913162382522051,0.10910803609157493,0.10958769831491805
50,0.28065327,-0.25638176272756824,0.15073854683781795,0.1507492363629238,0.15074818187035938,0.17768669557593775,0.17763991885755237,0.12881875069119614,0.0978020283218588,0.10115300851852488,0.10411493193692362,0.10637843533665181,0.10438493824975836,0.10424304528470052,0.09601468005968589,0.09873857406272751,0.10100865728078773,0.09661940799574581,0.09796596967090998,0.09818370243535757,0.0981582458317391,0.09863790805508221
51,0.2851759,-0.25638176272756824,0.1425133020301793,0.14252378541157878,0.14252273960884448,0.1682208861267308,0.16817612706743695,0.1179617346284284,0.0866163868746222,0.0901018975464904,0.093148422230665,0.09546753007467795,0.09349038563923406,0.09336182755269179,0.08506374615648366,0.0878717454213731,0.09019698034497309,0.08576267437501495,0.08712773823465175,0.08735366452173238,0.08732619693324878,0.08780585915659195
52,0.28969848,-0.25638176272756824,0.13428814815685114,0.13429842539682313,0.13429738828382293,0.15878611660838032,0.15874332433579924,0.10715854345203174,0.07553926775393005,0.0791555444087339,0.0822818864935676,0.08465198996333606,0.08269218432059089,0.08257641615878114,0.07421859280869864,0.07710583017921724,0.07948154527869433,0.07502285400044362,0.07640708853924555,0.07664127399692983,0.07661164145186905,0.07709130367521216
53,0.2942211,-0.25638176272756824,0.12606292153607446,0.12607299263279592,0.1260719642096066,0.14938204775965613,0.14934117190552937,0.09640896199880739,0.06456980692967451,0.06831251044807457,0.07151355409249965,0.07392988320376642,0.07198838506377986,0.0718848719463493,0.06347774812001111,0.06643902445579858,0.06886038823530666,0.06439960957265839,0.06580343490633894,0.06604593448137369,0.06601396987995517,0.06649363210329834
54,0.29874372,-0.25638176272756824,0.11783769491529789,0.11784755986876877,0.11784654013539037,0.14000861274310922,0.13996960338194353,0.08571308605517552,0.05370743090106572,0.05757165375667889,0.06084197521028484,0.06329962343821116,0.06137738393926806,0.061285600494008885,0.05284003267835502,0.05586984151811586,0.05833188756831581,0.053892993287756374,0.055316501300275434,0.055567358351264584,0.05553288017475766,0.05601254239810077
55,0.30326632,-0.25638176272756824,0.10961250466824557,0.10962216347937742,0.10962115243577153,0.13066570336655559,0.13062851102093243,0.07507096256435841,0.04295148673608995,0.04693176611663158,0.05026566131120286,0.052759611279222685,0.05085756442488071,0.05077699464523594,0.042304199813216814,0.04539675555248662,0.047894408639695185,0.04350309488744658,0.04494596776240262,0.04520521344594147,0.04516802422358529,0.045647686446928404
56,0.30778894,-0.25638176272756824,0.10138727804746889,0.10139673071535021,0.10139572836155514,0.12135308852637167,0.12131766418660589,0.06448249740241402,0.03230115114396248,0.036391485284738234,0.039782998304420336,0.04230814671073663,0.040427210043685324,0.04035734721327544,0.03186884881871804,0.035018115759764934,0.03754621713157824,0.0332299599393161,0.034691388879455665,0.03495904161425201,0.034918926156847996,0.035398588380191165
57,0.31231153,-0.25638176272756824,0.09316210598727859,0.09317135251327668,0.09317035884923497,0.11207072357142506,0.11203701865581578,0.05394780745240557,0.021755785891868717,0.025949648934278424,0.029392598769999168,0.031943779160044816,0.03008485377135578,0.030025200013758413,0.021532775411148453,0.024732495126970788,0.027285825674120412,0.023073936372667636,0.024552542851044357,0.02482860750715471,0.024785330998513044,0.025264993221856158
58,0.31683415,-0.25638176272756824,0.08493687936650207,0.08494591974924959,0.08494493477501874,0.10281833880214958,0.10278630519493448,0.04346675295340019,0.011314468405181966,0.015604832218494125,0.01909284208866835,0.02166484781349881,0.019828819311322854,0.019778885599026297,0.011294513919140714,0.014538235141524192,0.01711153869779236,0.013035222192096296,0.014528987466668308,0.014813454930466152,0.014766760611785112,0.015246422835128226
59,0.32135677,-0.25638176272756824,0.07671165274572539,0.07672048698522232,0.0767195107008024,0.09359585028521988,0.09356544029800018,0.03303940396398708,0.0009764597156332044,0.005355813147121025,0.008882337377823735,0.011469942130819089,0.009657680658231638,0.009616986357666724,0.0011527979669946897,0.0044339040731617985,0.007021908314121583,0.0031143121280834962,0.004620519302932835,0.004913365673755055,0.0048629723441540595,0.005342634567497173
60,0.3258794,-0.25638176272756824,0.0684864079380868,0.0684950360338773,0.06849406843928751,0.08440309306011717,0.08437425944270299,0.02266573760629792,-0.009259098093127222,-0.00479872503022899,-0.001240372926885669,0.0013576048982846256,-0.0004300342060920559,-0.00046196150162725047,-0.00889373413003694,-0.005581996466469508,-0.002984559690630384,-0.0066883041720454395,-0.005173106400089389,-0.004871920370210003,-0.00492632132075238,-0.004446659097409267
61,0.330402,-0.25638176272756824,0.06026121769103443,0.06026963964448595,0.06026868073966868,0.0752400044996267,0.07521270041886136,0.012345845273058875,-0.01939297622450789,-0.01485998801126262,-0.011276608415094341,-0.008673464705531542,-0.01043564071792677,-0.010459265540279122,-0.01884633572282632,-0.015510829021891853,-0.012909204940527497,-0.016371963970078396,-0.014851966044356374,-0.014542495680197248,-0.014601243603840297,-0.014121581380497183
62,0.3349246,-0.25638176272756824,0.05203602744398195,0.05204424325509449,0.052043293040049676,0.06610638071783626,0.06608055977776683,0.0020796579744185584,-0.029426129135031315,-0.02482933660069761,-0.021227816668225097,-0.018624678189355537,-0.020360564145165627,-0.020376343277777237,-0.028706415150521303,-0.025354083464192628,-0.022753476792724936,-0.025936120422850095,-0.02441621076992867,-0.024098527993290403,-0.024161996948288883,-0.02368233472494574
63,0.33944723,-0.25638176272756824,0.04381078263634336,0.04381879230374952,0.043817850778534784,0.05700201952760764,0.05697763576423043,-0.008132891854494118,-0.03935953329265249,-0.03470812531036785,-0.031095413220215057,-0.02849739932569237,-0.030206181525139403,-0.030214564276102418,-0.0384753760388514,-0.035113218642985417,-0.03251877760465613,-0.03538023387183242,-0.033865893890116516,-0.03354008789607871,-0.0336086911740065,-0.03312902895066336
64,0.34396985,-0.25638176272756824,0.03558555601556668,0.03559335953972226,0.0355924267043185,0.04792686066181284,0.0479038685166992,-0.018291713533442305,-0.049194035278488146,-0.04449754961048036,-0.040880629643977484,-0.03829279336427882,-0.03997367131849955,-0.03997509989653206,-0.048154466309999144,-0.044789512220390265,-0.04220631369069586,-0.0447036949814989,-0.04320080554684663,-0.042866983650255375,-0.042941178945517106,-0.042461516722173964
65,0.34849244,-0.25638176272756824,0.027360383955376377,0.027367981337648783,0.02736705719199828,0.038880803785256546,0.038859158109074865,-0.0283967628504187,-0.05893055166708819,-0.05419884308771053,-0.05058471121311947,-0.04801202596345694,-0.049664211826754484,-0.04965912155588917,-0.05774497321638686,-0.054384256246900214,-0.051817292199690945,-0.05390610993031755,-0.052420638032817796,-0.052078926427265276,-0.05215922196182529,-0.05167955973848215
66,0.35301507,-0.25638176272756824,0.019135139147737734,0.019142530386303813,0.019141614930483386,0.029863569794080003,0.02984322586894178,-0.03844819603180588,-0.06857021473819211,-0.063813421815307,-0.060209062635432714,-0.0576564106609293,-0.059279128188258895,-0.059267947638577095,-0.06724836602615739,-0.06389890124775485,-0.06135306696738005,-0.06298756706452144,-0.061525092334132864,-0.06117563685794411,-0.06126259865185543,-0.06078293642851229
67,0.3575377,-0.25638176272756824,0.010909894340099036,0.010917079434958621,0.010916172668968327,0.020875100524531343,0.020856014027338998,-0.04844592346610321,-0.07811394246495731,-0.07334245469443956,-0.06975481926600863,-0.06722698059582438,-0.06881946538495995,-0.0688026167828524,-0.07666587132577038,-0.07333463234647647,-0.07081471511080653,-0.07194840731486674,-0.07051343455470602,-0.07015640199685869,-0.07025066208867373,-0.06977099986533059
68,0.3620603,-0.25638176272756824,0.0026847040930466637,0.002691683045567328,0.002690784969349491,0.011915317896569966,0.01189744489940292,-0.058389879369668996,-0.0875626990652974,-0.0827871218090786,-0.07922310646385039,-0.07672474931807238,-0.07828624832075781,-0.07826414776948926,-0.08599872850533327,-0.08269262580396983,-0.08020329505791077,-0.08078970724439472,-0.07938469924398225,-0.07902027872750753,-0.0791225449932442,-0.07864288276990106
69,0.3665829,-0.25638176272756824,-0.005540486154005708,-0.005533713343824076,-0.0055346027302694,0.0029840256495144435,0.002967322632237035,-0.0682801302386361,-0.09691759623356369,-0.09214871507131409,-0.08861514186018249,-0.08615081465138455,-0.08768058533010847,-0.08765364297884226,-0.09524828922169123,-0.091974150136658,-0.08951994928107504,-0.08951368400269541,-0.08813773043200068,-0.08776613515650855,-0.08787720295802148,-0.08739754073467834
70,0.37110552,-0.25638176272756824,-0.013765712774782418,-0.013759146107851367,-0.013760026804485737,-0.005918951200185485,-0.005934527357260355,-0.07811671945377296,-0.1061797437419793,-0.10142848850195377,-0.09793208665839045,-0.09550621073764917,-0.0970035206921655,-0.09697214099171592,-0.10441586947269596,-0.10118041920135257,-0.0987657581163742,-0.09812395952111413,-0.09677097594884443,-0.09639244570152983,-0.09651321146818576,-0.09603354924484261
71,0.37562814,-0.25638176272756824,-0.021990939395558934,-0.021984578871878463,-0.021985450878701962,-0.014793707910206039,-0.014808199940167549,-0.0878996031593173,-0.1153501894190653,-0.11062759732461827,-0.10717498554914276,-0.10479184861287733,-0.10625597544931895,-0.10622055742227493,-0.11350268951440742,-0.11031253293781068,-0.10794168116595576,-0.10662602485059147,-0.10528235381754869,-0.10489715848365161,-0.10502863559261322,-0.10454897336927005
72,0.38015077,-0.25638176272756824,-0.030216184203197632,-0.030210029823223544,-0.030210893140216938,-0.023640397974064586,-0.023653848219536755,-0.0976288028081558,-0.12443006244014346,-0.11974724106495885,-0.11634491156427373,-0.11400866258054076,-0.11543889329440071,-0.1153998307275731,-0.12251001530211084,-0.11937162060252507,-0.11704870207346077,-0.1150280298739278,-0.11366929116985916,-0.11327773554721354,-0.11342107308364485,-0.11294141086030171
73,0.38467336,-0.25638176272756824,-0.03844135626338796,-0.038435408025297046,-0.03843626265253716,-0.0324590569820892,-0.032471507412208944,-0.10730421137335217,-0.13342039171433895,-0.12878848091757217,-0.125442783679427,-0.12315742778197775,-0.1245530588258145,-0.1245107405295785,-0.13143897817156913,-0.12835866067100285,-0.1260876483777649,-0.12334142922899341,-0.12192844188323351,-0.12153087271059942,-0.12168737704856558,-0.12120771482522244
74,0.38919598,-0.25638176272756824,-0.046666582884164476,-0.04666084078932417,-0.04666168672675336,-0.04124995379735155,-0.04126144598463946,-0.11692597878761649,-0.14232246369224005,-0.13775259938140416,-0.1344697298571743,-0.13223912605494043,-0.13359946204698492,-0.13355427197511516,-0.14029093009052493,-0.13727483956912273,-0.13505955310385195,-0.13158230110771,-0.13005587796227627,-0.12965269380207978,-0.12982385394735987,-0.12934419172401676
75,0.3937186,-0.25638176272756824,-0.05489180950494105,-0.054886273553351295,-0.05488711080096961,-0.050013161273655043,-0.050023736419944925,-0.12649404069228837,-0.15113738345119448,-0.1466406590044113,-0.14342664427618085,-0.14125450147860655,-0.14257885560050615,-0.14253117312504565,-0.14906700795533154,-0.146121114397667,-0.14396521575621513,-0.13977210630958087,-0.13804652234474174,-0.13763818838376113,-0.13782570379883818,-0.13734604157549501
76,0.39824122,-0.25638176272756824,-0.06311703612571767,-0.06311170631737853,-0.0631125348751859,-0.058748810028036,-0.05875850896121304,-0.13600839708736795,-0.15986633338747785,-0.15545376257648774,-0.1523144502283625,-0.15020432537708722,-0.1514920187980767,-0.1514422188790323,-0.15776839064836176,-0.1548984727499357,-0.15280546427434255,-0.1479392480982984,-0.14589419720261612,-0.1454812668289991,-0.14568707786767637,-0.1452074156443332
77,0.4027638,-0.25638176272756824,-0.0713421899990459,-0.07133706633213413,-0.07133788620020745,-0.06745695295895215,-0.0674658161436397,-0.1454689645362774,-0.16851043658227027,-0.1641929155879986,-0.16113396258689083,-0.1590892584866801,-0.16033962036232768,-0.16028807374618978,-0.16639616332100093,-0.1636077969982373,-0.16158101900617394,-0.15612035596398352,-0.1535912891105723,-0.15317443612978296,-0.15340075410574155,-0.15292109188239844
78,0.40728644,-0.25638176272756824,-0.07956745299354667,-0.07956253547079711,-0.07956334664902112,-0.07613791141565582,-0.07614597893122677,-0.1548759518679587,-0.17707109890733924,-0.1728593726988895,-0.16988623861427837,-0.1679102049724971,-0.16912257096172165,-0.16906964430821247,-0.17495165953480263,-0.17225021083395012,-0.17029284248880616,-0.1643619755535628,-0.1611288353823962,-0.16070890233643315,-0.160958235073213,-0.16047857284986988
79,0.41180903,-0.25638176272756824,-0.087792625053737,-0.08778791367287062,-0.08778871616134135,-0.0847916023427274,-0.08479891392440628,-0.16422913010681578,-0.18554934266280487,-0.18145396414550508,-0.1785718989429933,-0.17666762871145286,-0.17784134242282088,-0.1777873985446073,-0.18343579637385882,-0.1808264088788437,-0.17894146430272703,-0.17272097366053787,-0.16849575354307414,-0.1680738256213385,-0.16834898485436361,-0.1678693226310205
80,0.41633165,-0.25638176272756824,-0.09601785167451352,-0.09601334643689774,-0.09601414023555752,-0.09341830636924267,-0.09342490137834839,-0.17352866505726877,-0.1939465640272468,-0.18997786308945352,-0.18719190339913955,-0.18536233558138737,-0.18649674668096322,-0.18644214464912917,-0.19184983208174078,-0.18933742290867203,-0.18752775382700312,-0.18126544542523138,-0.17567946112629504,-0.17525697985079777,-0.1755610515917214,-0.17508138936837825
81,0.42085424,-0.25638176272756824,-0.10424302373470384,-0.10423872463897121,-0.10423950974787774,-0.10201803562545825,-0.10202395307588072,-0.18277443334567664,-0.20226391145928668,-0.19843195661537819,-0.19574691640008413,-0.193994834087561,-0.19508929922326557,-0.1950343945491264,-0.2001947452363939,-0.19778399536721275,-0.19605228893214438,-0.19007232371141114,-0.18266562839982886,-0.18224456983816223,-0.18258079837717414,-0.182101136153831
82,0.42537686,-0.25638176272756824,-0.11246825035548047,-0.11246415740299845,-0.11246493382209408,-0.11059102999181275,-0.11059630853481106,-0.19196655763319093,-0.21050276873507145,-0.20681733683057799,-0.20423780434712296,-0.2025658373312084,-0.20361971881967486,-0.203564863586627,-0.20847171963902345,-0.20616707061376466,-0.20451585183706783,-0.1992218045258403,-0.18943968292005958,-0.189022841027693,-0.18939433831016775,-0.1889146760868246
83,0.42989948,-0.25638176272756824,-0.12069347697625701,-0.1206895901670256,-0.1206903578963103,-0.11913735734225409,-0.11914203528333012,-0.2011049764111126,-0.2186643667578681,-0.21513490750888575,-0.212665238434096,-0.21107586253486432,-0.2120885289068868,-0.2120340719142332,-0.2166817561481097,-0.21448740290054835,-0.21291903377960214,-0.20878159953071998,-0.19598934165070733,-0.19558078612154645,-0.19598987700026518,-0.19551021477692204
84,0.43442208,-0.25638176272756824,-0.1289186672233094,-0.12891498655641695,-0.1289157455959292,-0.1276571042907239,-0.12766121959063284,-0.21018964962363074,-0.2267499685098853,-0.22338557298210868,-0.22102988638130053,-0.21952542465379882,-0.2204962503448638,-0.22044253722929605,-0.22482585924754822,-0.2227457458191837,-0.22126242635393556,-0.2187723680526271,-0.20231151428494512,-0.20191734175409554,-0.20236416374252753,-0.20188450151918438
85,0.4389447,-0.25638176272756824,-0.13714389384408604,-0.13714041932044418,-0.1371411696701455,-0.13615046965070338,-0.13615405992127014,-0.219220657619865,-0.23476095563495597,-0.23157032803858188,-0.2293325043596491,-0.22791512948097917,-0.22884349405601423,-0.22879086742309093,-0.23290512590090015,-0.23094294319597322,-0.22954671358590778,-0.22909655917993557,-0.20842764518206547,-0.20805722619358508,-0.20853678550316465,-0.2080571232798215
86,0.44346732,-0.25638176272756824,-0.14536912046486258,-0.14536585208447134,-0.14536659374436173,-0.14461753838405667,-0.1446206408988862,-0.2281979601065067,-0.24269861323290387,-0.23969003966391556,-0.2375737162874813,-0.23624545082013446,-0.23713073932260717,-0.23707953885066563,-0.24092053022941257,-0.23907971133734607,-0.23777245205250158,-0.23941574611939576,-0.2144177038114879,-0.21408575281942044,-0.21458176860251385,-0.2141021063791707
87,0.44798994,-0.25638176272756824,-0.15359434708563913,-0.15359128484849846,-0.15359201781857795,-0.15305843242897121,-0.15306108412400773,-0.23712155708355598,-0.2505642725340448,-0.24774559401977256,-0.24575416332887276,-0.2445168815669004,-0.24535848414454903,-0.24530904669252374,-0.2488730687086371,-0.2471567867712478,-0.24594022021130982,-0.24902023835543832,-0.2204963427912715,-0.2202262601709289,-0.2206983961852475,-0.22021873396190436
88,0.45251256,-0.25638176272756824,-0.16181957370641578,-0.1618167176125257,-0.16181744189279423,-0.16147327297089026,-0.16147551044751612,-0.24599144855101293,-0.2583592742909679,-0.25573786063712617,-0.2538744680519005,-0.25272989754978975,-0.25352720927788136,-0.25347986898292935,-0.25676372494046945,-0.25517489100434376,-0.25405058284281423,-0.2569319865636332,-0.22717990369667138,-0.22700858095884419,-0.2273668249845954,-0.22688716276125226
89,0.45703515,-0.25638176272756824,-0.17004474576660608,-0.17004209581459917,-0.17004281140511446,-0.16986212488772348,-0.16986398441821393,-0.2548075762063886,-0.26608491706950693,-0.26366764092644135,-0.2619351824632654,-0.2608849049534039,-0.26163732597149303,-0.26159241432182395,-0.2645934189240156,-0.2631346793476195,-0.2621040392737653,-0.26272105144484553,-0.23563081823204354,-0.23561252841333383,-0.2356721629972611,-0.23519250077391796
90,0.46155778,-0.25638176272756824,-0.1782699905742447,-0.1782675467659442,-0.17826825366662935,-0.17822523763203338,-0.1782267551544762,-0.26357007632632107,-0.2737426779408782,-0.27153589647740395,-0.26993702044622864,-0.26898247546976434,-0.2696894098357392,-0.2696472558090288,-0.2723632325917772,-0.27103697059046916,-0.2701012557508339,-0.26789345408217924,-0.24819345961807104,-0.248386868750719,-0.24783162415119794,-0.24735196192785477
91,0.4660804,-0.25638176272756824,-0.18649521719502132,-0.18649297952997143,-0.1864936777408457,-0.1865626374502199,-0.18656384858138808,-0.27227885150249803,-0.2813338367392574,-0.2793433650554817,-0.2778804676499459,-0.27702295154254813,-0.27768380829048295,-0.27764473836303677,-0.28007403075058196,-0.2788823619072383,-0.2780426757418856,-0.2757389321617505,-0.26797008837376574,-0.2683377543311178,-0.26697354835219284,-0.26649388612884967
92,0.470603,-0.25638176272756824,-0.19472040744207372,-0.19471837591936278,-0.19471906544046458,-0.1948744243941151,-0.19487536442862807,-0.28093388301324784,-0.28885974924866287,-0.287090842778398,-0.28576606852524844,-0.28500673666274456,-0.28562092929112753,-0.2855852675227374,-0.2877267397858762,-0.2866715124262623,-0.28592880675406457,-0.287237684919594,-0.28950383274268515,-0.28958788047922807,-0.28907312962347237,-0.2885934674001292
93,0.4751256,-0.25638176272756824,-0.2029455976891261,-0.20294377230875416,-0.20294445314008344,-0.20316075289632213,-0.2031614568078353,-0.28953520948939887,-0.29632182712623795,-0.29477916566276213,-0.2935944078648266,-0.29293427665607924,-0.293501222708249,-0.2934692908255734,-0.2953223295679268,-0.29440512515801043,-0.29376020201558856,-0.29383482132507166,-0.280348671659826,-0.28004994164124036,-0.2821389102392818,-0.2816592480159386
94,0.47964823,-0.25638176272756824,-0.21117084249676482,-0.21116922326009926,-0.21116989540159845,-0.2114217944584589,-0.21142229690278908,-0.2980828874522138,-0.3037215025315,-0.3024091752911661,-0.3013660760540052,-0.3008060244091369,-0.30132514526041276,-0.30129726272510104,-0.3028617796551499,-0.3020839128223486,-0.30153742579270604,-0.3011845476985011,-0.29815048124763877,-0.29766915026165264,-0.3015393735393515,-0.30105971131600834
95,0.48417085,-0.25638176272756824,-0.21939606911754136,-0.2193946560241264,-0.21939531947581464,-0.21965759192408912,-0.21965792724532895,-0.30657684094626686,-0.31106009753356867,-0.3099815860382659,-0.30908153387877996,-0.30862230276149166,-0.30909302427437546,-0.3090695082673572,-0.3103459481514574,-0.30970846437792,-0.3092609180520821,-0.3079256743190983,-0.30000421361793095,-0.29953999758303423,-0.307527800346846,-0.3070481381235029
96,0.48869348,-0.25638176272756824,-0.2276213139251801,-0.2276201069754715,-0.22762076173732965,-0.2278682970820927,-0.2278684993127141,-0.31501710753365064,-0.31833903644254147,-0.31749720601677195,-0.3167413376228062,-0.31638353233143135,-0.3168052841522349,-0.3167864496654948,-0.3177757900839266,-0.3172794675351251,-0.3169312196761911,-0.3160380793526077,-0.3103962933004602,-0.3114474290444148,-0.3183336437070134,-0.3178539814836702
97,0.49321607,-0.25638176272756824,-0.2358464859853704,-0.235845485177545,-0.23584613124964984,-0.236053934072996,-0.2360540369385532,-0.3234035944372463,-0.3255596344270782,-0.32495672103451684,-0.3243459189764016,-0.3240900083728176,-0.3244622246353562,-0.3244483844294385,-0.3251521439099596,-0.32479749134876623,-0.32454875208261763,-0.324138858446776,-0.32284030822748794,-0.3257292199221604,-0.32390397499304735,-0.3234243127697042
98,0.4977387,-0.25638176272756824,-0.244071730793009,-0.24407093612889,-0.24407157351116474,-0.24421476166061568,-0.24421479857964992,-0.3317364500054456,-0.3327234167718753,-0.33236102646648313,-0.33189592334801044,-0.3317422434191841,-0.3320643612769903,-0.3320558260488096,-0.3324760597021308,-0.332263320756047,-0.33211415601845584,-0.3316590834745141,-0.3317290848906485,-0.32830101755606217,-0.33277064485704666,-0.3322909826337035
99,0.5022613,-0.25638176272756824,-0.2522969210400615,-0.2522963325182815,-0.2522969612107837,-0.25235076672700385,-0.2523507708167048,-0.3400155450865224,-0.33983167174388085,-0.33971076741916884,-0.3393917410606635,-0.33934049199408767,-0.33961195323838655,-0.33960903146937166,-0.3397483444297992,-0.33967749317084783,-0.33962782184973606,-0.3396250331922389,-0.33984334383098097,-0.33836521357921734,-0.33913216719156736,-0.3386525049682242
100,0.5067839,-0.25638176272756824,-0.2605221112871138,-0.2605217289076727,-0.2605223489104025,-0.26046211607633263,-0.26046212015360237,-0.3482409351330001,-0.34688584744943024,-0.34700675095612354,-0.3468339276186438,-0.34688517633843763,-0.347105426275078,-0.34710842435694444,-0.3469699696458137,-0.34704071408523063,-0.347090310518919,-0.346945441988786,-0.34682047540313365,-0.34682047540313365,-0.34682047540313365,-0.3463408131797905
101,0.5113065,-0.25638176272756824,-0.26874730153416626,-0.2687471252970642,-0.2687477366100215,-0.2685489216157353,-0.26854895820045055,-0.3564126201448792,-0.353887344645477,-0.3542497341350279,-0.35422298755836995,-0.35437666714086724,-0.3545451549144317,-0.3545543771185263,-0.35414186182285007,-0.3543536434032765,-0.35450213687111554,-0.35443119305065224,-0.3536908207366367,-0.3536908207366362,-0.35369082073670455,-0.3532111585133614
102,0.51582915,-0.25638176272756824,-0.27697258271552905,-0.27697261262304496,-0.2769732152461337,-0.27661138357575477,-0.27661148489434645,-0.3645306895743236,-0.36083764029213306,-0.3614405539337666,-0.3615595069415611,-0.3618154176511658,-0.3619315956699997,-0.36194734421760827,-0.361265030944707,-0.36161702659837835,-0.3618639024148649,-0.36117032146875916,-0.3605094341769672,-0.36050943416759135,-0.3605094346154286,-0.36002977239208545
103,0.52035177,-0.25638176272756824,-0.2851978093363057,-0.2851980453870722,-0.28519863932035,-0.28464946974121946,-0.2846496677275039,-0.37259499946663194,-0.36773801045939314,-0.3685798427103376,-0.36884386301282174,-0.3692016690842955,-0.3692649945426066,-0.36928756940714275,-0.3683402885552243,-0.36883140727315794,-0.36917600383251586,-0.3684540608517245,-0.3672777361941112,-0.3672777353564539,-0.3672777552134055,-0.36679809299006233
104,0.5248744,-0.25638176272756824,-0.2934230541439443,-0.29342349633841724,-0.2934240815818649,-0.29266336126166614,-0.29266368756105227,-0.3806056215022825,-0.3745899140774373,-0.37566842737832984,-0.3760766314385847,-0.3765358633318498,-0.3765457968559761,-0.3765754959172497,-0.3753686430549025,-0.375997530319616,-0.3764390414572166,-0.3766290975693981,-0.3739982459589203,-0.37399823416797406,-0.3739984006326644,-0.3735187384093212
105,0.529397,-0.25638176272756824,-0.3016482443909968,-0.3016488927278087,-0.3016494692814839,-0.3006530966530209,-0.30065358262313296,-0.38856248518828485,-0.38139468591978326,-0.38270701391461215,-0.38325826441315514,-0.38381831638452546,-0.38377432301706293,-0.38381144191333966,-0.38235098696343306,-0.38311602314162563,-0.38365349605088483,-0.38199776649325634,-0.3806752705433215,-0.3806752006039633,-0.38067585488616246,-0.3801961926628193
106,0.53391963,-0.25638176272756824,-0.3098734891986354,-0.3098743436791537,-0.3098749115429988,-0.3086188904909267,-0.3086195672076463,-0.3964656960860021,-0.3881538081154323,-0.38969647032109667,-0.39038937937549095,-0.3910495109081095,-0.39095105897404997,-0.390995891233786,-0.38928837734950283,-0.3901876816950809,-0.3908200185874908,-0.39270499465711406,-0.3873149078497465,-0.3873146507122813,-0.3873163604727842,-0.38683669824944106
107,0.5384422,-0.25638176272756824,-0.31809862488510154,-0.3180996855065914,-0.3181002446807217,-0.3165606924201629,-0.3165615906739666,-0.40431509745649297,-0.3948685345140304,-0.39663744022634223,-0.3974703648074299,-0.3982296963359119,-0.3980762593172055,-0.3981290960654621,-0.39618165220003865,-0.39721307957318236,-0.39793903398553776,-0.3966868171060619,-0.39392360506049084,-0.3939229010947779,-0.3939263973752405,-0.3934467351518974
108,0.5429648,-0.25638176272756824,-0.326323815132154,-0.32632508189598286,-0.3263256323803406,-0.32447876800057185,-0.3244799183072674,-0.41211084603869885,-0.40154038245542834,-0.4035308533980707,-0.4045019011383772,-0.4053594169154273,-0.4051504713561722,-0.4052116015814873,-0.4030319369480706,-0.40419308451095404,-0.4050112644490881,-0.4031349684657711,-0.40050775365385927,-0.4005061692798973,-0.4005122683101997,-0.40003260608685653
109,0.54748744,-0.25638176272756824,-0.3345490781266548,-0.33455055103464587,-0.3345510928291543,-0.33237324082707237,-0.3323746734274616,-0.4198529578230794,-0.4081707436558096,-0.41037752534100774,-0.4114845523108507,-0.41243909738743556,-0.4121741239442205,-0.41224383431409345,-0.4098402467590755,-0.41112845320500513,-0.41203731878998345,-0.4133829464281046,-0.4070728741887345,-0.40706976666461747,-0.407079307821585,-0.40659964559824185
110,0.55201006,-0.25638176272756824,-0.34277430474743126,-0.3427759837986729,-0.3427765169033704,-0.34024411201259075,-0.34024585687013875,-0.4275413297419838,-0.4147609017968451,-0.4171781776967167,-0.41841878680341094,-0.4194690642018364,-0.4191475486277993,-0.41922612329133235,-0.4166075061027599,-0.4180198516800695,-0.4190177131017514,-0.4219955734614731,-0.4136235312067116,-0.4136180208157586,-0.41363182675101495,-0.4131521645276718
111,0.5565327,-0.25638176272756824,-0.3509995677419321,-0.3510014529373359,-0.3510019773521841,-0.34809155654200985,-0.3480936433516041,-0.4351760297946864,-0.421312280349067,-0.4239336959872773,-0.42530524065127445,-0.4264498120777058,-0.42607124410517994,-0.4261589648156938,-0.4233348047304081,-0.4248681163547243,-0.42595313522422484,-0.4281397613452358,-0.4201636459556656,-0.4201545936220309,-0.4201734486839211,-0.419693786460578
112,0.5610553,-0.25638176272756824,-0.35922475798898457,-0.3592268493267274,-0.3592273650518031,-0.355915575204941,-0.35591803338783035,-0.4427569570510156,-0.4278261503761287,-0.43064482994793596,-0.4321444121283072,-0.43338169439196994,-0.432945569128685,-0.4330427149670786,-0.4300230990188042,-0.4316739503146194,-0.4328441371339633,-0.4329227587482284,-0.4266963333601705,-0.42668232207826884,-0.4267069628178741,-0.42622730059453096
113,0.5655779,-0.25638176272756824,-0.3674499482360368,-0.3674522457161187,-0.36745275275142186,-0.3637163416301537,-0.3637192003439842,-0.4502841792727458,-0.43430391955861714,-0.4373124933208288,-0.43893696762389933,-0.4402652331847896,-0.43977105000059924,-0.43987789749571116,-0.4366735100034766,-0.43843822715657454,-0.4396914427217018,-0.43752368778111744,-0.43322432417346435,-0.43320364258870614,-0.4332347559049209,-0.4327550936815777
114,0.57010055,-0.25638176272756824,-0.37567522941739984,-0.3756777330420996,-0.37567823138753426,-0.37149404517755136,-0.3714973333207617,-0.45775777878712687,-0.44074699967532227,-0.44393762863715847,-0.44568360403323304,-0.44710097958797124,-0.44654824213012667,-0.446665065200842,-0.44328718837963843,-0.4451618539487484,-0.4464958090445365,-0.4426490589011494,-0.4397499512174982,-0.43972057855543656,-0.43975880382500765,-0.4392791416016645
115,0.5746231,-0.25638176272756824,-0.3839003287301418,-0.3839030384949016,-0.38390352815065987,-0.3792485311594682,-0.3792522773540236,-0.4651775086124101,-0.44715650880686075,-0.45052090301167025,-0.4523847395059317,-0.4538892005619265,-0.45327741953208034,-0.45340448894255514,-0.4498650098528587,-0.45184546228192946,-0.4532577139155085,-0.44850873615337683,-0.4462749404163337,-0.44623453267335744,-0.4462804654498075,-0.44580080322646437
116,0.5791457,-0.25638176272756824,-0.3921255189771941,-0.39212843488429283,-0.39212891585027865,-0.38698015943070474,-0.38698439205387036,-0.47254361573034387,-0.45353398109106774,-0.45706343908657543,-0.45904125808604423,-0.4606306333313138,-0.4599593227757389,-0.4600969067008386,-0.4564083044344296,-0.4584901501378633,-0.45997810676437945,-0.45501168822065235,-0.4528012040520773,-0.45274707949390636,-0.4528012767061643,-0.4523216144828212
117,0.58366835,-0.25638176272756824,-0.40035080015855684,-0.4003539222102736,-0.4003543944863908,-0.3946890309067957,-0.39469377807966716,-0.4798560983597062,-0.4598807256031989,-0.4635661573302788,-0.46565384048606845,-0.4673258074065618,-0.46659448685497273,-0.4667428504407204,-0.46291819901035836,-0.46509681427785776,-0.46665773326677024,-0.4619589333776991,-0.45933024477844303,-0.45925937053625976,-0.45932235494362716,-0.458842692720284
118,0.588191,-0.25638176272756824,-0.40857608133991985,-0.4085794095362546,-0.4085798731225032,-0.40237516106169335,-0.40238045064532024,-0.4871148747669819,-0.46619797025999155,-0.4700299258776175,-0.4722231174553955,-0.47397520019837064,-0.4731833955543434,-0.47334280067336987,-0.4693957656521709,-0.4716663020474359,-0.4732972893987486,-0.4691546906797185,-0.4658633380591176,-0.46577231687652393,-0.46584458125650785,-0.46536491903316474
119,0.5927136,-0.25638176272756824,-0.4168012715869721,-0.41680480592564584,-0.416805260822122,-0.41003856577953823,-0.4100444253759591,-0.4943198655936377,-0.47248693204871844,-0.4764556339973455,-0.4787497452423722,-0.48057931364410733,-0.47972655743907,-0.4798972625503193,-0.47584209402312894,-0.4781994858318168,-0.4798974971299571,-0.476447575446007,-0.4724016308667798,-0.47228668796886014,-0.4723686988378212,-0.471889036614478
120,0.5972362,-0.25638176272756824,-0.4250264618340246,-0.4250302023150373,-0.425030648521741,-0.4176794300479767,-0.4176858870147693,-0.5014711513856949,-0.4787489543923093,-0.4828443333046161,-0.48523454961002144,-0.4871388200796286,-0.4862246503775576,-0.48640691063672314,-0.4822584322270643,-0.48469740656439,-0.4864592497177602,-0.4837348699151161,-0.47894630434327523,-0.47880327395453803,-0.4788954749165173,-0.4784158126931741
121,0.60175884,-0.25638176272756824,-0.43325172482852536,-0.4332556714537003,-0.43325610897055467,-0.42529792045061127,-0.42530500190291465,-0.5085687946799948,-0.484985352200936,-0.4891970799987777,-0.4916783661477495,-0.49365440079436895,-0.49267836157049927,-0.4928724286702956,-0.4886460277724761,-0.49116111326424206,-0.4929834499030886,-0.49095283028366954,-0.48549842659993314,-0.4853227392348554,-0.48542555351932837,-0.4849458912959852
122,0.60628146,-0.25638176272756824,-0.441476951449302,-0.44148110421772757,-0.441481533044771,-0.4328940344879321,-0.432901767286897,-0.5156127009587849,-0.49119728823723197,-0.4955148102242589,-0.4980819148455195,-0.500126619608597,-0.49908826239284476,-0.4992943841498115,-0.4950060007363025,-0.49759153590356997,-0.49947088220768576,-0.49806482808791686,-0.49205882877345286,-0.49184549989760107,-0.4919593321105592,-0.49147966988721603
123,0.610804,-0.25638176272756824,-0.4497020325751818,-0.4497063914832115,-0.4497068116205977,-0.4404677702652877,-0.44047618101883684,-0.5226027785542733,-0.49738591166622115,-0.501798482570291,-0.504445945797618,-0.506556070715096,-0.5054549549065867,-0.5056733750873554,-0.5013394852983337,-0.5039896300016101,-0.5059223596271321,-0.5050517152221071,-0.4986282525618776,-0.4983718715563912,-0.49849710913872836,-0.4980174469153852
124,0.61532664,-0.25638176272756824,-0.45792729556968265,-0.4579318606218745,-0.4579322720694114,-0.448019526642391,-0.4480286417440633,-0.5295393053197992,-0.5035526839380571,-0.5080494088144012,-0.5107715747334138,-0.5129437178600809,-0.5117794076903763,-0.5120103665021051,-0.5076479622985306,-0.5103567132550082,-0.512339063433662,-0.5119050985814719,-0.5052077001195014,-0.504902417475279,-0.505039432346388,-0.5045597701230449
125,0.61984926,-0.25638176272756824,-0.4661525221904591,-0.4661572933859015,-0.46615769614362756,-0.45554919965791496,-0.4555590452438536,-0.5364220957823036,-0.509698640005227,-0.5142685046852288,-0.5170595253678085,-0.5192901294792949,-0.5180621984983725,-0.5183059315945662,-0.5139325022674,-0.5166937021875956,-0.5187217742534911,-0.5186217743896139,-0.5117976480651816,-0.5114371690327201,-0.5115863174596335,-0.5111066552362903
126,0.6243719,-0.25638176272756824,-0.4743777851849599,-0.47438276252456457,-0.4743831565924412,-0.46305695234143185,-0.463067554316947,-0.5432512108161516,-0.5158250166327256,-0.5204569279877083,-0.52331077661508,-0.5255961330348198,-0.5243041622176329,-0.5245609009526979,-0.5201944071566433,-0.5230017614802986,-0.5250715274773717,-0.5252014422324699,-0.518398713278559,-0.5179762883589838,-0.5181379116423483,-0.5176582494190053
127,0.62889445,-0.25638176272756824,-0.4826028844977019,-0.48260806797736644,-0.4826084533555667,-0.47054269846759256,-0.4705540824838065,-0.5500264855699348,-0.5219328302496771,-0.526615651671948,-0.529526132026825,-0.5318623810613585,-0.5305059612861879,-0.5307759320883378,-0.5264347771791333,-0.5292818683973093,-0.5313891753504272,-0.5316444536160247,-0.5250111975899789,-0.5245196184345984,-0.5246940424566591,-0.5242143802333159
128,0.63341707,-0.25638176272756824,-0.49082811111847857,-0.49083350074139376,-0.490833877429783,-0.4780067983271098,-0.478018989829524,-0.5567481600974056,-0.5280234440574556,-0.5327460361117914,-0.535706798630736,-0.5380899355144276,-0.5366686640809945,-0.5369520890401784,-0.5326550885619652,-0.5355353956112338,-0.5376759742549901,-0.5379514291777678,-0.5316356973072864,-0.531067288238187,-0.5312548239173183,-0.5307751616939751
129,0.6379397,-0.25638176272756824,-0.4990533559261171,-0.49905895169273873,-0.4990593196912979,-0.48544924707956694,-0.4854622712725805,-0.5634161437995069,-0.5340979051959056,-0.5388491604599525,-0.5418537131442256,-0.5442795891071506,-0.5427930732401988,-0.5430901692609053,-0.5388565142647004,-0.5417634286521125,-0.5439328988931003,-0.5441221091821773,-0.5382723824032074,-0.5376190013309335,-0.5378199434560027,-0.5373402812326595
130,0.6424623,-0.25638176272756824,-0.5072785461731697,-0.5072843480821303,-0.5072847073909169,-0.49287007325534615,-0.49288395510679794,-0.5700303780580944,-0.5401572692384187,-0.5449261503595905,-0.5479678742549214,-0.5504322013410194,-0.5488800583099758,-0.5491910369462238,-0.545040253393605,-0.5479670990164907,-0.5501609786097819,-0.5501556209395604,-0.5449213417417373,-0.5441743802595203,-0.5443890067715794,-0.5439093445482364
131,0.6469849,-0.25638176272756824,-0.515503736420222,-0.5155097444715215,-0.5155100950905357,-0.5002694199589555,-0.5002841842151131,-0.576590907282083,-0.5462026659215508,-0.5509782431734511,-0.5540504092258152,-0.5565487662640722,-0.5549306227744403,-0.555255690219753,-0.5512075956442932,-0.5541476497664308,-0.5563613641211514,-0.5560507183207073,-0.5515826519018868,-0.5507330367284775,-0.5509616079747771,-0.550481945751434
132,0.6515075,-0.25638176272756824,-0.5237289266672744,-0.523735140860913,-0.5237354827901547,-0.5076473803136476,-0.5076630514957633,-0.5830977314714729,-0.5522351642619554,-0.5570066520643647,-0.560102438223152,-0.5626302768014129,-0.5609457698411131,-0.5612851266094017,-0.5573597807831971,-0.5603062955763785,-0.5625351879915967,-0.5618060225651804,-0.5582562252285114,-0.5572944245007916,-0.5575371820214576,-0.5570575197981145
133,0.6560301,-0.25638176272756824,-0.5319541169143267,-0.5319605372503042,-0.5319608704897735,-0.5150040469051427,-0.5150206493114295,-0.5895508506262639,-0.5582558123305057,-0.5630126054530133,-0.5661251152987543,-0.5686777670484654,-0.5669265443141815,-0.5672803850042483,-0.563498036160943,-0.5664442615507228,-0.5686836047674078,-0.567420606049971,-0.5649418486241162,-0.563857880934652,-0.5641150461842328,-0.5636353839608896
134,0.66055274,-0.25638176272756824,-0.5401793799088275,-0.5401860063889672,-0.540186330938587,-0.5223395765703115,-0.5223571342864564,-0.5959503211083839,-0.5642656897981171,-0.5689973986132191,-0.5721196812374045,-0.5746923663496184,-0.5728740860892079,-0.5732425992739656,-0.569623626876463,-0.572562834337715,-0.5748078432615892,-0.5728947287160657,-0.5716392377209358,-0.5704226835314192,-0.5706944565928728,-0.5702147943695297
135,0.6650754,-0.25638176272756824,-0.5484046792770524,-0.5484115119022659,-0.548411827761998,-0.529654027973225,-0.5296725648620195,-0.6022961135493796,-0.5702657744037851,-0.5749622597633792,-0.5780873305230838,-0.5806751669000514,-0.5787894992437769,-0.5791728670316683,-0.5757377159854857,-0.5786632233813795,-0.5809090687922518,-0.5782305375589957,-0.578347883927256,-0.5769879037063848,-0.5772744615599299,-0.5767947993365867
136,0.66959804,-0.25638176272756824,-0.5566299422715533,-0.5566369810409288,-0.5566372882108117,-0.5369474274212658,-0.5369669671196118,-0.6085881718248249,-0.5762569950028315,-0.5809084023815962,-0.5840292651772243,-0.5866272791644271,-0.5846739068861289,-0.5850723045995975,-0.5818414146750375,-0.5847466121946014,-0.5869884358986167,-0.5834330620534598,-0.585067108347505,-0.5835524642623786,-0.5838539590643016,-0.5833742968409584
137,0.67412066,-0.25638176272756824,-0.5648551688923298,-0.5648624138049562,-0.564862712285028,-0.5442198656690683,-0.5442404315982282,-0.6148264966472149,-0.5822403104827141,-0.5868371024312773,-0.5899467730173711,-0.5925499115216869,-0.5905285299087935,-0.5909421259582579,-0.5879358584024461,-0.5908142349896546,-0.5930471661112706,-0.5885113191852409,-0.5917961463310726,-0.5901152265166698,-0.5904317839774768,-0.5899521217541337
138,0.6786433,-0.25638176272756824,-0.5730804318868304,-0.573087882943619,-0.5730881727338415,-0.5514714969947385,-0.5514931123716077,-0.6210111431909822,-0.5882167088691134,-0.592749695803733,-0.5958412257941048,-0.5984443694554814,-0.5963546861706369,-0.5967836419330959,-0.594022201387222,-0.5968673714980246,-0.5990865437256682,-0.5934793987274591,-0.5985341435703189,-0.5966749908164668,-0.5970067084961306,-0.5965270462727874
139,0.68316585,-0.25638176272756824,-0.5813055311995725,-0.5813131883964209,-0.581313469496967,-0.5587022349470077,-0.5587249227508466,-0.6271419622795316,-0.5941869558597668,-0.598647328332793,-0.6017138310165622,-0.6043118087821613,-0.6021535466031622,-0.6025980156506099,-0.6001013557106208,-0.6029070880512968,-0.605107658693716,-0.5983573379873202,-0.6052798688032309,-0.6032302222203655,-0.6035771671063419,-0.6030975048829987
140,0.68768847,-0.25638176272756824,-0.589530757820349,-0.5895386211604481,-0.5895388935711834,-0.5659124244042542,-0.5659362074423847,-0.6332191711668875,-0.6001521489350176,-0.6045315019019087,-0.6075661767390825,-0.610153781421173,-0.6079266746211669,-0.6083868033846992,-0.6061745504502074,-0.6089347935218563,-0.6111119620641359,-0.6031725544140815,-0.6120323362891699,-0.6097796612110775,-0.6101418686392864,-0.6096622064159434
141,0.6922111,-0.25638176272756824,-0.5977560026279877,-0.5977640721117932,-0.5977643358326983,-0.5731020575864311,-0.5731269584443501,-0.6392426878038913,-0.6061130698755548,-0.6104034329767349,-0.6133995933247731,-0.6159715989098699,-0.6136753970598059,-0.6141513238173424,-0.6122426669759609,-0.6149515788444735,-0.6171006084243778,-0.6079600556548261,-0.6187900716797312,-0.6163216158041314,-0.6166990866713493,-0.6162194244480061
142,0.6967337,-0.25638176272756824,-0.6059811928750403,-0.6059894685011846,-0.6059897235323173,-0.5802711589607934,-0.5802972000078743,-0.6452124592723301,-0.6120705013807315,-0.6162643640978587,-0.6192154645753369,-0.6217666448892311,-0.6194011130325632,-0.6198929677134337,-0.6183065557278196,-0.6209585319622881,-0.6230747710898827,-0.6127630332689016,-0.6255514665821023,-0.6228543130106307,-0.6232470117436494,-0.6227673495203063
143,0.7012563,-0.25638176272756824,-0.6142063831220926,-0.6142148648905761,-0.6142151112319362,-0.5874198637045085,-0.5874470671131744,-0.6511285257061701,-0.6180252922601885,-0.6221156258173298,-0.6250152893377063,-0.6275404375877143,-0.6251053556322194,-0.6256132598069033,-0.624367096614479,-0.6269567970640958,-0.62903570164624,-0.617632632859614,-0.6323148508996892,-0.629375974776672,-0.6297838274305521,-0.6293041652072089
144,0.7057789,-0.25638176272756824,-0.622431573369145,-0.6224402612799673,-0.6224404989315551,-0.5945482587388418,-0.5945766464790023,-0.6569908871054111,-0.62397822517982,-0.6279585044428553,-0.6308005503731012,-0.633294500306057,-0.63078966393433,-0.6313137304599039,-0.6304250581983977,-0.6329474343795523,-0.6349845910962009,-0.6226267335016656,-0.6390783411469525,-0.6358846780014169,-0.6363075699886377,-0.6358279077652946
145,0.7103015,-0.25638176272756824,-0.6306567636161975,-0.6306656576693588,-0.630665886631174,-0.6016564304918668,-0.6016860243326785,-0.6627995434700535,-0.629930055767417,-0.6337942784995678,-0.636572750682789,-0.6390303988703916,-0.6364556199802252,-0.6369959527571137,-0.6364811310773493,-0.6389314524698706,-0.6409226025601754,-0.6278078187004347,-0.6458398834584007,-0.6423784034008053,-0.6428161772999271,-0.6423365150765841
146,0.71482414,-0.25638176272756824,-0.6388820266106983,-0.6388911268080218,-0.6388913470799876,-0.6087445275030652,-0.6087753490256274,-0.6685545454620929,-0.6358815648140415,-0.6396242676549424,-0.6423334617046291,-0.644749790576753,-0.642104897084413,-0.6426615909672257,-0.6425359743232208,-0.6449098529490424,-0.6468509159455436,-0.6332396640047753,-0.652597312004888,-0.6488550989231632,-0.6493075524041476,-0.6488278901808044
147,0.7193467,-0.25638176272756824,-0.6471071441103022,-0.6471164504481416,-0.6471166620304117,-0.6158124474212545,-0.6158445179765257,-0.6742557410955415,-0.6418332946598739,-0.6454495723192357,-0.6480840658062152,-0.650454169655628,-0.6477390083830314,-0.6483121483771042,-0.6485899404281763,-0.6508833576164794,-0.6527704575932508,-0.6389824864609728,-0.6593480494754035,-0.6553124007451833,-0.6557792838483472,-0.655299621625004
148,0.7238693,-0.25638176272756824,-0.6553323343573547,-0.655341846837533,-0.6553420497300307,-0.6228604630190939,-0.6228938037953193,-0.6799032823563874,-0.6477860751607969,-0.6512715862818315,-0.6538262620430191,-0.6561453700674809,-0.6533598033965812,-0.6539494653190032,-0.6546436032673439,-0.6568529279209105,-0.6586824151274744,-0.6450877278835299,-0.6660897041903642,-0.6617482130649465,-0.6622292267754417,-0.6617495645520985
149,0.72839195,-0.25638176272756824,-0.6635576155387175,-0.6635673341635138,-0.6635675283661429,-0.6298886737759612,-0.6299233057709456,-0.6854971801289065,-0.6537405627501067,-0.6570915428053042,-0.6595616169321269,-0.6618251202717773,-0.6589690281979155,-0.6595752780873609,-0.660697281866091,-0.6628192928633712,-0.6645877690156196,-0.65159118689858,-0.6728195473001932,-0.6681602154260695,-0.6686550091281744,-0.6681753469048314
150,0.73291457,-0.25638176272756824,-0.6717828421594941,-0.671792766927541,-0.6717929524403592,-0.6368970392551175,-0.6369329832517621,-0.6910373351078247,-0.6596972662522731,-0.6629105378257434,-0.6652915868939573,-0.6674950665544328,-0.6645683484092804,-0.6651912420194328,-0.666751059360277,-0.6687829658790421,-0.6704873090702619,-0.6585064399192762,-0.6795345445193586,-0.6745459029810115,-0.675054072036761,-0.6745744098134179
151,0.7374372,-0.25638176272756824,-0.6800080869671328,-0.680018217878886,-0.6800183947018742,-0.6438857051157719,-0.6439229817179022,-0.6965237966489068,-0.6656568230028752,-0.6687297971849868,-0.6710177802626021,-0.6731570327617156,-0.670159605620158,-0.6707991887062045,-0.6728050560979018,-0.6747445114508825,-0.6763818973534267,-0.6658193146476967,-0.6862316699516846,-0.6809028940468178,-0.6814239780480588,-0.6809443158247156
152,0.7419598,-0.25638176272756824,-0.688233277214185,-0.6882436142682773,-0.688243782401493,-0.6508546927505332,-0.6508933223611608,-0.7019565165838759,-0.6716197350965412,-0.6745504162613598,-0.6767416992888697,-0.6788127650099738,-0.6757445651730813,-0.6764008730682312,-0.6788591538381243,-0.6807042705814359,-0.682272195281127,-0.6734834625262758,-0.6929076110280379,-0.6872286581714433,-0.6877621386420741,-0.6872824764187311
153,0.74648243,-0.25638176272756824,-0.6964585220218238,-0.6964690652196226,-0.696469224663008,-0.657804177221915,-0.657844180074739,-0.7073355669870247,-0.6775866062810483,-0.6803735886186438,-0.6824649633541474,-0.6844641522103363,-0.6813251338242046,-0.6819981917080206,-0.684913228522634,-0.6866625869900602,-0.6881588856880585,-0.6814191468610992,-0.6995590374853458,-0.6935207804411103,-0.6940660791050619,-0.6935864168817187
154,0.75100505,-0.25638176272756824,-0.7046837486426003,-0.7046944979836496,-0.7046946487372241,-0.6647341790802842,-0.6647755752113451,-0.7126608999275731,-0.6835578779253293,-0.6862003455769835,-0.6881890508631818,-0.6901129706007226,-0.6869031073495615,-0.6875929298073309,-0.690966874311925,-0.6926195321941708,-0.6940423991922949,-0.6895146851188297,-0.7061823095914513,-0.6997766942179453,-0.7003331707889344,-0.6998535085655913
155,0.7555276,-0.25638176272756824,-0.7129088479553423,-0.7129198034364514,-0.7129199455003496,-0.6716446885865726,-0.6716874978288545,-0.7179324461811902,-0.6895339339515305,-0.692031655948691,-0.6939153951932098,-0.6957609779688461,-0.6924802634558942,-0.6931868543671391,-0.69701950243929,-0.6985749993866918,-0.6999230047914684,-0.6976318487720612,-0.712773601811707,-0.7059938080441075,-0.7065607583475392,-0.7060810961241961
156,0.76005024,-0.25638176272756824,-0.721134110949843,-0.7211452725751145,-0.7211454059491633,-0.6785360313218667,-0.6785802733760185,-0.7231503918898239,-0.6955154179285075,-0.6978687327044246,-0.6996456832004845,-0.7014102068130396,-0.6980586511136081,-0.6987820044680035,-0.7030706540995787,-0.7045290075895647,-0.7058011074699206,-0.7056146936993226,-0.7193292557014362,-0.7121698473128131,-0.7127465020159713,-0.7122668397926282
157,0.76457286,-0.25638176272756824,-0.7293593375706197,-0.7293707053391417,-0.7293708300233797,-0.6854081200011077,-0.6854538143524955,-0.7283146088953383,-0.7015025851624377,-0.7037123980385752,-0.70538122904153,-0.7070623453881872,-0.7036399792065049,-0.7043800781431291,-0.7091193364610053,-0.7104810444987427,-0.7116765963682735,-0.7132993363888027,-0.7258450722073808,-0.7183021963118494,-0.7188877186408237,-0.7184080564174806
158,0.7690955,-0.25638176272756824,-0.7375846005651205,-0.7375961744778048,-0.7375962904721933,-0.692261095729769,-0.6923082616972667,-0.733425142872294,-0.7074958575431982,-0.7095636220820323,-0.7111235001848752,-0.7127192546631731,-0.7092261268311121,-0.7099829442782036,-0.7151645765447809,-0.7164306075002345,-0.7175493756596196,-0.7205265108274734,-0.732316929121938,-0.7243884897102548,-0.724981974232109,-0.7245023120087658
159,0.7736181,-0.25638176272756824,-0.7458097908121728,-0.745821570867196,-0.7458216781718121,-0.6990949475969749,-0.6991436043020121,-0.7384819263775899,-0.7134954924514703,-0.7154231970464373,-0.7168737943381298,-0.7183826476819357,-0.7148188264870445,-0.7155923249230147,-0.721205078815023,-0.7223768626386746,-0.7234190242214324,-0.727153150299555,-0.7387404271657623,-0.7304262883754411,-0.7310267593969331,-0.7305470971735899
160,0.7781407,-0.25638176272756824,-0.7540349810592253,-0.7540469672565875,-0.7540470658714311,-0.7059098157309207,-0.7059599821315914,-0.7434850048482871,-0.7195018475409267,-0.7212919930791996,-0.7226334871664902,-0.7240543310412332,-0.7204199023356445,-0.7212100343390773,-0.7272394846101993,-0.7283188958159372,-0.7292850396642033,-0.7330645209950832,-0.7451111840137892,-0.7364133649158604,-0.7370197753711367,-0.7365401131477936
161,0.78266335,-0.25638176272756824,-0.7622602622405881,-0.7622724545825682,-0.7622725445075432,-0.712705854153314,-0.7127575490499609,-0.7484344327057426,-0.7255152615126897,-0.7271708393736702,-0.7284039120891392,-0.7297360834966657,-0.7260311501227914,-0.72683785864021,-0.7332662438624542,-0.7342555824808905,-0.7351467055447767,-0.7381860839812926,-0.7514247118788102,-0.7423475973758609,-0.7429588276611792,-0.7424791654378359
162,0.78718597,-0.25638176272756824,-0.7704854888613647,-0.7704978873465954,-0.7704979685817597,-0.7194830210816263,-0.719536263074421,-0.7533301220445463,-0.7315358675084414,-0.7330603391016774,-0.7341861749157922,-0.7354294701577602,-0.731654153453706,-0.7324773716109776,-0.7392834212645829,-0.7401853925412536,-0.7410028943328093,-0.742496625542749,-0.7576762332493149,-0.7482268046967477,-0.7488416615546758,-0.7483619993313326
163,0.7917085,-0.25638176272756824,-0.7787105518003825,-0.7787231564247616,-0.7787232289702879,-0.7262413054735,-0.7262961129695806,-0.7581720100527853,-0.7375637918930746,-0.7389610610279185,-0.7399813379895449,-0.7411360200805157,-0.737290458934743,-0.738130110460334,-0.7452888896429803,-0.746106576672084,-0.7468522467112271,-0.7460437626484162,-0.7638609043900537,-0.7540489647677813,-0.7546661805836073,-0.7541865183602641
164,0.79623115,-0.25638176272756824,-0.7869358329817453,-0.7869486437507424,-0.7869487076064,-0.7329810986471661,-0.7330374899562451,-0.7629603210252224,-0.7435994880467859,-0.7448738642672326,-0.7457907353813562,-0.7468575326171085,-0.7429418785458166,-0.743797879154525,-0.7512806539594832,-0.7520174822122518,-0.7526934791507278,-0.7489605231971098,-0.7699741612939621,-0.7598125485258915,-0.7604307808160755,-0.7599511185927323
165,0.8007538,-0.25638176272756824,-0.7951611141631081,-0.7951741310767233,-0.7951741862425122,-0.7397022982937076,-0.7397602915153509,-0.7676949257755727,-0.7496429362234023,-0.7507991126026493,-0.7516151972224414,-0.7525953092319572,-0.7486097306607723,-0.7494819873207597,-0.757256048414354,-0.7579157578051281,-0.7585245934764447,-0.7514783631279796,-0.7760109128072219,-0.7655157677968201,-0.7661335986317893,-0.7656539364084461
166,0.8052764,-0.25638176272756824,-0.8033863044101607,-0.8033995274661148,-0.8033995739421314,-0.7464049072507772,-0.7464645202991376,-0.7723757728511954,-0.7556941760988779,-0.7567371933203886,-0.757455555064018,-0.7583506463759285,-0.7542953265860584,-0.7551837383071183,-0.7632122625252633,-0.7637988685150184,-0.7643433809703126,-0.7539293638779939,-0.7819661042470029,-0.7711571122567952,-0.7717730481979552,-0.7712933859746121
167,0.80979896,-0.25638176272756824,-0.8116114219097644,-0.8116248511062344,-0.8116248888925554,-0.7530890173019325,-0.7531502679282378,-0.7770028742050946,-0.7617532938041733,-0.7626885027270429,-0.7633126237783535,-0.7641248127951309,-0.759999947920525,-0.7609044065636341,-0.7691463214589619,-0.7696640735944672,-0.7701473960464673,-0.7567246070738901,-0.7878347119932874,-0.7767353514072259,-0.777347823596172,-0.7768681613728289
168,0.8143216,-0.25638176272756824,-0.8198366849042653,-0.8198503202448975,-0.819850349341369,-0.7597548815486935,-0.7598177873833004,-0.7815763518986445,-0.7678204894341195,-0.7686535109518661,-0.7691872616568298,-0.7699191038530862,-0.7657249000101918,-0.7666452913288978,-0.7750551448427114,-0.7755084822848016,-0.7759340074577353,-0.7602990244396632,-0.7936118148511657,-0.7822496098704724,-0.782856974219406,-0.7823773119960629
169,0.8188442,-0.25638176272756824,-0.8280618751513178,-0.8280757166342889,-0.828075737040988,-0.7664023984559237,-0.7664669769223497,-0.7860960838704707,-0.7738956074407866,-0.774632298469319,-0.7750799100914099,-0.7757343822814837,-0.7714710579527989,-0.7724072614635997,-0.7809350848385544,-0.7813285947423483,-0.781699939857567,-0.76502211026212,-0.7992921604837399,-0.787698959075098,-0.7882994971354311,-0.7878198349120878
170,0.8233668,-0.25638176272756824,-0.8362870653983702,-0.8363011130236803,-0.8363011247406068,-0.773031702220811,-0.773097970595371,-0.7905621108076982,-0.779978672779282,-0.7806250812707481,-0.7809911068097147,-0.7815715789106791,-0.7772393610741261,-0.7781912514031472,-0.7867824462921711,-0.7871208146126547,-0.7874417776407954,-0.7710932989660981,-0.8048706954237103,-0.7930829265378035,-0.7936748463176706,-0.7931951840943273
171,0.8278894,-0.25638176272756824,-0.8445122556454225,-0.8445265094130716,-0.8445265124402258,-0.779642867592638,-0.7797108429912608,-0.7949744327103266,-0.7860696226880021,-0.7866319457588727,-0.786921221241031,-0.7874314263501396,-0.7830305495703127,-0.7839979971530934,-0.792593221985861,-0.7928811860982126,-0.7931557016785982,-0.7784575690157362,-0.8103423230259046,-0.7984012691059765,-0.7989827064381063,-0.7985030442147631
172,0.832412,-0.25638176272756824,-0.8527374458924751,-0.8527519058024632,-0.8527519001398448,-0.7862359689122049,-0.7863056682917956,-0.7993330495783566,-0.7921683602362514,-0.792652899997118,-0.7928705015295201,-0.7933145000359697,-0.7888452048364955,-0.789828076817035,-0.7983631429815925,-0.7986054431742611,-0.7988375356410717,-0.7867832740972464,-0.815701970970558,-0.803654040205941,-0.8042230604786283,-0.8037433982552853
173,0.8369346,-0.25638176272756824,-0.8609626361395274,-0.8609773021918544,-0.8609772878394636,-0.7928110801146141,-0.7928825202744072,-0.8036379614117876,-0.7982747542616656,-0.7986878724474463,-0.7988390700865701,-0.7992212086744025,-0.79468373981134,-0.7956819009958047,-0.8040876774872424,-0.8042890085582007,-0.8044827432913186,-0.795524145249733,-0.820944607709521,-0.8088416075926587,-0.8093962079267912,-0.808916545703448
174,0.84145725,-0.25638176272756824,-0.8691879173208903,-0.8692027895178353,-0.8692027664755759,-0.7993683471269043,-0.7994415447293229,-0.8078892149133348,-0.8043887069561586,-0.8047367778498137,-0.8048269859132147,-0.8051518510647003,-0.8005464549584308,-0.8015597689863956,-0.8097620931346148,-0.809927056393844,-0.8100864899149693,-0.8040496452576008,-0.8260653152220198,-0.813964726810017,-0.8145028385396458,-0.8140231763163026
175,0.84597987,-0.25638176272756824,-0.8774131439416668,-0.8774282222818623,-0.877428190549792,-0.8059077269736493,-0.805982698495132,-0.8120867345274153,-0.8105099104650997,-0.8107992755425529,-0.8108340027208812,-0.8111063718882949,-0.8064332966742548,-0.807461626633618,-0.8153812321999303,-0.815514290393085,-0.8156434217651207,-0.8117939763823355,-0.8310591028644276,-0.8190243540461554,-0.819543846419732,-0.8190641841963888
176,0.8505025,-0.25638176272756824,-0.8856383887493057,-0.8856536732332077,-0.8856536328113072,-0.8124293503462264,-0.8125061121250977,-0.8162305577349483,-0.8166381847933206,-0.8168751030880406,-0.8168598968951305,-0.8170846822703091,-0.8123441740196163,-0.8133873839406998,-0.8209398276096338,-0.8210452600393534,-0.8211479812244551,-0.8183725162315807,-0.8359212085647837,-0.824021945253944,-0.8245206288578953,-0.8240409666345522
177,0.8550251,-0.25638176272756824,-0.8938635789963578,-0.8938790696225988,-0.8938790205109259,-0.8189332320228239,-0.8190118002290765,-0.8203206482425025,-0.8227732072808281,-0.8229638080339944,-0.8229041999494208,-0.8230863909135447,-0.8182786927891263,-0.8193366485064513,-0.8264322566544335,-0.8265141188036216,-0.8265941683032466,-0.8236411811904316,-0.8406468929496851,-0.8289592454627124,-0.8294348771189197,-0.8289552148955766
178,0.85954773,-0.25638176272756824,-0.9020888238039966,-0.9021045205739439,-0.9021044627724408,-0.825419530237174,-0.825499920913666,-0.8243570603121022,-0.8289147565888935,-0.8290649896223633,-0.8289664368332997,-0.8291110373735441,-0.824236386054173,-0.8253089566871179,-0.8318527658528049,-0.8319148516912539,-0.831975770028913,-0.8277144136078707,-0.8452316488990504,-0.8338385003195236,-0.8342887879057289,-0.8338091256823856
179,0.8640703,-0.25638176272756824,-0.9103139594904627,-0.9103298624013816,-0.9103297959101637,-0.8318881876455037,-0.8319704166488481,-0.8283397141538146,-0.8350623734267053,-0.8351779618658474,-0.8350457902736866,-0.8351577560376716,-0.830216381812018,-0.8313034404547185,-0.837195175370182,-0.8372409853639328,-0.8372860756082736,-0.8309648549769902,-0.8496709620204306,-0.8386621964857772,-0.8390848059625512,-0.838605143739208
180,0.8685929,-0.25638176272756824,-0.9185391497375152,-0.918555258790773,-0.9185551836097826,-0.8383394043211093,-0.8384234873957916,-0.8322686895575724,-0.8412158088193996,-0.8413021991166011,-0.841141543001868,-0.8412257137961314,-0.8362178357515383,-0.8373192612402022,-0.8424532804930474,-0.8424859934597335,-0.8425182853007138,-0.8339977453394843,-0.853960660308527,-0.843433426823836,-0.8438259883392423,-0.8433463261158991
181,0.87311554,-0.25638176272756824,-0.9267644127320159,-0.926780727929436,-0.9267806440585964,-0.8447732649106101,-0.8448592176582813,-0.8361439939639455,-0.8473746710662017,-0.8474369856801091,-0.8472527294694968,-0.8473137627465147,-0.8422395877970231,-0.843355265642465,-0.8476205487720693,-0.8476430007952871,-0.8476652215886508,-0.8375436706574031,-0.8580966681322298,-0.8481556182128631,-0.8485157347405835,-0.8480360725172403
182,0.87763816,-0.25638176272756824,-0.9349896393527923,-0.9350061606934631,-0.9350060681328125,-0.8511897543497404,-0.8512775922012943,-0.8399655756046221,-0.8535384389475353,-0.8535814290802604,-0.8533781489980307,-0.8534204525142665,-0.8482801742702368,-0.8494099976284535,-0.8526901492604693,-0.8527048189327078,-0.8527193713005226,-0.8422207575030595,-0.8620750453554108,-0.8528325521403555,-0.8531578094344734,-0.8526781472111301
183,0.8821608,-0.25638176272756824,-0.9432149023472931,-0.943231629832126,-0.9432315285816261,-0.8575889994167728,-0.8576787376749505,-0.8437334682793174,-0.859706693410822,-0.859734691705611,-0.8595165974829355,-0.8595442616174963,-0.8543380567893479,-0.8554819279533863,-0.8576551575505984,-0.8576641581161645,-0.8576731049172801,-0.8482295436371318,-0.8658921570994296,-0.8574685444456004,-0.8577565210414924,-0.8572768588181492
184,0.8866834,-0.25638176272756824,-0.9514400925943456,-0.9514570262215175,-0.9514569162812452,-0.8639709849807233,-0.8640626387793512,-0.8474476223571985,-0.8658788451242273,-0.8658957202244036,-0.8656665990267041,-0.8656833312390887,-0.8604113590038591,-0.8615691902482727,-0.8625083459970941,-0.8625134256477045,-0.8625184837774759,-0.8551924290404346,-0.8695445143183906,-0.8620682383346707,-0.8623165185188727,-0.8618368562955294
185,0.891206,-0.25638176272756824,-0.9596652828413982,-0.959682422610909,-0.9596823039808642,-0.8703358369912962,-0.8704294213385503,-0.8511080714004807,-0.8720544073693325,-0.872063519005987,-0.8718266805568547,-0.8718357413419222,-0.8664981398493959,-0.8676698548655569,-0.8672424192398557,-0.8672449694277629,-0.8672475124961232,-0.8623309441088489,-0.8730289583366543,-0.8666368060042199,-0.8668429926854521,-0.8663633304621089
186,0.89572865,-0.25638176272756824,-0.9678905640227609,-0.9679079099368898,-0.9679077826169763,-0.8766836944374578,-0.8767792242219109,-0.8547148549869644,-0.8782328735607273,-0.8782370294628712,-0.8779952539265069,-0.8779993961717215,-0.8725962804387699,-0.8737818154484986,-0.8718499283840935,-0.871851000959311,-0.8718520717717227,-0.868905017578504,-0.8763425930428248,-0.8711798479172959,-0.871341577812033,-0.8708619155886899
187,0.9002512,-0.25638176272756824,-0.9761156633355028,-0.9761332153896917,-0.9761330793801019,-0.88301441560143,-0.8831119055068831,-0.8582678543832487,-0.8844134303371501,-0.8844148447924762,-0.8841703335209051,-0.884171745725283,-0.8787032086515987,-0.8799025128352449,-0.8763230843984244,-0.8763234176965049,-0.8763237507293465,-0.8745978101992666,-0.8794826552588908,-0.8757031718042985,-0.8758181346086559,-0.8753384723853126
188,0.90477383,-0.25638176272756824,-0.9843409081431416,-0.9843586663410367,-0.9843585216416167,-0.8893283207316491,-0.889427785380991,-0.8617672113569266,-0.8905956819341987,-0.8905959357209882,-0.8903502648432896,-0.8903505185024818,-0.8848166243170109,-0.8860296618013215,-0.8806543106984265,-0.8806543646422015,-0.8806544185724151,-0.8796155483538901,-0.8824469040049026,-0.8802133070862866,-0.8802792611559893,-0.8797995989326461
189,0.90929645,-0.25638176272756824,-0.9925661347639181,-0.992584099105064,-0.9925839457158331,-0.895625351594494,-0.8957268054339931,-0.8652128550241995,-0.896778830471693,-0.8967788332024811,-0.8965329113325597,-0.8965329140632813,-0.8909337005684089,-0.8921604505222567,-0.8848356697072451,-0.8848356702229815,-0.8848356707387117,-0.8845290660377851,-0.8852332105489985,-0.8847168822326279,-0.8847316783575541,-0.8842520161342108
190,0.9138191,-0.25638176272756824,-1.0007914159452809,-1.0008095864310447,-1.0008094243519454,-0.9019056312168584,-0.9020090885739633,-0.868604815503578,-0.9029622227883538,-0.9029621771656471,-0.9027162069458642,-0.9027161613303573,-0.8970516364881144,-0.8982920943652095,-0.8888592834967107,-0.8888592759884983,-0.8888592684808783,-0.8899578841378619,-0.887839845429232,-0.889220997044092,-0.8891826000871946,-0.8887029378638513
191,0.9183417,-0.25638176272756824,-1.0090166061923336,-1.0090349828204364,-1.0090348120515644,-0.9081691157046704,-0.9082745907359339,-0.871943033151786,-0.9091450089246071,-0.9091443774069419,-0.9088978215737508,-0.9088971906261712,-0.9031673328979003,-0.9044215108426525,-0.8927171317400754,-0.8927170435072537,-0.8927169553142598,-0.8961124477254673,-0.8902653337149514,-0.8937329387388331,-0.8936394541256658,-0.8931597919023225
192,0.9228643,-0.25638176272756824,-1.0172417964393858,-1.0172603792098274,-1.0172601997511832,-0.9144159413092784,-0.9145234480590991,-0.8752275457653949,-0.9153264841561763,-0.9153239581295797,-0.915075510354767,-0.9150729900277252,-0.909277745254303,-0.910545673182129,-0.8964013050944186,-0.8964010163266743,-0.8964007278847691,-0.9024075779993505,-0.8925086069349414,-0.8982603894773972,-0.8981100887529374,-0.8976304265295941
193,0.92738694,-0.25638176272756824,-1.0254670594338866,-1.0254858483484903,-1.0254856601999967,-0.9206462294333678,-0.9207557818311977,-0.8784583816816874,-0.9215058977716849,-0.9214993693284659,-0.9212469300632513,-0.9212404291289773,-0.9153797095898321,-0.916661435756375,-0.8999039088091159,-0.8999033316651252,-0.8999027557375193,-0.9077318748634884,-0.8945689233896384,-0.9028112386136162,-0.9026025885287962,-0.902122926305453
194,0.93190956,-0.25638176272756824,-1.0336922860546631,-1.0337112811125175,-1.033711084274213,-0.9268599633338636,-0.92697157515012,-0.8816354976822497,-0.9276823304011371,-0.9276688670496203,-0.9274095247843106,-0.9273961525486123,-0.9214698374918472,-0.9227654286947242,-0.9032170370757568,-0.9032162022215074,-0.9032153701938707,-0.9115137750849905,-0.8964458405978448,-0.9073934346547935,-0.9071251292865203,-0.9066454670631772
195,0.9364321,-0.25638176272756824,-1.041917367180543,-1.0419365683780017,-1.04193636285004,-0.9330571267931624,-0.9331708116396048,-0.8847588533986293,-0.9338548311160917,-0.9338306535440917,-0.9335606716563378,-0.933536733659317,-0.9275446685639093,-0.9288542105502445,-0.9063329010519607,-0.906332050844736,-0.9063312048533344,-0.9145292269048424,-0.8981392754755138,-0.9120150185063718,-0.9116860117283028,-0.9112063495049595
196,0.94095474,-0.25638176272756824,-1.0501426301750438,-1.0501620375166647,-1.0501618232988534,-0.9392380316769572,-0.9393538031181551,-0.8878285727861476,-0.9400227450025478,-0.9399832070780507,-0.9396980154737579,-0.9396590163077406,-0.9336010088207332,-0.9349246073443347,-0.9092440214092715,-0.9092437088159867,-0.90924339835488,-0.9185351375533424,-0.8996495824847462,-0.9166842975985524,-0.9162938335065429,-0.9158141712831996
197,0.94547737,-0.25638176272756824,-1.0583678749826824,-1.0583874884680098,-1.0583872655603686,-0.94540259214255,-0.9455204635640213,-0.8908445795797512,-0.946184990187582,-0.9461245634922629,-0.9458187572912732,-0.9457594126280124,-0.9396352363875352,-0.9409730165314512,-0.9119429139373991,-0.9119441060959649,-0.9119452875648678,-0.9251767069982028,-0.9009773614849249,-0.9214092206401083,-0.9209568719864075,-0.9204772097630644
198,0.95,-0.25638176272756824,-1.066593119790321,-1.0666129394193549,-1.0666127078218834,-0.9515508865111827,-0.9516708711754136,-0.8938068806262648,-0.9523406177610608,-0.9522528784732562,-0.9519202215036718,-0.9518344769057557,-0.9456438695812256,-0.9469959762467806,-0.9144224211630613,-0.9144266063561535,-0.9144307438852377,-0.9346053024479601,-0.9021236113898294,-0.9261977049445084,-0.9256834064098853,-0.9252037441865422
