,x,eq_complex_1,eq_complex_3,eq_complex_5,eq_complex_6,eq_complex_7,eq_complex_8,eq_complex_9,eq_complex_10,eq_complex_11,eq_complex_12,eq_complex_13,eq_complex_14,eq_complex_16,eq_complex_17,eq_complex_21,eq_complex_23,eq_complex_24,eq_complex_25,eq_complex_26,eq_complex_29,eq_complex_30,eq_complex_31,eq_complex_32,eq_complex_33
0,0.054522615,0.7516712518009421,0.7614599551880394,0.7537299810706072,0.6904699777083154,0.6956378256839746,0.7003819885108518,0.6532325425120187,0.6978846070857302,0.6842269984888764,0.6756617518968329,0.6762935291964564,0.6629932874858342,0.6591860381807958,0.6617245635748886,0.6599470692527927,0.6450211094313475,0.6601326976632306,0.6475273743925342,0.6455980566820737,0.6545194546351063,0.6542809754003724,0.6540770651415172,0.6540027233119383,0.6542742201317018
1,0.059045225,0.7531200528290021,0.7628103773526583,0.7547640926710268,0.6933487605793165,0.6984981956748868,0.7032781276795856,0.6580625963041143,0.700175809669672,0.6878250745386897,0.680566956081343,0.6811337462188078,0.6680322555631496,0.6643912478569851,0.6667729064891991,0.6646029197382517,0.651013338824113,0.665458954979629,0.6535196037852997,0.6518293834133673,0.6601925864165312,0.6599592757885626,0.6597597849163457,0.6596854430867668,0.6599352461849726
2,0.06356784,0.7545688554587932,0.764160801010245,0.7558469602016922,0.6962313978270416,0.7013661225422998,0.706175180062422,0.6629663174431186,0.702543002394937,0.6914519260364453,0.6854806796867937,0.685981130153075,0.6731273933127924,0.6696729535539097,0.6718808597539179,0.6694750038551011,0.6571145432839952,0.670845448049785,0.6596208082451818,0.6581968895591861,0.6659455415655103,0.6657173995500215,0.6655223280693285,0.6654479862397498,0.6656737572448475
3,0.068090454,0.756017657768238,0.7655112243692381,0.7569778528705238,0.6991174467480796,0.704240769726072,0.7090726985205777,0.6679311274536559,0.7049840008894809,0.6951046307939177,0.6903932180889687,0.6908265782432471,0.6782639405697399,0.6750130303848866,0.6770335097130276,0.6745437632189867,0.6632994564203809,0.6762773006031351,0.6658057213815676,0.6646689936598178,0.6717586510642238,0.6715356776600718,0.6713450255699258,0.6712706837403469,0.6714704484479608
4,0.07261306,0.757466457514913,0.7668616453394829,0.7581559571162043,0.702006462937928,0.7071212878301858,0.7119702351298749,0.6729449987868186,0.7074964826664755,0.6987801572749986,0.6952954094873555,0.6956614841412857,0.6834278433373191,0.6803942202531559,0.6822166246214192,0.6797865726150636,0.6695434248412371,0.6817398814855704,0.6720496898024236,0.6712150436198308,0.6776126936579702,0.6773948888560123,0.6772086561485957,0.6771343143190168,0.6773064596024982
5,0.07713568,0.7589152617464352,0.7682120704900373,0.7593803869964133,0.7048980196169903,0.7100068352765907,0.714867360538262,0.6779965006575277,0.7100780106679336,0.7024753989272967,0.7001786807962058,0.7004777829027848,0.6886058255946292,0.6858002213009076,0.6874167301663726,0.6851782954614275,0.6758226359996223,0.6872189370464968,0.678328900960809,0.6778056037454263,0.6834890676459802,0.6832764314622161,0.6830946181512094,0.6830202763216306,0.6831635430784826
6,0.08165829,0.7603640627744951,0.7695624926546561,0.7606501665636028,0.7077916598311561,0.7128965320140874,0.7177636160536263,0.6830747233154559,0.7127259975440458,0.7061871235955615,0.7050349754027201,0.7052678798808134,0.6937853321330175,0.6912156394765392,0.6926210554843677,0.6906918018668619,0.6821141818025134,0.6927005898915598,0.6846204467637,0.6844125593891824,0.6893698144816314,0.6891623469046328,0.6889849529802644,0.6889106111506855,0.6890240842535733
7,0.0861809,0.7618128638025551,0.7709129148192752,0.7619642537576067,0.7106869477193435,0.7157895120849318,0.7206585650299427,0.6881693710637482,0.7154377578000779,0.7099120500682325,0.7098568443169195,0.7100247411326547,0.6989546405668418,0.6966261135715439,0.6978176489950885,0.6962987214234617,0.6883963174468872,0.6981715180953576,0.6909025824080739,0.6910094165982812,0.6952378309287094,0.6950355319584762,0.694862557420746,0.6947882155911671,0.6948713102049167
8,0.09070352,0.7632616680340772,0.7722633399698295,0.7633215344242543,0.7135834469307025,0.718684903552437,0.723551771209553,0.6932707248813643,0.7182104963641399,0.7136468324356688,0.7146374097574208,0.7147418583433719,0.7041028352059184,0.7020182933854786,0.7029953554724879,0.7019700794320751,0.6946485416545164,0.703618988458368,0.6971548066157031,0.6975714049020929,0.701076919759508,0.7008797894074688,0.7007112342661485,0.7006368924365696,0.7006893377763981
9,0.09522613,0.7647104690621371,0.7736137621344484,0.7647208157664793,0.7164807015303318,0.7215818108627114,0.7264427796800844,0.6983696056566433,0.7210412970963818,0.7173880477567737,0.7193703307771776,0.7194132160162334,0.7092197788280568,0.7073798129208024,0.7081437907863876,0.7076769193797006,0.700851661773166,0.7090308865875062,0.7033579267343526,0.7040755552799048,0.7068718322348189,0.706679870489545,0.7065157347348628,0.706441392905284,0.7064632138180736
10,0.099748746,0.7661592720122744,0.7749641860906287,0.7661608493517919,0.719378278407346,0.7244793587186451,0.7293311592243606,0.7034574430800308,0.723927171243935,0.721132263662998,0.724049866519777,0.7240333552536786,0.7142961870648954,0.7126993688636202,0.7132534197405301,0.7133910046981282,0.7069879702235017,0.7143958535625164,0.7094942351846882,0.7105008867117355,0.7126084201206979,0.7124216269890465,0.7122619106268657,0.7121875687972868,0.712179064902731
11,0.10427135,0.767608071118257,0.7763146064636863,0.7676403127315738,0.7222757225735625,0.7273766488782485,0.7322164577118884,0.708526188804946,0.7268650217557985,0.7248759939910703,0.7286707935822405,0.7285972937630941,0.7193235427398706,0.7179666294088806,0.7183154727463672,0.7190852852666479,0.7130412130565738,0.719703250429569,0.7155474780177604,0.7168283671928579,0.7182735988448039,0.718091974313061,0.7179366773316553,0.7178623355020765,0.7178240592092403
12,0.10879397,0.7690568753497792,0.7776650316142407,0.769157838521389,0.7251726085482265,0.7302728130249766,0.7350982533005042,0.7135683960580519,0.7298517028741883,0.7286157787804306,0.7332284762225734,0.7331005969290212,0.724294173412621,0.7231723123112296,0.7233220265663578,0.7247344718443058,0.7189967417762855,0.7249432915220947,0.721503006737472,0.723041059996228,0.7238554870482418,0.7236790311346927,0.723528153549697,0.7234538117201181,0.7233865445122765
13,0.11331658,0.7705056763778392,0.7790154537788596,0.7707119850215478,0.7280684764322098,0.7331669503401541,0.737976090790998,0.7185770956786219,0.7328839633806431,0.7323481155564573,0.737718749951737,0.7375392647155407,0.7292011239665067,0.7283080467158944,0.7282658785081522,0.7303152933484167,0.7248414044170095,0.7301069571356984,0.7273476693781962,0.7291239915529961,0.7293433067775345,0.7291720194707508,0.7290255612723933,0.7289512194428144,0.728855947997574
14,0.11783919,0.7719544774058991,0.7803658759434785,0.7723012696585171,0.7309628896977731,0.7360581867682712,0.7408495391444552,0.7235458831005513,0.7359585141018711,0.7360695479457773,0.7421379962217017,0.7419098074380648,0.7340382354293755,0.7333664497611274,0.7331406280925735,0.7358068971909598,0.730563670951939,0.7351861190739095,0.7330699359131256,0.7350642592481313,0.7347275073257118,0.7345613886256936,0.7344193498139744,0.7343450079843955,0.7342228992573268
15,0.12236181,0.7734032816374212,0.781716301094033,0.7739241610630834,0.7338554122495587,0.7389456535401971,0.7437181686266234,0.7284688627946982,0.7390720133219816,0.7397766499631208,0.746483086859289,0.7462091929507062,0.7388000803667976,0.7383410518571105,0.7379406140772046,0.7411909959465849,0.7361535731542035,0.7401735097168568,0.7386598381153902,0.7408509414217591,0.7399997191266096,0.7398387690447852,0.7397011496294759,0.739626807799897,0.7394791842458887
16,0.12688442,0.7748520826654812,0.7830667232586519,0.7755790717876546,0.7367455893874694,0.7418284696385968,0.7465815319565114,0.7333405999135664,0.7422210544588894,0.7434660156183686,0.7507513359602158,0.7504348011644363,0.7434819047146688,0.7432262280416946,0.7426608576968906,0.7464519351068042,0.7416026416098461,0.7450626930470995,0.7441089065710328,0.7464750020126243,0.7451527077576985,0.7449969262826397,0.7448637262539685,0.7447893844243896,0.744617699590473
17,0.13140704,0.7763008868970034,0.7844171484092063,0.7772643875204016,0.7396329926984322,0.7447057880307837,0.7494392088099693,0.7381561791987181,0.7454022232497652,0.7471343301017238,0.7549405454677197,0.7545844713186923,0.7480796712426677,0.7480172347853967,0.7472971081520117,0.7515767964628162,0.7469039501295771,0.749848136554164,0.7494102150907638,0.7519293039042378,0.7501804322143741,0.7500298193575091,0.7499010387252478,0.749826696895669,0.7496325111313299
18,0.13592964,0.777749684721601,0.7857675675878897,0.7789784380029321,0.7425171626985859,0.7475767398835229,0.7522907490089354,0.7429110906910743,0.7486120437791186,0.7507783101576613,0.7590488984488585,0.758656398479653,0.7525899350701964,0.7527100710684834,0.7518457185661476,0.7565552436702394,0.7520519543546976,0.7545251023711278,0.7545582193158843,0.7572084083577822,0.7550779108906915,0.7549324666291636,0.7548081053737687,0.7547337635441899,0.7545187209437045
19,0.14045227,0.7791984921565854,0.7871179957243796,0.7807195499844153,0.7453976919051712,0.7504405186603336,0.7551357546880537,0.7476013488206348,0.7518470791582861,0.7543948223334985,0.7630750551320933,0.7626492308678546,0.7570099409080744,0.7573015701615928,0.7563037453112075,0.7613795567609485,0.7570425768408025,0.7590897638872416,0.7595488418019891,0.7623086273357054,0.7598413231380114,0.7597010475061057,0.7595811056568926,0.7595067638273137,0.7592725695424026
20,0.14497487,0.7806472899811832,0.7884684149030631,0.7824859788886388,0.7482741038688638,0.7532962611080128,0.7579737607426418,0.7522232751130924,0.7551038050667356,0.7579807431682153,0.7670179581370178,0.7665618789047719,0.7613374005170361,0.7617891585626687,0.7606687246334455,0.7660442681877359,0.7618729196718961,0.7635389858866288,0.7643791846330827,0.7672276939404303,0.7644677576904111,0.7643326506538424,0.7642171281814958,0.7641427863519169,0.763891185931654
21,0.14949748,0.782096091009243,0.789818837067682,0.7842759936398478,0.7511459870768199,0.7561431816930032,0.7608043670950138,0.7567736974107231,0.758378768497726,0.7615331394801708,0.7708769959882303,0.7703936794446465,0.7655706630607395,0.7661710232718997,0.7649388453439686,0.7705461951754188,0.7665414159099243,0.7678705063177593,0.7690476808711109,0.7719648825077179,0.7689553802630327,0.7688254418332295,0.768714338747521,0.7686399969179423,0.7683727560871151
22,0.1540201,0.7835448952407653,0.7911692622182364,0.7860878269715434,0.7540129059051438,0.7589804853089838,0.7636271507367394,0.7612497854993405,0.7616684962287121,0.765049167919812,0.774651854281145,0.7741442501898809,0.7697085422826755,0.7704459226039879,0.7691127752013749,0.7748840739899034,0.7710475879325291,0.7720827591707176,0.7735538528937157,0.776520727982272,0.7733032264152764,0.773178456603667,0.7730717729143685,0.7729974310847896,0.7727163175788863
23,0.15854271,0.7849936962688252,0.7925196843828554,0.7879196867423299,0.7568744136040247,0.7618073814937341,0.7664416786225527,0.7656490546048469,0.7649695171769835,0.7685261026870113,0.7783425115525107,0.7778134874692089,0.7737503024700415,0.7746131623432768,0.7731896472736437,0.7790583559865254,0.7753919825394451,0.7761748579498173,0.7778982475006317,0.7808969279822495,0.7775111626707507,0.7773915614659069,0.7772892971632466,0.7772149553336677,0.776921722156608
24,0.16306531,0.7864424940934229,0.7938701035615388,0.7897697761648917,0.7597300777942249,0.7646231108142655,0.7692475327721265,0.769969386119951,0.7682783998631229,0.7719613767823872,0.7819492488873534,0.7814015776643971,0.7776956593696154,0.7786725873012508,0.7771690612298183,0.7830710124387963,0.7795761173108133,0.7801465900498578,0.7820823822719999,0.7850962574973535,0.7815798587559648,0.7814654261464581,0.7813675812206642,0.7812932393910853,0.7809896095606177
25,0.16758794,0.7878913015284073,0.7952205316980286,0.7916363066755435,0.7625794930613545,0.7674269582195536,0.7720443225582783,0.7742090257352539,0.7715917754039083,0.7753526052766737,0.7854726400147549,0.7849089892333554,0.7815447596170355,0.7826245507112529,0.7810510628016184,0.7869253172830806,0.7836023998262192,0.7839983853814014,0.7861086647874058,0.7891224578507382,0.7855107334973344,0.7854014695174498,0.7853080439978376,0.7852337021682587,0.7849213551061248
26,0.17211054,0.7893400993530051,0.7965709508767121,0.7935174442319669,0.7654221928925039,0.7702181674229313,0.7748315982743473,0.7783664339128328,0.7749062428150717,0.7786974887783682,0.7889134194469895,0.7883363431570622,0.7852980272152545,0.7864697477623992,0.7848359890283785,0.7906255069353095,0.7874739087982771,0.787731150023225,0.7899801737594637,0.7929799905014929,0.78930576442542,0.7892016690408726,0.7891126628981269,0.789038321068548,0.7887188809025457
27,0.17663316,0.7907889035845272,0.7979213760272665,0.7954114001391602,0.7682577820744964,0.772996072110936,0.7776089810686055,0.7824404641706102,0.7782185305185398,0.7819939780562764,0.7922726232220987,0.7916845546587529,0.7889563080144275,0.7902093554874856,0.7885246139273037,0.7941767507849646,0.7911944868171196,0.7913463958094118,0.7937007517783061,0.7966741049527786,0.7929676004734013,0.7928686737070477,0.7927840869607119,0.792709745131133,0.792384770228463
28,0.18115577,0.7922377046125871,0.7992717981918854,0.7973163563202174,0.771085817292676,0.7757599795039694,0.7803760458196928,0.7864301693567554,0.781525364568506,0.7852401392224458,0.7955514212273054,0.7949546677227765,0.7925206777406558,0.7938448279510869,0.7921179547437178,0.7975848022075799,0.7947684839363316,0.7948460322900052,0.7972747488975181,0.8002105606055911,0.7964993318936289,0.7964055737340408,0.7963254063743431,0.7962510645447642,0.795922038959363
29,0.1856784,0.7936865120475716,0.8006222263283753,0.7992305277345084,0.7739058951066873,0.7785092574329574,0.7831324073363124,0.7903349113878355,0.7848235782683851,0.7884342617104527,0.798751201113886,0.7981479401080426,0.7959925247855331,0.7973779734337488,0.7956173551796639,0.8008559380411057,0.798200786535302,0.7982324307098567,0.8007070514964887,0.8035956356090385,0.7999045382066216,0.7998159486766556,0.7997402007231397,0.7996658588935608,0.7993341851546639
30,0.190201,0.7951353098721692,0.8019726455070587,0.8011521072481577,0.7767175646343086,0.78124324983896,0.7858776349526445,0.7941542219075968,0.7881100168106546,0.7915747628206166,0.8018734474509803,0.8012657240991717,0.7993734106068847,0.8008108050445584,0.7990243443298329,0.803996701874078,0.8014966238582888,0.8015082680714197,0.8040028888194755,0.8068359179452962,0.8031871152670301,0.8031036943324014,0.8030323657557519,0.802958023926173,0.8026250173986054
31,0.1947236,0.7965841076967669,0.8033230646857422,0.8030793371684684,0.7795204274482335,0.7839613748422446,0.7886113501649856,0.7978879241488923,0.7913816604772761,0.7946603040965382,0.804919835595251,0.8043095613775362,0.8026651636631741,0.8041456297102552,0.8023407309473346,0.8070138869760058,0.8046616095437746,0.8046765990730339,0.8071678745049613,0.8099383311880427,0.8063513333467418,0.8062730810074501,0.8062061718076671,0.8061318299780882,0.8057987145054635
32,0.19924621,0.7980329087248269,0.8046734868503611,0.8050104706925458,0.7823140752500238,0.7866630645035355,0.791333165678468,0.8015360299141848,0.7946355577136907,0.797689722419209,0.8078921416855118,0.8072810942957911,0.8058697742160116,0.8073849349875049,0.8055684969306627,0.8099143491426091,0.8077015892742793,0.8077407335532315,0.8102078542354659,0.812909971498856,0.80940170115184,0.8093286174193137,0.8092661276061688,0.80919178577659,0.8088596906799731
33,0.20376883,0.7994817129563491,0.8060239120009155,0.806943779650203,0.785098096331919,0.7893477717351567,0.7940426917548002,0.8050987340814242,0.7978688383701598,0.8006620390119366,0.8107922331874001,0.8101820573848116,0.8089893771589582,0.8105313661752964,0.808709779505719,0.812704920386679,0.8106225802295122,0.8107042005589525,0.8131288451906988,0.8157580377849868,0.8123429188042535,0.8122750036899211,0.8122169332731861,0.8121425914436073,0.8118125496820559
34,0.20829144,0.800930513984409,0.8073743341655345,0.8088775536924434,0.7878720696849282,0.7920149651785081,0.7967395305166524,0.8085763933667539,0.8010787123024156,0.8035764539606394,0.8136220469943273,0.813014256321987,0.8120262218919808,0.8135876908335148,0.8117668403229665,0.8153923261783114,0.8134307019405134,0.8135707004719672,0.8159369669017,0.8184897556393518,0.8151798204389119,0.8151170739313449,0.8150634229012482,0.8149890810716693,0.8146620284639758
35,0.21281406,0.8023793182159311,0.8087247593160889,0.8108101293342032,0.7906356019511798,0.7946641651218584,0.7994233118753485,0.811969558648899,0.8042625171118817,0.8064323842833961,0.8163836115494405,0.8157795908708558,0.8149826898492409,0.8165568117132096,0.8147420824900399,0.81798315854097,0.8161321548889245,0.816344102703882,0.8186384198501112,0.8211123497541177,0.8179173633359944,0.8178597854466213,0.8178105538129345,0.8177362119833557,0.8174129874432324
36,0.21733667,0.8038281192439911,0.8100751814807078,0.8127398590081278,0.7933882784837248,0.7972948967339266,0.802093645947626,0.8152789000451874,0.8074176660847013,0.8092294106768726,0.8190789821822824,0.8184799908650477,0.8178612193607528,0.8194416869237754,0.8176379743014853,0.8204837795264417,0.8187331175152893,0.8190283568855574,0.821239382476476,0.8236329388815734,0.8205605329011499,0.8205081236185423,0.8204633113714936,0.8203889695419149,0.8200703161303218
37,0.22185928,0.805276920272051,0.8114256036453267,0.8146651440866726,0.7961297063004275,0.7999067314933215,0.804750164782164,0.8185052470932745,0.8105417019059307,0.811967319394646,0.8217102706133269,0.8211174463567216,0.8206643319801523,0.8222453526505109,0.8204570750909996,0.8229003250575261,0.8212397409269839,0.8216275008403899,0.8237460058881705,0.8260585275330682,0.823114344767133,0.8230671040912908,0.8230267112308804,0.8229523694013016,0.822638936197757
38,0.2263819,0.8067257245035732,0.8127760287958812,0.816584424979076,0.798859495762809,0.8024992696729036,0.8073925045341931,0.8216495532114401,0.8136322791227851,0.8146460791686583,0.8242796133406153,0.8236939764935046,0.8233945937411706,0.8249708809004136,0.823201995582325,0.8252386605802565,0.8236580877894335,0.8241456085646742,0.8261643527506202,0.8283959449742612,0.8255837888913002,0.825541716833652,0.8255057433696515,0.8254314015400727,0.8251237461577308
39,0.2309045,0.8081745223281709,0.8141264479745646,0.8184961670369675,0.801577236705846,0.8050721178279148,0.8100202823946314,0.8247128573692013,0.8166871407241749,0.8172658139010678,0.8267891380360951,0.8262115962573238,0.8260545750731044,0.8276213366116888,0.8258753569380106,0.8275043440321841,0.8259940751777027,0.8265867390293026,0.8285003401388894,0.8306517895853839,0.8279737759309757,0.8279368724686644,0.8279053183815304,0.8278309765519515,0.8275295681585393
40,0.23542711,0.8096233233562309,0.8154768701391835,0.8203989055692319,0.8042825587849416,0.8076249459872422,0.8126331549673649,0.8276963416852859,0.8197041891649371,0.8198268560406458,0.8292410088973039,0.8286723623278827,0.8286468948892806,0.8301998190816102,0.828479834420222,0.8297026667346286,0.8282534952197219,0.8289549637337653,0.8307597601809085,0.8328324495304343,0.8302891618489476,0.8302574269934019,0.8302302922929061,0.8301559504633272,0.8298611734073961
41,0.23994973,0.811072127587753,0.816827295289738,0.8222912101496731,0.806975077306866,0.8101574361267964,0.8152307658407105,0.8306012586910142,0.8226814276183407,0.8223296875296361,0.8316373658530711,0.8310783124112536,0.8311741524064402,0.8327093917921063,0.8310180882076617,0.8318386032857987,0.8304419402430516,0.8312542923983657,0.8329482052042383,0.8349440321773838,0.8325346737066291,0.8325081074692772,0.8324853921651914,0.8324110503356125,0.832123208039956
42,0.24447234,0.8125209286158129,0.8181777174543569,0.8241716914158905,0.8096543996753548,0.8126692882954041,0.8178127518884533,0.8334289302414497,0.8256169699606384,0.8247749404525911,0.8339803225430973,0.8334314634217223,0.8336389219394479,0.8351530755414082,0.833492757559959,0.8339168192751234,0.8325647873109757,0.8334886583871625,0.8350710522721623,0.8369923517659577,0.8347148949740665,0.83469349734348,0.8346752014260324,0.8346008595964535,0.834320178759846
43,0.24899496,0.8139697328473351,0.8195281426049112,0.8260390282227073,0.812320161085903,0.8151602538357675,0.820378777669541,0.8361807758591505,0.8285090816727315,0.8271634223426334,0.8362719893198097,0.8357338347617874,0.8360437741978186,0.8375338680486718,0.8359064815848961,0.835941703824234,0.8346272081843934,0.8356619292923546,0.8371334731455801,0.8389829422624677,0.8368342760942082,0.8368180470818156,0.8368041705607778,0.836729828731199,0.8364564638544556
44,0.25351757,0.8154185338753951,0.8208785647695303,0.8278919363910736,0.8149719772506745,0.8176300907284686,0.8229284898653376,0.8388582539107113,0.8313561293751437,0.8294960651019471,0.8385144244086887,0.8379873993912571,0.8383912223551622,0.8398546892807486,0.8382618444997698,0.8379173406172422,0.8366341173483618,0.837777850745877,0.8391403823095485,0.8409210110040705,0.8388970805895319,0.8388860201839048,0.8388765630495052,0.8388022212199263,0.8385362591671548
45,0.2580402,0.8168673413103794,0.82222899290602,0.8297292075995122,0.8176094974787037,0.8200786127419235,0.8254615683530945,0.8414629077120676,0.8341566391547937,0.8317739639259221,0.8407096726680299,0.8401941228395159,0.8406837604714035,0.8421184185524638,0.8405614136255675,0.8398475579922563,0.8385902020548816,0.8398400752089905,0.8410964670160682,0.8428114719294496,0.8409074146758583,0.8409015228998533,0.8408964851716355,0.8408221433420566,0.8405636081468723
46,0.26256278,0.8183161327280527,0.8235794061128325,0.8315496500470128,0.8202323172401821,0.8225056077380659,0.8279776422110222,0.8439962709452077,0.8369092041106914,0.8339982926847462,0.8428596866089266,0.8423558838421435,0.8429237790363878,0.8443278104204148,0.8428076541236179,0.8417358761235773,0.840499849588968,0.8418520813100742,0.8430061145501545,0.8446588798213908,0.8428691506540372,0.8428684274505126,0.8428678090796177,0.8427934672500388,0.8425423247220906
47,0.26708543,0.8197649465699616,0.8249298402211934,0.8333522068943351,0.8228401466644193,0.8249109931633063,0.8304764513953473,0.8464600238888109,0.8396126617932441,0.8361704382437459,0.8449664597779768,0.8444746084255084,0.8451137023676888,0.8464856297884994,0.8450030662719202,0.8435856412859262,0.8423672659570756,0.8438172939233947,0.8448735309182622,0.8464675498437365,0.8447860464489284,0.8447904918978827,0.844794292952713,0.8447199511231342,0.8444761139250726
48,0.27160805,0.8212137508014837,0.8262802653717478,0.835135792852337,0.8254325731263386,0.8272945958793507,0.832957619031488,0.848855758103666,0.8422658453901852,0.8382917902756363,0.8470318280450791,0.8465520700453326,0.8472557802841572,0.8485944462189703,0.8471499760870476,0.845399868346545,0.8441963015894645,0.8457388948295124,0.8467025665506511,0.848241393734101,0.8466615637791661,0.8466711778463143,0.8466793982975547,0.8466050564679758,0.8463683884788804
49,0.27613065,0.8226625486260815,0.8276306845504312,0.836899427973968,0.8280092525614726,0.8296563284231253,0.8354208349013583,0.851185154054159,0.8448677835421713,0.8403638932616248,0.849057622026061,0.8485900427584194,0.8493522457139385,0.8506567892947281,0.8492506929100057,0.8471813912594471,0.845990590573779,0.8476199630550886,0.8484968555349656,0.8499840593999638,0.848499008047831,0.8485137907103163,0.8485264305384229,0.8484520887088441,0.8482224098458915
50,0.28065327,0.8241113528576036,0.8289811097009856,0.8386422056147395,0.8305698625232144,0.8319961445269217,0.8378658102851593,0.853449927575584,0.8474176487047939,0.8423883952528033,0.8510456240608542,0.8505902578587445,0.8514052687862436,0.8526751033817733,0.8513074629307291,0.8489328414222465,0.847753517931066,0.849463433435906,0.8502597828922527,0.851698904209816,0.8503014912478658,0.8503214425285449,0.8503385017530616,0.8502641599234827,0.850041250713916
51,0.2851759,0.8255601602925879,0.8303315378374755,0.8403632622477848,0.8331140568738897,0.8343139968916339,0.8402922346742304,0.855651783966495,0.8499147105153534,0.8443670019057479,0.8529975301214396,0.8525543654057864,0.8534169167646414,0.8546517084886783,0.8533224286564812,0.8506566295010364,0.8494881927367116,0.8512720613607188,0.8519944576978982,0.8533889736087278,0.8520719009036984,0.8520970208139997,0.8521184994446982,0.8520441576151193,0.8518277635076484
52,0.28969848,0.8270089517102612,0.831681951044288,0.8420617793154321,0.8356414667947042,0.8366098376560384,0.8426997768883749,0.8577924163923932,0.852358337234706,0.8463014690807593,0.8549149495851053,0.8544839338170179,0.8553891535210286,0.8565888001818828,0.8552976280441001,0.8523549594434078,0.8511974556247965,0.8530484236265116,0.8537037205859832,0.8550570128739157,0.8538129042667046,0.8538431927494864,0.8538690907375076,0.8537947489079288,0.853584584439211
53,0.2942211,0.8284577559417834,0.8330323761948424,0.843737058609823,0.8381518124796601,0.8388837188859748,0.8450881914338177,0.8598735951305658,0.8547481014549388,0.8481936779204583,0.8567994878528332,0.8563805328267869,0.8573239241099215,0.8584885331191823,0.8572350788651419,0.8540299151787274,0.8528839612542296,0.8547949967659886,0.8553902262154163,0.8567055520360305,0.855527028601108,0.8555624857020835,0.8555928030865148,0.8555184612569359,0.8553142143156793
54,0.29874372,0.8299065601733056,0.8343828013453969,0.8453884171988701,0.8406447465709513,0.8411356493478404,0.8474571693258606,0.8618970300497603,0.8570836261408413,0.8500455047451065,0.8586526259685996,0.8582456121421121,0.8592230307071577,0.8603528997693494,0.8591366541540797,0.8556833665452521,0.8545500805547085,0.856514048076233,0.8570563455158952,0.8583368147271148,0.8572165578902867,0.8572571836094561,0.8572919203902973,0.8572175785607185,0.8570189140742308
55,0.30326632,0.8313553579979033,0.8357332205240803,0.847015244606476,0.8431199385624056,0.8433656703721804,0.8498064185616374,0.8638644392325123,0.8593646648225461,0.851858876585208,0.8604757841989995,0.8600805652075548,0.861088198041859,0.8621837953444818,0.8610041474701243,0.8573170369193124,0.8561979672057433,0.8582076976522082,0.8587042321669299,0.8599527869808712,0.8588835970050933,0.8589293913195997,0.8589685474773073,0.8588942056477284,0.8587007692862743
56,0.30778894,0.8328041622294254,0.8370836456746347,0.8486170164042275,0.845577096174347,0.8455738738700218,0.8521356842976936,0.8657775606646241,0.8615911172443178,0.8536357761774905,0.8622703365195175,0.861886743563235,0.8629210881470085,0.8639830329848862,0.8628392874133779,0.8589325269241029,0.8578295813738274,0.8598779355836469,0.860335846335014,0.8615552443275766,0.8605300920623623,0.8605810549950625,0.8606246305491801,0.8605502887196013,0.8603617104310557
57,0.31231153,0.8342529568505609,0.8384340618673827,0.8501932405778562,0.8480158836565673,0.847760327763154,0.8544446713503635,0.8676380845234822,0.8637629517615164,0.8553781730069802,0.864037550440926,0.8636653960487487,0.8647232390130974,0.8657522843104066,0.8646436759815188,0.8605312699191638,0.8594466457449729,0.8615265701109347,0.8619529107061595,0.8631457121202226,0.8621577825947364,0.8622139141113454,0.8622619090325576,0.8621875672029787,0.8620034643722879
58,0.31683415,0.835701761082083,0.8397844870179371,0.8517435278385859,0.8504360303344258,0.8499251723944649,0.8567331470539161,0.8694477341788216,0.8658803001161485,0.8570880923734323,0.865778666237953,0.8654177483057189,0.8664961457421319,0.867493159902707,0.8664188696288463,0.8621146120305941,0.861050728358074,0.8631553058667427,0.8635569933192605,0.8647255501323756,0.8637682818178067,0.8638295819526095,0.8638819962702318,0.8638076544406529,0.8636276350502153
59,0.32135677,0.8371505653136052,0.8411349121684915,0.8532675212755529,0.8528372226490317,0.8520685225642436,0.859000839007638,0.8712081805614545,0.8679433575028921,0.8587675290609739,0.8674948189349625,0.8671449240159389,0.8682411813001871,0.8692071323507223,0.8681662997479652,0.863683749406373,0.8626431819839345,0.864765675838288,0.8651494469451212,0.866295895923703,0.8653630124496158,0.8654294812026125,0.8654863149166446,0.8654119730870657,0.8652356384660885
60,0.3258794,0.8385993727485896,0.8424853403049813,0.8547649411477142,0.855219174327112,0.8541905292956842,0.8612475015005845,0.8729210930882759,0.8699524414612938,0.8604184888049207,0.869187089785459,0.8688479964695038,0.8699596494230357,0.8708955890578203,0.8698873254907832,0.8652397817310287,0.8642252017758868,0.8663590942763795,0.8667314667370735,0.8678577242677024,0.8669432617651136,0.8670148991477324,0.8670761522679463,0.8670018104383675,0.8668287579337357
61,0.330402,0.8400481705731874,0.8438357594836648,0.8562355541105638,0.8575815788036495,0.8562913362109037,0.8634728705867626,0.8745881025664293,0.8719079474560472,0.86204294668378,0.8708564731543598,0.8705279549905304,0.8716527514164135,0.8725598005055243,0.8715832003897789,0.8667836880645943,0.8657978047844798,0.8679368305523487,0.8683040697456664,0.8694118294103846,0.8685101583393322,0.8685869643172882,0.8686526368143686,0.8685782949847897,0.868408120357965
62,0.3349246,0.8414969683977851,0.8451861786623482,0.8576792119372728,0.8599241722976566,0.8583711344940609,0.8656767235387437,0.8762108440836052,0.8738103977771924,0.8636428826852965,0.8725039223128634,0.8721857507797968,0.8733216331543631,0.8742009673239346,0.873255119317359,0.8683163745224858,0.8673618829356261,0.8695000573585487,0.8698681478968127,0.8709588796153181,0.8700647223450183,0.8701466969183114,0.8702167887922581,0.8701424469626793,0.8699747466709813
63,0.33944723,0.8429457758327694,0.8465366067988381,0.8590958268918296,0.8622466965665186,0.8604301284416589,0.8678588436441653,0.8777909276795336,0.8756604052718958,0.8652202480582742,0.8741303241027073,0.8738222711735744,0.8749673598681648,0.875820196426819,0.8749041931519523,0.869838656027264,0.8689181893209829,0.8710498320059918,0.8714244542821695,0.872499405662971,0.8716078493545387,0.871694992557454,0.8717695038375824,0.8716951620080037,0.8715295352332718
64,0.34396985,0.8443945800642916,0.8478870319493925,0.8604853495056558,0.8645488634982754,0.8624685029508135,0.8700189869983652,0.8793299133338268,0.8774586418815313,0.8667769343240685,0.875736475810866,0.8754383161384977,0.8765908933914821,0.8774184794859134,0.8765314258930951,0.8713512386857634,0.8704673250551542,0.8725870791703678,0.8729735900163409,0.8740337895753824,0.8731402952215457,0.8732326070426547,0.8733115377191931,0.8732371958896143,0.8730732463582591
65,0.34849244,0.8458433746854271,0.8492374481421405,0.8618477965019465,0.8668304019775928,0.8644864639167341,0.8721569266073621,0.8808293421093384,0.879205872703383,0.8683147984337576,0.8773231197634108,0.8770346328496061,0.8781931278297445,0.878996728872057,0.8781377503305398,0.8728547556276482,0.8720097808888714,0.8741126284857076,0.874516045850058,0.8755623073564793,0.874662715414747,0.8747601958197648,0.8748435458633979,0.8747692040338191,0.8746065417102252
66,0.35301507,0.8472921821204115,0.8505878762786304,0.8631832695538324,0.8690910923517526,0.8664842673863096,0.8742724845453222,0.8822907562902615,0.8809029764386116,0.8698356792912995,0.8788909687947675,0.8786119410816644,0.8797749158432546,0.8805558044425899,0.8797240543658408,0.8743497947904786,0.8735459708862212,0.8756272440065037,0.8760522358474079,0.8770851637803513,0.8761756962720595,0.8762783453066996,0.8763661147565144,0.8762917729269355,0.8761300155377241
67,0.3575377,0.8487409895553959,0.8519383044151203,0.8644918941506643,0.8713306658380742,0.8684621293946122,0.8763654377168145,0.8837156324626669,0.8825508643637029,0.8713413240073157,0.880440638241598,0.8801708645666633,0.8813370006432218,0.8820964473849324,0.8812911127962807,0.8758368371670416,0.8750761740379568,0.8771315632199319,0.8775824389991433,0.8786024357221011,0.8776796957336498,0.8777875133979121,0.8778797022539085,0.8778053604243297,0.8776441347667805
68,0.3620603,0.8501897873799936,0.8532887235938037,0.865773855261394,0.8735488657454623,0.8704202789276803,0.8784355752971067,0.8851054214300277,0.8841505237059694,0.8728334235726497,0.8819726905993318,0.8817119757085435,0.8828800617815337,0.8836193261139763,0.8828396331856505,0.8773163012716155,0.8766005846977054,0.8786261440450172,0.879106849658892,0.8801141231666565,0.8791750916729388,0.8792880779325382,0.8793846861654011,0.8793103443358222,0.8791492874759111
69,0.3665829,0.8516385852045913,0.8546391427724872,0.8670294094342947,0.8757454714941458,0.8723589778646865,0.8804827210590513,0.8864615617670186,0.885703029508,0.8743136237427385,0.8834876540706662,0.8832358140288543,0.8844047344539511,0.8851250561459679,0.884370275237886,0.8787885633529516,0.8781193381708611,0.8801114871408445,0.8806256031320476,0.8816201754768205,0.8806622055605307,0.880780360415467,0.8808813880251964,0.8808070461956176,0.8806458065103823
70,0.37110552,0.8530873894361135,0.8559895679230416,0.868258862836978,0.8779202637568241,0.8742784889904465,0.8825067007536264,0.8877854567542808,0.887209514104846,0.8757834968804256,0.8849860005854892,0.8847428638518573,0.8859115879892379,0.8866141796691629,0.8858836292255488,0.8802539381522251,0.8796324954185913,0.8815880184270458,0.8821387603797779,0.8831204769599148,0.8821412861645366,0.8822646096376668,0.8823700566438062,0.8822957148142273,0.8821339528831559
71,0.37562814,0.8545361936676357,0.857339993073596,0.8694625622153416,0.8800730105524285,0.8761790625414765,0.8845073292201977,0.8890784658201085,0.8886711536609042,0.8772445281429238,0.8864681384931845,0.8862335467613547,0.8874011191819783,0.8880871596780223,0.8873802092894985,0.8817126729787684,0.881140041127591,0.8830560851920656,0.8836463060887776,0.8846148455580444,0.8836125066535047,0.8837409987448287,0.883850865147378,0.8837765233177992,0.8836139126948485
72,0.38015077,0.85598500110262,0.8586904212100859,0.8706409125720581,0.8822035010956282,0.8780609649000392,0.8864844418951705,0.890341924819171,0.8900891872625315,0.8786981343479056,0.8879344381604767,0.8877082471603215,0.8888737786863926,0.8895444067705752,0.8888604799607338,0.8831649738716784,0.8826419146724108,0.8845159844698732,0.8851481796335974,0.8861030640337222,0.8850759939175731,0.8852096546385194,0.8853239404472504,0.8852495986176716,0.8850858264748769
73,0.38467336,0.8574337957237556,0.8600408374028339,0.8717943520793531,0.8843115033989994,0.8799244399669386,0.8884378554464953,0.8915771204663462,0.8914648840465481,0.8801456314281861,0.8893852050839295,0.8891672850494664,0.890329944640891,0.8909862537435221,0.8903248296747536,0.8846109799345898,0.8841379872443854,0.885967939183585,0.8866442522055721,0.887584857687658,0.8865318054387485,0.8866706347436036,0.8867893399194293,0.8867149980898504,0.8865497657684498
74,0.38919598,0.8588825999552777,0.8613912625533883,0.8729233965675385,0.8863968483857463,0.881769782358915,0.8903674457271855,0.8927853394936318,0.8927995937809398,0.8815882889092991,0.890820740118161,0.8906109764276933,0.8917699837460011,0.8924130167257321,0.8917736322200479,0.886050824024045,0.8856281279881768,0.8874121609593137,0.8881343929493635,0.8890599601475407,0.887979992937874,0.8881239908609229,0.8882471154331585,0.8881727736035796,0.8880057970027321
75,0.3937186,0.8603314041867999,0.8627416877039427,0.8740285815295694,0.8884593271578306,0.8835972454890872,0.8922730525359729,0.8939678081695729,0.8940946750766493,0.883027256647285,0.8922412711415567,0.892039564404619,0.8931941832683038,0.8938249284963073,0.893207178407341,0.8874845652808795,0.8871121372376725,0.8888487841166386,0.889618402198859,0.8905280474169401,0.8894205367561372,0.8895697032973799,0.8896972472660255,0.8896229054364466,0.8894539153713766
76,0.39824122,0.861780208418322,0.864092112854497,0.8751104938739463,0.890498751874288,0.8854070942645156,0.8941545360491707,0.8951257280637119,0.8953515309736207,0.884463604056826,0.8936469973290161,0.8934532635708382,0.8946027960684355,0.89522218366998,0.894625721391901,0.8889122335510463,0.888589795186447,0.8902779119130154,0.8910960601476337,0.8919887861887408,0.8908533926900615,0.891007727849498,0.8911396912145536,0.8910653493849747,0.8908940918151137
77,0.4027638,0.8632289998359952,0.8654425260613096,0.8761697532486569,0.8925149240220331,0.8871995758622848,0.8960117475085582,0.8962602578893271,0.8965715847275084,0.8858982957284994,0.895038069661422,0.8948522402491877,0.8959960216253402,0.8966049204622056,0.8960294576221158,0.8903338098841083,0.8900608441114665,0.8916995984972567,0.8925671090726531,0.8934418162997303,0.8922784742842674,0.8924379780161844,0.8925743607385628,0.8925000189089839,0.89232625511443
78,0.40728644,0.8646778104744419,0.866792957183735,0.8772070521599846,0.8945077143546262,0.8889749898059252,0.8978446028031871,0.8973725584357927,0.8977563235538734,0.8873322467764846,0.8964146484852389,0.8962366702428035,0.8973740642175304,0.8979732789930366,0.8974185855272317,0.8917492855457072,0.8915250515168893,0.8931139092505557,0.894031316478076,0.8948868130488923,0.893695713611926,0.8938603859848935,0.8940011881232254,0.8939268462936465,0.8937503528718046
79,0.41180903,0.8661266050955774,0.8681433733764828,0.8782230731368641,0.8964769078203522,0.8907335489383734,0.8996529397221558,0.8984637058257973,0.8989072013941927,0.8887662104392988,0.8977767988306163,0.8976066334264599,0.8987370286246734,0.8993272982703854,0.8987932004690904,0.8931585546439621,0.8929821008202713,0.8945208146423601,0.895488365781458,0.8963233791760697,0.8951049551209088,0.895274796077785,0.8954200175832117,0.8953456757536328,0.895166244748851
80,0.41633165,0.8675754093270995,0.8694937985270373,0.8792185790085367,0.8984223801181896,0.892475535702093,0.901436680362233,0.8995347904154645,0.9000257400181703,0.890200903852944,0.8991246147184531,0.8989622386397804,0.900085045071485,0.900667040742658,0.9001534207518802,0.8945615416727213,0.8944317247675088,0.8959203187163419,0.8969379897286953,0.8977511763910884,0.8965060845477536,0.8966810941228236,0.8968307350246602,0.8967563931950813,0.8965738319266627
81,0.42085424,0.869024203948235,0.8708442147197852,0.880194336419691,0.9003439534142299,0.8942011724407415,0.9031956985392281,0.9005868368585085,0.9011134400379848,0.8916369026309782,0.9004581217399319,0.9003035255938037,0.9014181722022997,0.9019924963994079,0.9014992898605334,0.8959581006890075,0.8958736023723961,0.8973123592751738,0.8983798673335828,0.8991698235336195,0.8978989290244428,0.8980791071834215,0.8982331674523528,0.8981588256227739,0.897972956664344
82,0.42537686,0.8704730081797571,0.8721946398703396,0.8811511715749302,0.9022415084874706,0.895910720862932,0.904929922632465,0.9016208662935783,0.9021718416957866,0.8930747228987994,0.9017773570464934,0.9016305452160028,0.9027364775386849,0.9033036631692152,0.9028308577167067,0.8973480981025493,0.8973074453839504,0.8986968911986684,0.899813710345137,0.9005789815192659,0.8992833405423448,0.8994686873195175,0.8996271669848586,0.8995528251552797,0.8993634860862578
83,0.42989948,0.8719218124112793,0.873545065020894,0.8820899228544553,0.9041148951529099,0.8976044008043843,0.9066392535268818,0.9026378475663156,0.9032024700061017,0.8945147544693347,0.9030823095056644,0.9029432993587404,0.9040399780652355,0.9046004882736863,0.9041481207905575,0.8987313496890162,0.8987329339022848,0.9000738242084677,0.9012391988634714,0.9019782897008249,0.9006591336652241,0.9008496490605906,0.9010125481223417,0.9009382062927628,0.9007452495555606
84,0.43442208,0.873370610235877,0.8748954841995775,0.8830114610406046,0.9059639753260367,0.8992824279329735,0.9083236040840432,0.9036387212977123,0.9042068556858684,0.8959572926694499,0.9043729517782514,0.9042417729697181,0.9053286727058846,0.9058829009019335,0.9054510549613672,0.9001076534885731,0.9001497507949335,0.9014430560948403,0.9026560157561201,0.9033673994677742,0.9020261187507865,0.9022218027414901,0.9023891211801076,0.9023147793505288,0.90211807199852
85,0.4389447,0.8748194144673992,0.8762459093501319,0.8839166972547817,0.907788642837607,0.9009450310969245,0.9099829171002397,0.904624410936222,0.9051865418548977,0.8974025547506009,0.9056492564267492,0.905525950216399,0.9066025587660035,0.9071508289511044,0.906739632249205,0.9014768066134785,0.9015575991567166,0.9028044896871836,0.9040638641179032,0.9047459910017835,0.9033841187841245,0.9035849713930219,0.9037567092280494,0.9036823673984705,0.9034817907642338
86,0.44346732,0.8762682186989214,0.8775963345006863,0.8848065567634887,0.9095887744079315,0.902592407077298,0.9116171206365152,0.9055957966960705,0.9061430538706119,0.8988506422917583,0.9069111638590844,0.906795782158277,0.9078616002715523,0.9084041678639813,0.9080137888987319,0.9028385704197555,0.9029561664380988,0.9041579983406831,0.9054624313992854,0.9061137377673238,0.9047329348053762,0.9049389560324673,0.9051151132639048,0.9050407714343259,0.9048362208682885
87,0.44798994,0.8777170229304435,0.8789467596512407,0.8856819936057019,0.911364262498467,0.9042247496536973,0.9132261579435964,0.9065537338419661,0.9070779137874678,0.9003015676493958,0.9081586073621172,0.908051211862073,0.9091057532877461,0.9096428061451217,0.9092734510744535,0.9041926964937267,0.904345150988601,0.9055034517957626,0.9068514159497877,0.9074703321876593,0.9060723715877051,0.9062835614329902,0.9064641380608376,0.9063897962312587,0.9061811807499663
88,0.45251256,0.8791658271619657,0.8802971848017952,0.8865439847395207,0.913115007113846,0.9058422415056604,0.9148099799753953,0.9074990487636735,0.9079926325561136,0.9017552487930907,0.909391509449798,0.9092921706656674,0.9103349625665305,0.9108666223251374,0.9105185315766843,0.9055389220833255,0.9057242569527473,0.9068407115098887,0.9082305219139339,0.9088154802684044,0.9074022328050485,0.9076185912685274,0.9078035872927847,0.9077292454632059,0.9075164873937385
89,0.45703515,0.8806146217831012,0.8816476009945431,0.8873935227106856,0.9148409044665379,0.9074450430277509,0.9163685351493994,0.9084325333754927,0.9088887009504703,0.9032115011063186,0.9106097758620759,0.9105185720799263,0.9115491558400427,0.9120754795564034,0.9117489241603901,0.9068769627126634,0.9070931861651306,0.9081696230865556,0.9095994511263172,0.9101488933382613,0.9087223133328926,0.9089438403802802,0.9091332557716322,0.9090589139420533,0.9088419485784895
90,0.46155778,0.8820634292180856,0.882998029131033,0.8882316382222357,0.9165418963679558,0.9090333376977576,0.9179018139079215,0.909354972403367,0.9097676120725406,0.9046700809959791,0.911813332410094,0.9117303488323615,0.9127482807862565,0.9132692626717578,0.9129645411065906,0.9082065519591144,0.9084516781204655,0.9094900554323982,0.9109579430816521,0.9114703265875419,0.9100324379293074,0.9102591336063173,0.910452968403851,0.9103786265742722,0.9101574017003958
91,0.4660804,0.8835122334496077,0.8843484542815874,0.889059357223525,0.9182178865733237,0.910607253756856,0.9194097731922094,0.910267098688586,0.9106308150145795,0.9061306170033808,0.913002067786386,0.912927395251059,0.9139322482581383,0.914447821898326,0.9141652557996197,0.9095273777945093,0.9097994440199241,0.9108018370851307,0.9123057089811107,0.9127795144672833,0.9113323977880448,0.9115642620832484,0.9117625162771921,0.9116881744476132,0.9114626500563338
92,0.470603,0.8849610312742054,0.8856988734602709,0.8898777293263002,0.9198688020862298,0.9121669205689128,0.92089239181312,0.9111696268860066,0.9114797438418852,0.9075926635415276,0.9141758786433626,0.914109612606751,0.9151009774132155,0.9156110180055335,0.9153509485702396,0.9108391312910212,0.9111362156470286,0.9121048040386744,0.9136424806082152,0.9140762179354179,0.9126219978357817,0.9128590307263224,0.9130617042971325,0.9129873624675536,0.9127575103262892
93,0.4751256,0.8864098290988032,0.8870492926389543,0.8906878238537136,0.9214945885074987,0.9137124641585717,0.9223496661429773,0.9120632516426841,0.9123158123453865,0.9090557002253682,0.9153346681718108,0.915276907659248,0.9162543944583972,0.916758721246138,0.9165215055579117,0.9121415046055581,0.9124617421643134,0.913398797107055,0.9149680071255001,0.9153602209016308,0.9139010538285464,0.9141432553144242,0.9143503482621007,0.9142760064325219,0.9140418096540824
94,0.47964823,0.8878586365337876,0.8883997207754442,0.8914907243572525,0.9230952021965204,0.915243999625611,0.9237816030016314,0.9129486440306914,0.9131404074319499,0.9105191281461169,0.9164783422862054,0.9164291887966647,0.9173924289978909,0.9178908078907484,0.9176768151327632,0.9134341861668998,0.913775783998298,0.9146836564367304,0.9162820489594846,0.9166313238904038,0.9151693866495266,0.9154167567650267,0.9156282691188848,0.9155539272893061,0.9153153799221769
95,0.48417085,0.8893074407653098,0.8897501459259985,0.8922875128610998,0.9246705823631494,0.9167616039415235,0.9251881947202582,0.9138264366432114,0.9139548722745132,0.9119822469364608,0.9176067912648685,0.9175663475164544,0.9185149959018204,0.9190071423524243,0.9188167496026551,0.9147168391193404,0.9150780896962166,0.9159591992831593,0.9175843546574032,0.9178893213250464,0.9164268001631575,0.9166793388968514,0.9168952706471196,0.9168209288175407,0.9165780355164354
96,0.48869348,0.8907562482002941,0.8911005740624884,0.8930792912886575,0.9262206972299692,0.9182653597639635,0.9265694604400906,0.9146972497017388,0.91476052771142,0.9134443000554306,0.9187199242743017,0.9186882931968046,0.9196220297722719,0.9201076116137323,0.9199412003233873,0.9159891396765519,0.9163684335884844,0.9172252572659276,0.918874698549671,0.9191340376222342,0.9176731177670401,0.9179308251303562,0.9181511762868062,0.9180768344572273,0.9178296100337424
97,0.49321607,0.8922050428214297,0.8924509902552364,0.8938671568570167,0.9277454989020512,0.9197553116491292,0.9279254058162663,0.9155616664519266,0.9155586465839803,0.9149044362361942,0.9198176385129073,0.9197949219950898,0.9207134543378798,0.9211920949171016,0.921050046744422,0.9172507414455823,0.917646578171501,0.9184816399521918,0.9201528431326875,0.9203652905272487,0.9189081462725125,0.9191710222197372,0.9193957927432819,0.919321450913703,0.919069920018551
98,0.4977387,0.893653850256414,0.8938014183917263,0.8946522352918097,0.9292449910862807,0.9212315319030724,0.929256083254668,0.9164202720801043,0.9163504869979322,0.9163617777804207,0.9208998693396875,0.9208861673805312,0.9217892323684438,0.9222605134718107,0.9221432072424696,0.9185013324412301,0.9189123304343184,0.9197281906394188,0.921418595395505,0.9215829450711917,0.9201317305333079,0.9203997751101549,0.9206289650398812,0.9205546232103023,0.9202988198338402
99,0.5022613,0.8951026480810117,0.8951518375704097,0.8954356303945001,0.9307191349759162,0.9226940283448206,0.9305615082338822,0.9172736008672729,0.9171372409572625,0.9178153341499523,0.9219665238233313,0.9219619331461565,0.9228492996576013,0.9233127649501827,0.9232205721751168,0.9197405582031558,0.9201654624826863,0.9209647087388847,0.9226717274438729,0.9227868368175511,0.921343676948574,0.9216168901207581,0.9218504994273509,0.921776157597772,0.921516124847143
100,0.5067839,0.8965514459056094,0.8965022567490932,0.8962184658452088,0.9321679328433975,0.9241428261925898,0.9318417335494269,0.9181221844210672,0.9179200764136414,0.9192640867923688,0.923017542253,0.9230221554357698,0.923893626205859,0.9243487843378069,0.9242820661738249,0.9209680923267757,0.921405781426016,0.9221910189629017,0.9239120463872027,0.9239768388477608,0.9225438212133136,0.9228222029808348,0.923060231664294,0.9229858898347151,0.9227216794856438
101,0.5113065,0.8980002437302071,0.8978526759277766,0.8970018609441124,0.9335913846887115,0.925577925446406,0.9330968107995692,0.9189665275455321,0.9187001126673202,0.920706951642894,0.9240528680559016,0.9240667724285694,0.9249221863292978,0.9253685142961169,0.9253276178992934,0.9221836015033067,0.9226330924197036,0.9234069353658853,0.9251393573808903,0.925152825915992,0.9237319928014435,0.9240155431643018,0.9242579912246274,0.9241836493950485,0.9239153215796755
102,0.51582915,0.899449057572116,0.8992031100361375,0.8977869428484724,0.934989513586946,0.9269993263642152,0.9343268127399311,0.9198071238277359,0.9194784325666195,0.9221428092912752,0.925072467312715,0.925095744047573,0.9259349780480154,0.9263719244280789,0.9263571798749167,0.9233867681904209,0.923847219988354,0.9246122828565869,0.9263534849495406,0.926314694633729,0.9249080358068313,0.9251967548221686,0.9254436223082194,0.9253692804786406,0.9250969033142291
103,0.52035177,0.9008978618036382,0.9005535351866919,0.8985748136582413,0.93636231015311,0.92840697299872,0.9355317844233424,0.9206444227954607,0.9202560499886382,0.9235704527393436,0.9260762892667271,0.926109012128862,0.9269319838419698,0.9273589724263749,0.9273706887193077,0.9245772438945808,0.9250479592950233,0.9258068491970554,0.9275542242562099,0.9274623166003155,0.9260717619351534,0.9263656495686845,0.9266169364511453,0.9265425946215665,0.9262662440145104
104,0.5248744,0.9023466692386225,0.9019039633231818,0.8993665921200156,0.9377098099622714,0.9298008319402326,0.936711811308761,0.9214788769842579,0.9210339514126448,0.9249886719259572,0.9270643237105236,0.9271065583633356,0.9279132276220956,0.9283296605317872,0.9283681231873493,0.9257547168803913,0.926235142873017,0.9269904516093725,0.9287414078342037,0.9285956020440824,0.9272230153301926,0.927522071593346,0.9277777778819885,0.9277034360524096,0.9274231952927922
105,0.529397,0.9037954670632202,0.9032543825018653,0.9001633771302625,0.939032032273607,0.9311808299088817,0.9378669653959408,0.9223109053983635,0.921813060141119,0.9263961957753286,0.9280365571040029,0.9280883600398804,0.9288787310956061,0.9292839923157581,0.929349459939981,0.9269188604026397,0.9274085867994442,0.9281628836367715,0.9299148517606307,0.929714448132998,0.9283616206065421,0.9286658454650326,0.9289259711305415,0.9288516293009627,0.9285675888493665
106,0.53391963,0.9052442744982047,0.9046048106383551,0.9009662776554328,0.9403290333726364,0.9325469092664114,0.9389973518925124,0.9231409272763652,0.9225942660698053,0.9277917540091476,0.9289930124991084,0.9290544303932925,0.9298285533569878,0.9302220118196677,0.9303147139097004,0.9280693805765624,0.9285681373781368,0.9293239620488583,0.9310744023393234,0.9308187833327561,0.9294874283064066,0.9297968217945192,0.9300613668662099,0.929987025036631,0.929699282172575
107,0.5384422,0.9066930627124157,0.9059552208592322,0.9017763668080889,0.9416008341658597,0.9338989523583107,0.9401030460143656,0.9239693167044294,0.9233783814191322,0.9291740054170383,0.9299336969275087,0.9300047655092891,0.9307627385675622,0.9311437518329464,0.9312638852488535,0.9292059535919637,0.9297136062885005,0.9304734622940879,0.9322198712496871,0.9319085054293395,0.9306002521272209,0.9309148141763854,0.9311837785956272,0.9311094367660484,0.9308180954588089
108,0.5429648,0.9081418605370134,0.9073056400379156,0.9025947388810448,0.9428475143870775,0.9352368812434313,0.9411841750283831,0.9247964637107075,0.9241661967836236,0.9305416453344861,0.9308586715430395,0.9309394152189778,0.9316813855298136,0.932049302546673,0.9321970301496479,0.930328310625552,0.9308448546273277,0.931611202990853,0.9333511195885144,0.9329835613891037,0.931699950694109,0.9320196813386107,0.9322930651347189,0.9322187233051401,0.9319238938312493
109,0.54748744,0.90959067117546,0.908656071160341,0.9034224615314984,0.9440691380763926,0.9365605795177566,0.9422408532957238,0.9256227271107883,0.9249584353422632,0.9318933314344223,0.9317679972080722,0.9318584281843373,0.9325845935603233,0.9329387580462246,0.9331142059523605,0.9314361729320761,0.9319617259910117,0.9327369791907358,0.9344679909521982,0.9340438834879804,0.9327863627445724,0.9331112620301246,0.9333890652421863,0.9333147234126075,0.9330165222009064
110,0.55201006,0.9110394754069822,0.9100064963108954,0.9042605751889669,0.9452657584007452,0.9378698968236718,0.943273186664007,0.9264484369657736,0.9257557534798625,0.9332276941855941,0.9326617382967012,0.9327618557756505,0.9334724661595813,0.9338122199357275,0.9340154750070933,0.9325292567404072,0.9330640499347793,0.9338505659052826,0.935570314895966,0.935089392561015,0.9338593105827971,0.9341893784865432,0.9344716010950148,0.9343972592654359,0.9340958087393191
111,0.5565327,0.9124882860454288,0.9113569274333208,0.9051101226052412,0.946437463135817,0.9391646987947976,0.9442813117433204,0.927273926141975,0.9265587699321408,0.9345433937423882,0.9335399969926801,0.9336497867905071,0.9343451449711678,0.9346698306891174,0.9349009392634222,0.9336073159023265,0.93415168355448,0.9349517603001215,0.9366579485156666,0.9361200373408411,0.934918640680477,0.9352538772252738,0.9355405192496989,0.9354661774201201,0.9351616057284178
112,0.5610553,0.9139370838700265,0.9127073466120041,0.9059721100261322,0.947584321721577,0.9404448096317293,0.9452653502090881,0.9280994942896975,0.9273680299021537,0.9358390674460209,0.9344028740620237,0.9345223078569723,0.9352027706937323,0.935511735109632,0.9357707007003662,0.934670094818169,0.9352244626494061,0.9360403325814203,0.9377307276105927,0.9371357480262621,0.9359641762753274,0.9363045814154611,0.9365956428167527,0.9365213009871738,0.9362137418912084
113,0.5655779,0.9153858816946242,0.9140577657906876,0.9068475430419081,0.9487064370515419,0.941710069874613,0.9462254533423797,0.9289254448475699,0.9281840400836587,0.9371133945344612,0.9352505079159814,0.9353795429838829,0.9360455217738555,0.9363381182579689,0.9366249006873334,0.9357173773652226,0.9362822497906002,0.9371160748650899,0.9387885147517868,0.938136481735733,0.9369957643141554,0.9373413380496263,0.9376368188277843,0.9375624769982054,0.937252069632748
114,0.57010055,0.9168346955365331,0.9154081998990484,0.9077374085187772,0.9498039211171404,0.9429603105844846,0.9471617809481115,0.9297520691228948,0.9290072525783802,0.9383650756606454,0.9360830566630863,0.9362216354791277,0.9368735964571311,0.937149187670671,0.9374637018490085,0.9367489660611712,0.9373249121048829,0.9381787789632937,0.9398311770660696,0.9391222013384986,0.9380132539594084,0.9383639963473582,0.9386638965512415,0.9385895547216626,0.9382764434347256
115,0.5746231,0.9182834773438197,0.9167586041480545,0.9086426307196702,0.9508768454633901,0.9441952967697601,0.9480744592292617,0.9305796083519717,0.9298380259780563,0.9395927827071316,0.9369006604164254,0.9370487098783515,0.9376871751490163,0.9379451364345857,0.9382872500604795,0.937764636326504,0.9383522738624367,0.9392281880881429,0.9408585388236234,0.9400928305966713,0.9390164503926833,0.9393723613188284,0.9396766808507192,0.9396023390211404,0.9392866733408658
116,0.5791457,0.9197322751684174,0.9181090233267379,0.909564168774977,0.951925361129616,0.9454148654116448,0.9489636829451168,0.931408345598549,0.9306767166077232,0.9407953025079006,0.9377035325150521,0.9378609642797177,0.9384865110323833,0.938726231769669,0.9390957662937919,0.9387642508883709,0.9393642310991457,0.9402641139592981,0.9418704960603322,0.9410483624198842,0.9400052268087223,0.9403663063302045,0.9406750452389618,0.940600703409383,0.9402826377289338
117,0.58366835,0.9211810890103261,0.9194594574350988,0.9105029262027853,0.9529495898300824,0.9466188019898907,0.9498296226000374,0.9322385239599037,0.9315235964369217,0.9419714192453108,0.9384918768853759,0.9386585868180971,0.9392718477346078,0.9394927342737214,0.9398894633059328,0.9397476586015341,0.940360648386353,0.9412863316863533,0.9428669133475396,0.9419887612229223,0.9409794237616966,0.9413456719356578,0.9416588302701403,0.9415844884405614,0.9412641819774621
118,0.588191,0.922629902852235,0.9208098915434596,0.9114597677451792,0.953949649801964,0.9478068698771337,0.9506724466493172,0.9330703652045609,0.9323788707811465,0.9431199503845603,0.939265907299176,0.9394417752022868,0.9400434383187259,0.9402449164471501,0.9406685649908546,0.9407147195070282,0.941341383255399,0.9422946046459838,0.9438476482165856,0.9429139859885499,0.941938873050014,0.942310289876454,0.9426278676366618,0.942553525807083,0.942231142498776
119,0.5927136,0.9240787006768327,0.9221603107221431,0.9124355274410001,0.9549256677489841,0.9489788248655502,0.9514923316458784,0.9339040793200595,0.9332426875502065,0.9442397670058679,0.9400258562803651,0.9402107457905385,0.9408015540040879,0.94098307108494,0.9414333152819756,0.9416653173084276,0.9423062980779907,0.9432886967340629,0.9448125630391774,0.9438240014249594,0.9428834094013753,0.9432599948231525,0.9435819919602266,0.9435076501306479,0.9431833585054282
120,0.5972362,0.9255274985014305,0.9235107299008265,0.9134310290200107,0.9558777995735551,0.9501344413646716,0.9522894795385557,0.9347398834138301,0.9341151568587155,0.9453298240687846,0.9407719911721188,0.9409657499150834,0.9415465000769458,0.94170752658715,0.9421839942393316,0.9425993809498071,0.9432552813843246,0.9442683945136894,0.9457615463455111,0.9447187979964269,0.943812891440175,0.9441946454572893,0.9445210619712299,0.944446720141651,0.9441206931562915
121,0.60175884,0.926976309139877,0.9248611610232519,0.9144470614137615,0.9568062054065917,0.9512734839202766,0.9530640965424719,0.9355779819498041,0.9349963307903192,0.9463891379132355,0.9415045946571476,0.9417070542357223,0.9422785963564526,0.9424186277424249,0.9429208983589837,0.9435168617141797,0.9441882241723767,0.9452334830106244,0.9466944891335634,0.9455983695128903,0.9447271785975204,0.9451141012556852,0.9454449371855793,0.9453705953560005,0.9450430102906677
122,0.60628146,0.9284251133713992,0.9262115861738063,0.9154843559992464,0.9577110320653649,0.9523956860858558,0.953816378596538,0.9364185503851605,0.935886185956247,0.9474167724278388,0.9422239503811196,0.9424349262555141,0.942998162673939,0.9431167215029734,0.9436443260358826,0.9444177166205696,0.9451050026362934,0.9461837278568973,0.94761126759748,0.9464626967952134,0.9456261142308517,0.9460182055072104,0.9463534608335145,0.9462791190039357,0.9459501573819135
123,0.610804,0.9298738919752236,0.9275619874368769,0.9165436061266928,0.9585924348298349,0.9535007774555097,0.9545465296544894,0.9372617539440672,0.9367846430521644,0.9484118700868981,0.9429303594514858,0.943149651080929,0.9437055351946065,0.9438021727216163,0.9443545940805195,0.9453019305373302,0.946005500405351,0.9471188982926811,0.9485117653665376,0.9473117685740617,0.9465095474585487,0.9469068072616742,0.9472464819062142,0.9471721400766353,0.9468419875387841
124,0.61532664,0.9313227026136702,0.9289124185593023,0.9176255233303797,0.9594506222963463,0.954588541896524,0.9552547985987867,0.9381077929441326,0.937691615882045,0.9493737077798232,0.9436241764133149,0.9438515678802483,0.9444011023824843,0.9444753987699075,0.9450520737897747,0.9461695626091905,0.9468896558198021,0.9480388165070479,0.9493959207809888,0.9481456260004673,0.9473773796414139,0.9477798080855899,0.9481239021460833,0.9480495603165044,0.9477184064450905
125,0.61984926,0.9327715068451924,0.9302628437098567,0.9187307084211385,0.9602857518619199,0.9556586871324863,0.9559413927283057,0.9389568023948972,0.9386069045552521,0.9503015843584542,0.9443057248175796,0.9445409845203181,0.9450852203133361,0.9451367873366616,0.9457371059671801,0.9470206419707489,0.9477573557899945,0.9489432474464987,0.9502636207511812,0.9489642624887659,0.948229460298196,0.9486370573605659,0.9489855708174693,0.9489112289878904,0.9485792672630217
126,0.6243719,0.934220317483639,0.931613274832282,0.919859758087591,0.9610980187556043,0.9567109577186161,0.9566065514243511,0.9398089381858111,0.9395302879415666,0.9511949260151932,0.9449753682064067,0.945218249445262,0.9457582836669348,0.9457867650338442,0.9464100721999325,0.947855257922296,0.9486085278904108,0.9498319946003281,0.9511147928515975,0.9497677104735711,0.9490656775246764,0.9494784432280969,0.9498313761009538,0.9497570342713749,0.9494244619060562
127,0.62889445,0.9356690992909256,0.9329636790812881,0.9210131875275923,0.9618875985876053,0.957745062648161,0.9572504988693118,0.9406643192331575,0.9404614619783349,0.9520532271922099,0.9456334626824747,0.9458837037580556,0.946420678016707,0.946425751092223,0.9470713470892068,0.9486735020311645,0.9494430817566984,0.9507048390503686,0.951949346717885,0.9505559860173498,0.9498859005118278,0.9503038347534435,0.950661186954308,0.9505868451247291,0.9502538629496344
128,0.63341707,0.9371179035224477,0.9343141042318425,0.9221915352770879,0.9626547212196438,0.9587607729150135,0.9578735043400292,0.9415231071654118,0.9414001270142331,0.9528761354583443,0.9462804176928381,0.946537742743333,0.9470728408918897,0.9470542161140011,0.9477213592357506,0.9494755449840885,0.9502609880313665,0.9515616221155002,0.952767252992553,0.9513291632618504,0.9506900571852992,0.9511131600451088,0.9514749316423833,0.9514005898128044,0.9510674021100859
129,0.6379397,0.9385667109574322,0.9356645323683324,0.923395237315322,0.9633995845355773,0.959757810032791,0.9584758117856581,0.9423854140634448,0.9423458883055368,0.9536633613701272,0.9469166237449943,0.9471807428246324,0.9477151889618779,0.9476726116430169,0.9483605185107109,0.9502615478000289,0.9510621885282046,0.9524021515609179,0.9535684534893912,0.9520872894776791,0.9514780459804973,0.9519063174699292,0.9522725084733853,0.9521981666438064,0.9518649810220653
130,0.6424623,0.9400155087820299,0.9370149515470159,0.924624685250553,0.964122397565133,0.9607359030671716,0.9590576751212546,0.9432513479680747,0.9432983062948759,0.9544147294585996,0.9475424872539071,0.9478130968619471,0.9483481529747378,0.9482814037367692,0.9489892509814146,0.9510317063728542,0.9518466425614441,0.9532262501239372,0.9543529075226308,0.9528304286599418,0.9522497814224351,0.952683221507204,0.9530538318875266,0.9529794900579477,0.9526465172834993
131,0.6469849,0.9414643066066275,0.9383653707256993,0.9258802393345804,0.9648233875391036,0.9616947998447479,0.9596193637699811,0.9441210228877335,0.9442569088185816,0.9551301880984094,0.9481584362931839,0.9484352200050882,0.9489721835456896,0.9488810783393199,0.949608004594056,0.9517862594254035,0.9526143360865513,0.9540337653299689,0.955120601047738,0.9535586700721614,0.9530052031943215,0.9534438118744275,0.9538188416316165,0.9537444998020376,0.9534119536291403
132,0.6515075,0.9429131044312253,0.9397157899043828,0.9271622003555081,0.9655027833535839,0.9626342460271142,0.9601611492665986,0.9449945400265257,0.9452211716795591,0.9558097945479161,0.9487649057711173,0.9490475347576932,0.9495877361290692,0.949472126649539,0.9502172341909473,0.9525254710716214,0.9533652651210319,0.9548245522769457,0.9558715300822186,0.9542721124065139,0.9537442598989303,0.9541880371743734,0.9545674863084288,0.95449314447885,0.9541612414675551
133,0.6560301,0.944361902255823,0.9410662090830662,0.9284708160924169,0.9661608205144128,0.9635539929207205,0.9606833092380125,0.9458719937764577,0.9461905264862793,0.9564537222333801,0.9493623409039395,0.949650474531982,0.9501952744687102,0.9500550482835988,0.9508174049121889,0.9532496358928277,0.9540994422672749,0.9555984806742094,0.9566057072284616,0.9549708697874089,0.9544669155447337,0.9549158614155139,0.9552997299264357,0.9552253880968569,0.9548943474168349
134,0.66055274,0.9458107128942695,0.9424166402054915,0.9298062918572411,0.966797746605657,0.9644538064894084,0.9611861316807684,0.946753479806603,0.9471643709708794,0.9570622673981628,0.9499512015869029,0.9502444880963409,0.9507952750198617,0.950630355352679,0.9514089965020374,0.9539590848262965,0.954816904145606,0.9563554429032293,0.9573231691067926,0.9556550786786391,0.9551731569381005,0.9556272714499312,0.9560155593768066,0.9559412175472277,0.9556112607779474
135,0.6650754,0.9472595299396407,0.9437670772997878,0.9311687599395838,0.9674138069054746,0.9653334483815884,0.9616699035500222,0.947639075885082,0.9481420492726148,0.9576358361556916,0.9505319484755617,0.950830025568034,0.9513882127519266,0.9511985586907767,0.9519924892443291,0.9546541688717443,0.9555176965090533,0.9570953385566746,0.9580239614702399,0.9563248835048996,0.9558629791105803,0.9563222622863183,0.9567149696486906,0.9566406278191119,0.9563119787135756
136,0.66959804,0.9487083405780873,0.9451175084222132,0.9325582889658952,0.968009250867587,0.9661926859324222,0.962134915962281,0.9485288497511419,0.9491228622551979,0.9581749517685312,0.9511050477278054,0.9514075432432791,0.9519745659068516,0.9517601722805709,0.9525683686455008,0.9553352654198721,0.9562018824813437,0.9578180833720175,0.9587081474425304,0.9569804442282741,0.9565363935145331,0.9570008453313218,0.9573979721096476,0.9573236302800687,0.9569965145126232
137,0.67412066,0.9501571448096094,0.9464679335727676,0.9339749010857554,0.9685843399748774,0.9670313047728878,0.9625814702999647,0.949422871154778,0.9501060825181171,0.9586802616449585,0.9516709777623452,0.9519775104391087,0.9525548229030574,0.9523157197163346,0.9531371321498905,0.956002786586257,0.9568695528051548,0.9585236203555495,0.9593758177663414,0.9576219459268268,0.9571934382053777,0.9576630586403603,0.958064604815096,0.9579902629855171,0.9576649079032779
138,0.6786433,0.951605955448056,0.947818364695193,0.9354185720672239,0.9691393467535921,0.9678491090725657,0.9630098772963653,0.9503212122835764,0.9510909565784015,0.9591525350730179,0.9522302280887138,0.9525404083270317,0.953129481193614,0.9528657329571452,0.9536992878966372,0.9566571777635301,0.9575208262231009,0.9592119205172616,0.9600270911842875,0.9582495989917758,0.9578341783116333,0.9583089673876664,0.9587149329783556,0.9586405911487768,0.9583172255165846
139,0.68316585,0.9530547372553426,0.949168768944199,0.936889169126616,0.9696745317494758,0.9686458887192331,0.9634204392815351,0.9512239101733085,0.9520766656182933,0.959592642682107,0.952783275087425,0.9530967055845719,0.9536990223679456,0.9534107283625106,0.9542553303053788,0.957298889410861,0.9581558235026649,0.9598829557647763,0.9606620884638516,0.9588636137959976,0.9584586805898885,0.9589386382041167,0.9593490231228137,0.9592746812932348,0.9589535349340352
140,0.68768847,0.9545035414868648,0.9505191940947534,0.9383865858631721,0.9701901936738084,0.9694214950031791,0.9638134886909929,0.9521310506485516,0.9530624192221838,0.960001596327281,0.9533306326939385,0.9536469094057011,0.954263964336068,0.9539512565007536,0.9548057909696963,0.9579284359124383,0.9587747278763905,0.9605367631477466,0.9612809928375772,0.9594642588083787,0.9590670729849721,0.9595521992173942,0.959967003532501,0.9598926617029222,0.9595739653214076
141,0.6922111,0.9559523489218491,0.9518696222312433,0.9399105828434529,0.970686610794506,0.9701757548234867,0.9641893430033933,0.9530426708583061,0.9540473508787263,0.9603804981710309,0.9538727914809217,0.9541915042308762,0.9548247986590422,0.9544878420546362,0.9553511773559585,0.9585463245304756,0.9593777167836456,0.9611733731203242,0.9618839817448323,0.9600517943698785,0.9596594776119012,0.9601497724739456,0.9605689961952342,0.9604946543656553,0.9601786391211918
142,0.6967337,0.9574011467464469,0.9532200414099268,0.941460863391302,0.9711640703654452,0.9709085152970834,0.9645483274283397,0.9539588071331181,0.955030572686103,0.9607305629059955,0.9544102474850462,0.9547309807778395,0.9553820202012296,0.9550210120805716,0.9558920017252187,0.9591530888563389,0.9599649974139424,0.9617928475470474,0.9624712623751289,0.9606265066450942,0.9602360458562805,0.960731509313662,0.9611551524118169,0.9610808105822382,0.9607677077499228
143,0.7012563,0.9588499445710447,0.9545704605886102,0.943037091162239,0.9716228730594191,0.9716196521241772,0.9648907780960476,0.9548795054866296,0.9560111886709033,0.9610531170190404,0.9549435070979003,0.9552658409444308,0.9559361323022401,0.9555513008438212,0.9564287860130467,0.9597492936599891,0.9605368134306278,0.9623952872423926,0.9630430783918145,0.9611887139896695,0.9607969650985504,0.961297597151269,0.9617256596262904,0.9616513177967115,0.9613413584536383
144,0.7057789,0.9602987423956423,0.9559208797672937,0.9446388559590363,0.9720633219034943,0.9723090539699247,0.965217033647711,0.955804801653804,0.9569882755110846,0.9613495865508739,0.9554730742637095,0.9557965849547235,0.9564876335892083,0.9560792370974889,0.9569620489084425,0.9603355197588187,0.9610934324165836,0.9629808191959566,0.9635996973777702,0.9617387544149438,0.9613424465204479,0.9618482471685035,0.9622807290203913,0.9622063871908124,0.9618998018277611
145,0.7103015,0.96174754022024,0.9572712989459771,0.9462656833924026,0.9724857255426567,0.9729766285720703,0.9655274376816784,0.9567347273108311,0.9579608916394541,0.9616214953833924,0.9559994532857828,0.9563237141825345,0.9570370209378787,0.9566053468186189,0.9574923086385847,0.9609123666017135,0.9616351506163215,0.9635496020846803,0.9641414155775082,0.9622769898960256,0.9618727299119417,0.9623836991553345,0.9628206003840887,0.9627462585545099,0.9624432766901548
146,0.71482414,0.9631963508586867,0.9586217300684025,0.9479170493626407,0.9728904016469806,0.9736223093572961,0.9658223411890019,0.9576693185427313,0.9589280883892128,0.9618704625986814,0.9565231526561961,0.9568477349788818,0.957584793560811,0.9571301570374113,0.958020086797754,0.9614804556344733,0.9621622981294605,0.9641018322377253,0.9646685630906472,0.9628038112581017,0.9623880889006391,0.9629042267850824,0.9633455474297901,0.9632712056002113,0.9629720554166994
147,0.7193467,0.9646451358694355,0.9599721373033441,0.9495923064047627,0.9732776593072578,0.9742460283414274,0.9661020897431721,0.958608574585088,0.9598888700204018,0.9620981868156526,0.9570446611738586,0.9573691347795658,0.9581314280846407,0.9576541718713091,0.9585458842476383,0.9620404036806218,0.962675216408031,0.9646377206422673,0.9651814813692177,0.9633196153052747,0.9628888091277079,0.9634101155617748,0.9638558555442619,0.963781513714683,0.963486421506371
148,0.7238693,0.9660939336940332,0.9613225564820275,0.9512908308553091,0.9736478339535873,0.9748477731964352,0.9663670487992264,0.9595525408578652,0.960842281696229,0.962306461754477,0.9575644934025977,0.9578884275643997,0.9586774262370259,0.9581779181506339,0.9590702269173372,0.9625928710852916,0.9631743046264638,0.9651575420224132,0.9656805695876505,0.9638248509993779,0.9633752337127963,0.9639017087422003,0.9643518681015538,0.9642775262719749,0.9639867162320368
149,0.72839195,0.967542747535942,0.9626729905903882,0.9530118950729746,0.974001256055355,0.9754275382913021,0.9666175808683339,0.9605012367763028,0.9617873373409979,0.9624971513935558,0.9580831484507754,0.9584061126036412,0.9592232718149877,0.958701904124446,0.959593624243716,0.9631385160669826,0.963659979253784,0.965661593062956,0.9661662442149707,0.9643199787503248,0.9638477238976868,0.9643793675795698,0.9648339463646486,0.9647596045350697,0.9644732982346029
150,0.73291457,0.9689915517674642,0.9640234157409427,0.9547546727358729,0.9743382545397792,0.9759853306277516,0.9668540482068918,0.9614546595613093,0.9627230274496815,0.9626721869227497,0.9586011117328973,0.9589226762519124,0.9597694325110224,0.9592266211137328,0.9601165709098551,0.9636779961765246,0.9641326779229251,0.9661501972118566,0.9666389428841117,0.9648054736725893,0.9643066630773134,0.9648434753773901,0.9653024735588789,0.9652281317293,0.9649465475826947
151,0.7374372,0.9704403592024485,0.9653738438774326,0.9565183196447177,0.9746591728134941,0.9765211971924095,0.9670768240887404,0.9624128285183807,0.9636483656312022,0.9628335689431189,0.9591188783303959,0.9594386152417407,0.9603163846218469,0.9597525671833903,0.9606395704157994,0.9642119916858741,0.9645928817608441,0.9666237284185062,0.9670991467220308,0.9652818481458115,0.9647524786795383,0.9652944596092373,0.9657578771969078,0.9656835353673289,0.9654068883043405
152,0.7419598,0.9718891570270463,0.966724263056116,0.9583018978219536,0.9749643533799327,0.9770352005471906,0.9672862819098398,0.9633757431242429,0.9645623498441,0.9629833528002091,0.9596369293883853,0.959954413115577,0.9608645882934389,0.9602802233218719,0.9611631112506412,0.9647411797448462,0.9650410940579868,0.9670825896349028,0.9675473590191733,0.9657496297481117,0.9651856216043898,0.9657327711294259,0.9662006080939628,0.9661262662643839,0.9658547671941098
153,0.74648243,0.9733379644620307,0.9680746911926059,0.9601044467175769,0.9752541503420452,0.9775274406063886,0.9674828038033587,0.9643434213540125,0.965464001855938,0.9631236482855089,0.9601557521016709,0.9604705601154846,0.9614145087547689,0.9608100738278793,0.9616876870848747,0.9652662537775849,0.965477858205895,0.9675272318275161,0.9679841231670817,0.9662093796541069,0.9656065837539424,0.9661589019086008,0.9666311582793193,0.9665568164497405,0.966290671921127
154,0.75100505,0.9747867686935529,0.9694251163431603,0.9619249053216326,0.975528915798059,0.9779980325376976,0.9676667712594417,0.9653158572329652,0.9663523296061939,0.963256606253247,0.9606758161926765,0.9609875297400305,0.9619665915417399,0.9613425824314072,0.9622137730047013,0.9657878982673935,0.9659037374732145,0.9679581338452965,0.9684100024344011,0.9666616713478589,0.9660158786497139,0.9665733654225661,0.9670500411896947,0.9669756993601158,0.9667151109947921
155,0.7555276,0.9762355505008394,0.9707755205921664,0.963762144013584,0.9757890058556846,0.9784471174751435,0.9678385693164562,0.9662930377670327,0.9672263468015639,0.9633844147799593,0.9611975824236871,0.9615057872147041,0.962521271580729,0.9618782009829256,0.9627418341114014,0.9663067964825751,0.9663193229080208,0.968375811194739,0.9688255878692075,0.9671070985333939,0.9664140492818053,0.9669767045928527,0.9674577996879888,0.96738345785841,0.9671286218670911
156,0.76005024,0.977684361139286,0.9721259517145917,0.9656150643714397,0.9760347934722549,0.9788748856184283,0.9679985948505077,0.9672749951970105,0.9680851212373063,0.9635092987830955,0.9617215298190802,0.9620258164803321,0.9630790022942692,0.9624173975748473,0.9632723531001568,0.9668236560806911,0.9667252540977205,0.9687808372654441,0.969231519058907,0.9675462975323992,0.9668016880709328,0.9673695120230308,0.9678550265341205,0.9677806847045416,0.9675317917246458
157,0.76457286,0.9791331653708082,0.9734763768651461,0.9674824011315766,0.9762666405712894,0.9792815286122083,0.9681472381807479,0.9682617011128265,0.9689276831952773,0.9636334995498725,0.9622480985658062,0.9625480634602167,0.9636401949972747,0.9629605979917466,0.9638057724815141,0.9673391512491175,0.96712217359734,0.969173798106126,0.9696284385585265,0.9679798982719765,0.9671793933762497,0.9677523859465416,0.9682423198540412,0.9681679780244623,0.9679252123359343
158,0.7690955,0.9805819760092548,0.9748268079875715,0.9693628948700895,0.9764849217079481,0.9796672810600648,0.968284898594712,0.9692531574432358,0.9697531088613807,0.9637592798524142,0.9627777380372609,0.9630729837212313,0.9642052700886374,0.9635082351530079,0.9643425432110971,0.9678539691753253,0.9675107642986831,0.9695553303699475,0.9700170292598698,0.9684085644354521,0.967547805389435,0.9681259666007773,0.9686203199242305,0.9685459780946516,0.9683095173843106
159,0.7736181,0.9820307738338525,0.976177227166255,0.9712551910944276,0.9766900107284741,0.9800323977475339,0.968411975668222,0.9702493421551222,0.9705604759796072,0.9638889103322158,0.9633108772650573,0.9636010131457846,0.9647746257238085,0.9640607188052659,0.9648830948073361,0.9683687798510896,0.9678917260772711,0.9699260985246682,0.9703979910384577,0.9688329681306227,0.9679075839816643,0.9684909137883438,0.9689896864886632,0.9689153446590845,0.9686853594635652
160,0.7781407,0.9834795716584502,0.9775276463449384,0.9731579253976181,0.9768822903090197,0.9803771709279279,0.9685288752315618,0.9712502532037041,0.9713489029043709,0.9640246686556292,0.9638479479307599,0.9641325906868743,0.9653486624638042,0.9646184594153703,0.9654278586785644,0.9688842572870893,0.9682657917227957,0.9702868108554168,0.9707720566839823,0.9692538075809978,0.9682594238952265,0.968847922297243,0.969351114374429,0.9692767725448501,0.9690534259865272
161,0.78266335,0.9849283855003591,0.9788780804532993,0.975069688607326,0.9770621469777099,0.9807019219701303,0.968636006096626,0.9722558890977153,0.9721175338721956,0.9641688310849006,0.964389373593324,0.9646681476451623,0.9659277719183471,0.9651818572028467,0.9659772572426956,0.9694010678200993,0.9686337175464524,0.970638210423199,0.9711399825076391,0.969671797095875,0.968604045854835,0.9691977129093305,0.9697053244122417,0.9696309825826628,0.9694144300032299
162,0.78718597,0.9863771897318813,0.9802285056038537,0.976988969551719,0.9772299658875294,0.9810069921040262,0.968733776981179,0.973266217700159,0.972865518278654,0.9643236618500597,0.9649355524259285,0.9652080905718361,0.9665123183799995,0.9657512842620356,0.9665316864324358,0.969919852687027,0.9689962707266775,0.9709810633259047,0.9715025356878642,0.970087652809285,0.9689421848075839,0.9695410204802732,0.9700530513795943,0.9699787095500154,0.9697690979468012
163,0.7917085,0.9878259651322434,0.9815789038809888,0.9789142205702562,0.977386137377235,0.9812927543676447,0.9688226004871465,0.9742812093905713,0.9735920397896739,0.9644914114727946,0.9654868745277725,0.9657528183779657,0.9671026574361036,0.966327102641588,0.9670915332821125,0.9704412436823066,0.9693542401626136,0.9713161694369045,0.9718605051238003,0.9705021050979442,0.9692746001983454,0.9698786043863733,0.9703950545941585,0.9703207127645797,0.9701181804648138
164,0.79623115,0.9892747789741523,0.9829293379893496,0.9808439672899797,0.9775310642447119,0.9815596272768756,0.9689028969270244,0.9753008937553586,0.9742963565198413,0.9646743218909405,0.9660437526175318,0.9663027525953511,0.9676991689784998,0.9669096966418418,0.9676572071506785,0.9709658909750227,0.9697084539918448,0.9716443785122432,0.9722147189530315,0.9709159196937588,0.9696020920707624,0.9702112649112692,0.9707321345447797,0.9706577927152008,0.9704624694798798
165,0.8007538,0.990723592816061,0.9842797720977104,0.9827765557545802,0.9776651413082652,0.9818080374055,0.9689750827251427,0.9763252248603952,0.9749777074630858,0.9648745987756424,0.9666065484571148,0.9668582646571348,0.9683021785167569,0.9674993960651415,0.9682290650363476,0.9714943927068188,0.9700597304194047,0.9719665442877563,0.9725659953805914,0.9713298410841827,0.9699254554250007,0.9705397969179865,0.9710650859772222,0.9709907441476433,0.9708027503566622
166,0.8052764,0.9921723906406588,0.9856301912763938,0.9847103255229562,0.9777887696933255,0.9820384454313774,0.969039578590046,0.9773541708495073,0.9756353800566689,0.9650944206496548,0.967175621036684,0.9674197234879778,0.968912008869739,0.9680965266220779,0.9688074605335473,0.972027339809121,0.9704089075735458,0.9722835525540775,0.9729151725347325,0.9717446274054198,0.9702455079675814,0.9708650180559042,0.9713947264920064,0.9713203846624275,0.9711398311465973
167,0.80979896,0.9936211756514076,0.9869805985113353,0.9866436088384203,0.9779023556003865,0.9822513438961178,0.9690968086087689,0.9783877120949502,0.9762687089973837,0.9653359351431859,0.9677513255090059,0.9679874943990313,0.9695289791414414,0.9687014090148156,0.969392742800732,0.9725653140740038,0.9707568404020332,0.9725963178995698,0.9732631053632199,0.9721610476704138,0.9705630870591779,0.9711877656971244,0.9717218934710059,0.971647551641427,0.9714745395367815
168,0.8143216,0.9950699862898542,0.9883310296337607,0.9885747551917132,0.9780063106076754,0.9824472577028286,0.9691472001512879,0.9794258530820715,0.976877083013616,0.9656012594927317,0.968334019920641,0.9685619456748845,0.9701534120341573,0.9693143662038356,0.9699852634535889,0.9731088936270818,0.971104402299586,0.9729057846482004,0.9736106672607725,0.9725798846709142,0.9708790509628167,0.9715088982418136,0.9720474454316487,0.9719731036020698,0.9718077243265062
169,0.8188442,0.9965187841144519,0.9896814488124442,0.9905019851281687,0.9781010434734477,0.9826267284034156,0.9691911798292638,0.9804685421665249,0.9774598992750206,0.9658924566735623,0.9689240200195869,0.9691434039882497,0.9707855855081785,0.9699356759971751,0.9705853306491049,0.97365861012132,0.9714524560737529,0.973212900647187,0.9739587210349395,0.9730019007493798,0.9711942522899945,0.9718292681643287,0.9723722347310301,0.9722978929014512,0.972140227572597
170,0.8233668,0.9979675819390497,0.9910318679911276,0.9924235646639225,0.9781869696241167,0.9827903316992979,0.9692291781180109,0.9815157632596606,0.978016619849219,0.9662115545819626,0.9695216503466144,0.9697322047463219,0.9714257876237673,0.9705656248897125,0.9711932610716594,0.9742149958434689,0.9718018824470037,0.9735186423516278,0.9743081474081904,0.9734278728262172,0.9715095637898273,0.9721497482594986,0.9726971342030665,0.9726227923734876,0.9724729119309596
171,0.8278894,0.9994163797636474,0.9923822871698111,0.9943377234376011,0.9782645062203246,0.9829386677561959,0.9692616268483848,0.9825674900884951,0.9785467456414279,0.9665605320440509,0.9701272185205874,0.9703286667048788,0.97207428906778,0.9712044811512787,0.9718093538262764,0.9747785591805604,0.9721535624031852,0.9738239985537188,0.9746598273643717,0.9738585720271089,0.9718258620752288,0.9724712151402372,0.9730230204606715,0.9729486786310926,0.972806643657317
172,0.832412,1.0008651775882451,0.9937327063484946,0.9962426755192986,0.9783340729906685,0.9830723622828279,0.9692889595499024,0.9836236954218734,0.9790498231444852,0.9669413186532787,0.9707410202834712,0.9709330969133063,0.9727313486399493,0.9718525002501045,0.9724338956067594,0.97534978886869,0.9725083779528275,0.9741299705262316,0.9750146429140142,0.9742947654647665,0.9721440281075663,0.9727945497679117,0.9733507744652125,0.9732764326356336,0.9731422932786568
173,0.8369346,1.0023139754128427,0.995083125527178,0.9981366232235929,0.9783960921032248,0.9831920657254721,0.969311611318043,0.9846843511324217,0.9795254455513639,0.9673557927628273,0.9713633394486598,0.9715457906351301,0.9733972132724616,0.9725099249144648,0.973067160681422,0.9759291535479313,0.9728672098099079,0.9744375693434125,0.9753734747710946,0.974737214337623,0.9724649448500182,0.9731206351057008,0.9736812791798679,0.973606937350289,0.9734807332819402
174,0.84145725,1.0037627892547516,0.9964335596355389,1.0000177817279703,0.9784509886054296,0.9832984534923798,0.9693300188627245,0.9857494400552758,0.9799732585147263,0.9678057850390462,0.9719944549007521,0.9721670382103157,0.9740721255833851,0.9731769926452167,0.9737094180544201,0.9765171079524592,0.9732309391191284,0.9747478165935277,0.9757372040803151,0.9751866770588986,0.9727894985148517,0.9734503574230132,0.9740154209229056,0.9739410790933267,0.9738228395911394
175,0.84597987,1.0052115934862738,0.9977839847860932,1.001884308215884,0.9784991881450507,0.9833922208317691,0.9693446196652085,0.9868189136348607,0.980392943256704,0.968293059157154,0.9726346154375963,0.9727971002649292,0.9747562970391749,0.9738539092307017,0.9743609059004762,0.9771140692007494,0.973600430654658,0.9750617292533459,0.9761066956158446,0.975643889493004,0.9731185632708143,0.9737845907971696,0.9743540736934719,0.974279731863893,0.9741694756113767
176,0.8505025,1.006660400921258,0.9991344129225832,1.003734409987552,0.9785411199096028,0.9834740877556692,0.9693558528810532,0.987892750830385,0.9807842421391239,0.9688193355589478,0.9732840746247756,0.9734362419959148,0.9754499452908514,0.9745408856890599,0.9750218670709805,0.9777204490494268,0.9739765506042997,0.9753803340134755,0.9764828155654862,0.976109587943251,0.9734530167966986,0.9741242129526761,0.9746981152551601,0.9746237734255814,0.974521508787997
177,0.8550251,1.008109198745856,1.0004848321012665,1.0055662657518103,0.9785772141997593,0.9835447934951276,0.9693641584597108,0.9889709109717179,0.9811469399958417,0.9693862700932993,0.9739430627182903,0.9740847055102424,0.9761532642149116,0.9752381086862414,0.9756925205564494,0.9783366275610683,0.9743601480770223,0.9757046506322701,0.976866413038209,0.9765844873151642,0.973793723461289,0.9744700882126036,0.9750484098919541,0.9749740680623753,0.9748797930450734
178,0.85954773,1.0095580061808402,1.0018352602377565,1.0073781031370055,0.9786079039142367,0.983605098498491,0.9693699774371867,0.9900533765947607,0.9814808797322673,0.9699954751930593,0.9746118126868625,0.9747427354109873,0.9768664517498781,0.9759457681559882,0.9763730880036395,0.9789629773139509,0.9747520679819427,0.9760357019107732,0.9772583329431294,0.9770692980699267,0.9741415454291715,0.9748230788101083,0.9754058198956406,0.9753314780660617,0.9752451806246223
179,0.8640703,1.0110067943950514,1.0031856704586335,1.0091681021848289,0.978633622561203,0.9836557795724155,0.96937375140011,0.9911400937726121,0.981785943267349,0.9706484873416159,0.9752905235908046,0.9754105427404399,0.9775896708740864,0.976664018641572,0.977063756480431,0.9795998290779734,0.9751531274387945,0.9763744927829592,0.977659392399981,0.9775646980455889,0.9744973213596636,0.9751840233016524,0.9757711837347357,0.9756968419051569,0.9756184998475317
180,0.8685929,1.012455592219649,1.004536089637317,1.0109345313340585,0.9786548062899478,0.9836976328583276,0.9693759227490157,0.9922310512149422,0.9820620754573146,0.9713468125369558,0.9759794096472612,0.9760883532386677,0.9783231019619695,0.97739303129986,0.9777647284393686,0.98024751779028,0.9755641424800401,0.9767220318884919,0.9780704074412266,0.9780713664579621,0.974861889743945,0.9755537602812709,0.9761453400912208,0.9760709982616419,0.9760005797637255
181,0.87311554,1.0139044028580957,1.0058865207597423,1.012675647398428,0.9786718920257599,0.9837314690942428,0.9693769342548032,0.9933262180709896,0.982309264845526,0.9720918917155645,0.976678661889443,0.9767763695994278,0.9790669019313168,0.9781329534060964,0.978476182729548,0.9809063466940446,0.975985903562469,0.9770793099023325,0.9784921685236555,0.9785899545586676,0.975236066816088,0.9759331059944645,0.9765291052203677,0.9764547633907888,0.9763922270834126
182,0.87763816,1.0153532070896178,1.0072369459102968,1.0143897056163709,0.9786853177535833,0.9837581130467378,0.9693772290553414,0.9944255460328641,0.9825275464080796,0.9728850991674595,0.9773884489774345,0.977474772251072,0.979821205191037,0.9788839092870992,0.9791982754555366,0.9815765880806419,0.9764191737581542,0.9774472969683291,0.9789254387193409,0.9791210844213628,0.9756206445875399,0.9763228523841103,0.9769232710064235,0.9768489291768446,0.9767942242819327
183,0.8821608,1.0168020177280643,1.008587377032722,1.0160750288360174,0.9786955229544747,0.9837784032145896,0.9693772505348637,0.9955290106111111,0.982717009954314,0.9737277720879123,0.9781089438006666,0.9781837455154891,0.9805861519560498,0.9796460285393269,0.9799311670712737,0.9822585085014691,0.9768647029996127,0.9778269537726401,0.9793709679607994,0.9796653673288668,0.9760164031256348,0.9767237795632556,0.9773286176015223,0.9772542757719435,0.9772073425614543
184,0.8866834,1.0182508155526622,1.0099377962114056,1.0177299359037855,0.9787029478563568,0.9837931891397982,0.9693774421539766,0.9966365625597038,0.9828777899129274,0.9746211763164926,0.9788402922444066,0.9789034468601548,0.9813618550809116,0.9804194130500394,0.9806749906325306,0.982952339431019,0.9773232072162406,0.9782192128179626,0.9798294721774272,0.9802233790582721,0.9764240916750115,0.9771366367079696,0.9777458941231026,0.9776715522935239,0.9776323222276734
185,0.891206,1.0196996133772598,1.011288215390089,1.0193528202432114,0.9787080337521288,0.9838033307999979,0.9693782473165036,0.997748176709575,0.9830100730129351,0.9755665445415185,0.9795826452281374,0.9796340384108257,0.9821484340945802,0.981204170945009,0.981429884411763,0.9836583077841256,0.9777953864905639,0.9786249929247122,0.9803016514517505,0.9807956828582011,0.9768444444396869,0.977562158067982,0.9781758348599815,0.9781014930304026,0.9780698892626327
186,0.89572865,1.0211484272191687,1.0126386494984498,1.0209421189757093,0.9787112225731799,0.9838096964888621,0.9693801092657826,0.9988638302100248,0.9831140925188259,0.976565062620215,0.9803361450081685,0.980375673463822,0.9829460006400963,0.9820004021415837,0.9821959779835168,0.9843766232466484,0.9782819153384807,0.9790451900785588,0.9807881802996674,0.9813828182234731,0.9772781716345907,0.9780010539153647,0.9786191501330895,0.9785448083035106,0.9785207460484401
187,0.9002512,1.0225972090264552,1.0139890537474558,1.0224962449805908,0.9787129567259928,0.9838131611911938,0.9693834708094538,0.9999834505220261,0.9831901240978038,0.977617821033898,0.9811008897396365,0.9811284615912063,0.9837546210233497,0.9828081609666001,0.982973356224004,0.9851074446408926,0.9787834179970964,0.9794806550649943,0.981289682958283,0.9819852718968713,0.9777259371008666,0.978453987919836,0.9790765034655683,0.9790021616359894,0.9789855482106334
188,0.90477383,1.0240460164614396,1.0153394818839458,1.024013774458396,0.9787136792230934,0.9838146055249363,0.9693887745070824,1.0011070464779295,0.9832384949109997,0.978725936620438,0.9818770227948646,0.9818925565491361,0.9845744107030887,0.9836275505586743,0.983762150132597,0.9858509654718367,0.9793005253513141,0.9799322419212599,0.9818067903125006,0.9826035470051596,0.978188408792875,0.9789216282414666,0.9795485631933807,0.9794742213638018,0.9794649571222565
189,0.90929645,1.0254948206929617,1.0166899070345001,1.0254932433057604,0.9787138332716111,0.9838149135828349,0.9693964621409441,1.0022345599053373,0.9832595713969616,0.9798904154090566,0.9826646318976533,0.9826680569836002,0.9854054276157861,0.9844586163564353,0.9845624343142828,0.9866073178843718,0.9798338078753938,0.9804007489465612,0.9823400728365803,0.9832380829876729,0.9786661986329052,0.9794045866996904,0.9800359410480145,0.9799615992184356,0.9799595775091211
190,0.9138191,1.0269436345348706,1.018040341142861,1.0269332877365147,0.9787138622953181,0.9838149716280693,0.9694069749150231,1.0033659647237985,0.9832537643902395,0.9811122469007127,0.9834638171165913,0.9834550733549381,0.9862477440611149,0.985301417944615,0.9853742961118023,0.987376637969078,0.9803838192941202,0.9808869558550394,0.9828900842553068,0.9838893085271165,0.979159901226218,0.9799034579454823,0.9805392317195316,0.9804648898899527,0.980469997681799
191,0.9183417,1.0283924323594684,1.0193907603215444,1.0283325658962623,0.978714209752117,0.9838156663745307,0.9694207528732457,1.0045012046702777,0.9832215263574816,0.9823923402293044,0.9842746476163644,0.9842536853475605,0.9871014010667764,0.9861559834505169,0.9861977916776323,0.9881590245564101,0.9809510664012052,0.9813915965065753,0.9834573313623919,0.9845576060968657,0.9796700665558838,0.9804187918704853,0.981058985021401,0.9809846431918221,0.9809967613090698
192,0.9228643,1.029841230184066,1.020741179500228,1.0296898406111206,0.9787153189975805,0.9838178833576372,0.9694382353598503,1.00564025588778,0.9831633494139028,0.9837315920437594,0.985097206137182,0.9850639856676741,0.9879664552600431,0.9870223564743754,0.9870329911730493,0.9889545823747292,0.9815360389440598,0.9819153846454604,0.9840423039052464,0.9852433477274258,0.9801972265701433,0.9809511204800817,0.981595733007864,0.9815213911782851,0.9815403949353919
193,0.92738694,1.0312900408225127,1.0220916106226532,1.0310039365242232,0.9787176331810128,0.983822505373867,0.9694598606962348,1.0067830920614738,0.9830797629934225,0.9851308505019672,0.9859315649155783,0.9858860563318308,0.9888429534481329,0.9879005706972612,0.9878799543130061,0.989763399277275,0.9821391927591037,0.9824589984745746,0.9846454577202903,0.9859468752542496,0.9807418798594474,0.9815009424104364,0.9821499743541721,0.9820756325245932,0.9821013921402052
194,0.93190956,1.032738845054035,1.0234420357732077,1.0322737187035471,0.9787215950399479,0.9838304107263346,0.9694860654722464,1.007929661543416,0.9829713349051479,0.9865908843700902,0.986777768850419,0.9867199520725609,0.989730914963008,0.988790632201586,0.9887387132982517,0.9905855301942587,0.9827609367144882,0.9830230681764842,0.9852672016756748,0.9866684854996276,0.9813044796230946,0.9820687107922775,0.9827221621324231,0.9826478203028443,0.9826802011862583
195,0.9364321,1.0341876236578593,1.0247924370362782,1.033498127081553,0.9787276467084108,0.9838424715128247,0.9695172846214156,1.009079912438859,0.9828386690908858,0.9881124095183447,0.9876358535462836,0.9875657181050657,0.9906303506603988,0.9896925385128397,0.9896092911554413,0.9914210148705861,0.9834016447988729,0.983608186062672,0.9859079097600596,0.9874084448095035,0.9818854443338062,0.9826548440297559,0.9833127146881374,0.9832383728585585,0.983277236052843
196,0.94095474,1.0356364342963058,1.0261428681587037,1.0346762405796155,0.9787362300534078,0.9838595529848547,0.9695539533281788,1.0102338539644482,0.9826823948279844,0.9896961730317289,0.9885058920495339,0.9884234362035401,0.9915413118184855,0.990606327683518,0.9904917491452869,0.9922699238620816,0.9840616915419632,0.9842149387325811,0.9865679565031499,0.9881670298623553,0.9824851897808585,0.9832597581178588,0.9839220481921938,0.9838477063626149,0.9838929093183549
197,0.94547737,1.0370852417312901,1.0274932962951935,1.0358071373891646,0.97874778578288,0.9838825104829074,0.9695965031077733,1.0113914215664812,0.9825031811037599,0.9913427712245451,0.9893878942170918,0.989293125510128,0.992463784668973,0.9915319725469383,0.9913860846809991,0.9931322608544273,0.984741376459258,0.9848438375548053,0.9872476414204446,0.9889444406336331,0.9831040603839581,0.9838837973505806,0.9845505068310973,0.9844761650015185,0.9845275615901219
198,0.95,1.0385340491662747,1.0288437244316833,1.0368900084876238,0.9787627538462665,0.9839121889772082,0.9696453644814377,1.0125525812066534,0.9823017227612251,0.9930527848443333,0.9902818847252193,0.9901748194237077,0.9933977721519281,0.9924694627165122,0.9922923104811562,0.9940080389587767,0.9854409822330273,0.9854953714182116,0.987947247194214,0.9897408676850274,0.9837423818180836,0.9845272874143284,0.9851984163010267,0.9851240744714478,0.9851815155801902
