,0
0,0.015310206
1,-45.11258
2,-0.010023369
3,-30.194847
4,14.3816805
5,43.15704
6,-21.369452
7,0.061428443
8,-6.7534685
9,-0.07068522
10,14.380612
11,0.02118799
12,0.011435472
13,-0.028769068
14,16.697487
15,-0.021518297
16,-13.903046
17,25.900955
18,-30.612974
19,-18.010729
20,0.031630084
21,-0.011476397
22,-0.04245791
23,0.007868574
24,-14.210825
25,15.955607
26,0.009682805
27,-17.487854
28,0.039958313
29,13.628425
30,13.833809
31,0.030858427
32,-0.010844289
33,-0.008812516
34,11.225546
35,14.09975
36,-18.401213
37,0.043155804
38,-0.0012477406
39,-0.0021302246
40,0.06977002
41,21.636871
42,-0.007938235
43,23.162502
44,-0.015948355
45,-0.067791484
46,0.0833039
47,-9.548938
48,-41.493256
49,4.641344
50,-7.1229644
51,-14.226502
52,0.058898985
53,-45.247208
54,-16.59496
55,23.845827
56,-4.674119
57,0.04046318
58,-0.017185897
59,-8.340528
60,11.17202
61,0.05356507
62,0.028190434
63,-0.0665129
64,-25.757181
65,-15.8847275
66,-0.035467774
67,-0.013971991
68,-9.955338
69,-11.647729
70,-20.012964
71,-23.587656
72,15.330714
73,4.848951
74,-8.253284
75,0.009883934
76,-11.081368
77,-18.65007
78,-0.03385467
79,-0.025505915
80,-6.7795377
81,4.991417
82,35.883343
83,-26.621778
84,0.010080949
85,-15.818791
86,19.384014
87,-5.041485
88,6.194846
89,-0.02472604
90,0.08045532
91,9.928846
92,-6.8059735
93,-19.965162
94,34.627922
95,-25.762993
96,0.04773654
97,0.02510789
98,43.15814
99,-9.651228
100,-5.1437016
101,-14.236322
102,-0.007191195
103,-22.183834
104,18.4972
105,-0.07327215
106,-0.019558355
107,41.52324
108,-0.065730974
109,-18.677948
110,36.47429
111,35.36895
112,0.021048442
113,-14.581351
114,0.048155457
115,0.008521208
116,-0.02093339
117,16.464636
118,5.8851156
119,-0.02300211
120,-0.008184507
121,24.253567
122,0.027853861
123,-31.82537
124,26.616257
125,-0.027825013
126,-0.0095226085
127,-7.1627226
128,25.796654
129,12.199137
130,-0.05301493
131,-14.220142
132,-0.00042784886
133,-23.904587
134,0.0051225955
135,6.4259887
136,28.755987
137,-6.754505
138,-16.031641
139,-35.498405
140,-8.558588
141,14.919939
142,12.847977
143,26.577389
144,0.011082471
145,-0.026105188
146,7.8440266
147,-15.8889675
148,-0.059063055
149,-14.229419
150,-0.083003126
151,24.842632
152,-9.630024
153,4.959327
154,-0.003915726
155,-23.607513
156,-4.676081
157,-18.633553
158,-18.039867
159,-4.798345
160,6.142527
161,24.871834
162,-20.377424
163,-4.6677
164,0.035775736
165,0.0038009144
166,0.1287531
167,0.06111753
168,10.692014
169,-18.682579
170,-25.781958
171,0.0070353383
172,5.005229
173,-11.110015
174,29.221016
175,-39.85732
176,5.0038786
177,25.666842
178,34.033466
179,0.024245918
180,7.598939
181,-0.021091416
182,4.628546
183,-0.053461306
184,-22.550318
185,-31.827335
186,23.370253
187,0.03204876
188,-0.07359949
189,-0.031252354
190,-0.004736646
191,-0.015127434
192,26.553955
193,24.22646
194,-24.487026
195,-9.989398
196,-5.2180195
197,0.03373985
198,-0.07991441
199,8.786593
200,-0.06831687
201,0.014779688
202,16.686634
203,0.00013140663
204,-23.872797
205,0.029532641
206,14.467241
207,-0.0585428
208,0.0010179959
209,23.749838
210,-32.309784
211,5.158355
212,35.33435
213,6.5222383
214,-23.28231
215,-15.174983
216,-0.007043428
217,-0.034597598
218,-20.651152
219,-23.826042
220,-22.186945
221,-24.786144
222,-0.022876918
223,-19.981213
224,8.832968
225,-18.830853
226,-18.816807
227,-15.097701
228,-41.587307
229,24.868677
230,-5.413234
231,8.827205
232,-0.07678876
233,-0.05436945
234,0.02692622
235,-0.0029398568
236,-0.081689656
237,-0.01724746
238,-0.024898432
239,-25.790773
240,-24.53087
241,0.13542716
242,12.207252
243,-35.491364
244,-9.283912
245,-43.068638
246,0.05955778
247,27.880127
248,22.307926
249,34.628372
250,4.839818
251,0.02043274
252,9.987201
253,6.5250645
254,14.941323
255,-41.476837
256,-23.884007
257,0.04306139
258,-0.020145312
259,-24.844265
260,-0.0019414194
261,13.829204
262,0.052600488
263,-9.376019
264,-0.016960144
265,-0.056219596
266,-0.011074147
267,22.30132
268,0.0312853
269,-13.817588
270,-0.03921117
271,18.682796
272,23.156694
273,-9.043112
274,-0.026901476
275,-7.1752787
276,-5.1497765
277,9.039605
278,9.712292
279,0.010253348
280,0.0055769244
281,0.014825867
282,-0.031026602
283,8.834782
284,-0.021179669
285,-0.013413771
286,31.866983
287,-26.745527
288,0.012108625
289,0.061398685
290,-0.018252067
291,-23.247211
292,-41.489105
293,-0.0068915626
294,-13.990884
295,-39.77504
296,7.5806613
297,-11.111234
298,-23.605618
299,-8.504321
300,9.504148
301,0.02956137
302,-11.651345
303,-36.001587
304,0.04025796
305,-9.944883
306,6.7420506
307,18.367191
308,-4.842806
309,17.94211
310,10.19271
311,-0.001830592
312,0.014226341
313,-26.68813
314,-0.056030784
315,-22.703
316,23.08041
317,-0.030558676
318,-9.043522
319,-0.05506723
320,0.05866708
321,5.0004883
322,0.02004692
323,-0.0019783594
324,-0.06783253
325,-13.823326
326,-6.788055
327,5.2603135
328,6.4580393
329,-0.002813644
330,16.72558
331,23.152504
332,-0.07113262
333,0.034146205
334,6.84333
335,-28.6616
336,-15.912646
337,15.861788
338,29.216661
339,0.063350424
340,0.0061446438
341,-17.815285
342,0.01454983
343,8.987107
344,0.12838368
345,-20.339209
346,5.266955
347,0.017009512
348,0.024923176
349,5.283369
350,-0.0055154925
351,19.911081
352,18.486729
353,-10.30835
354,-45.24758
355,-36.04511
356,27.321001
357,-9.0571575
358,-27.14378
359,-0.038968995
360,17.551971
361,4.640634
362,-0.06914703
363,-13.81941
364,-0.0022862025
365,0.04315169
366,-0.022747628
367,-0.01462873
368,39.738644
369,-44.311234
370,23.345953
371,19.266573
372,-0.019197151
373,-0.045807257
374,-6.4648795
375,-9.01722
376,27.88677
377,0.03754072
378,-0.07196175
379,-35.50377
380,0.040849015
381,0.05294937
382,-0.021165304
383,-35.989567
384,23.151001
385,-0.00047607647
386,-8.490272
387,18.3577
388,14.545985
389,-11.096018
390,27.83754
391,-13.794373
392,7.2645526
393,0.00627599
394,0.027041152
395,-0.022731207
396,-14.224592
397,-26.693842
398,-25.721722
399,0.027730718
400,6.845225
401,0.03453204
402,0.04030311
403,-0.0019239702
404,21.544844
405,13.59227
406,0.024878025
407,-0.019012444
408,0.060657814
409,-24.839783
410,-0.04723155
411,19.42039
412,-23.608704
413,-0.064573474
414,-0.015488639
415,23.243511
416,-19.295135
417,-0.01385296
418,43.109848
419,16.663954
420,-26.663826
421,-12.978035
422,0.011057847
423,-0.009534924
424,-0.023808666
425,-0.0055124154
426,-6.8171177
427,11.667747
428,0.003735245
429,0.00066089706
430,9.753551
431,13.829651
432,-24.169413
433,-44.31678
434,-7.024763
435,-18.859192
436,-18.038633
437,23.79981
438,-0.0062471395
439,4.885785
440,-44.35341
441,-34.45316
442,-0.061142035
443,-36.02693
444,18.495554
445,0.030846119
446,-13.955618
447,0.015256853
448,0.06683113
449,-0.024032362
450,12.8588505
451,4.7558913
452,-13.594007
453,43.17492
454,-27.75824
455,-7.6453924
456,-4.688707
457,10.687577
458,-0.094478555
459,15.141837
460,9.973479
461,-11.083897
462,-0.016352661
463,-18.64026
464,-17.77407
465,-8.243191
466,0.026326954
467,-10.638671
468,-18.651909
469,18.50247
470,-22.965874
471,-0.034100942
472,0.0073965425
473,0.064241126
474,-37.786873
475,-0.0010178827
476,0.0005993329
477,22.350645
478,5.8258142
479,-0.005134537
480,0.036908597
481,-0.02760747
482,-6.1271286
483,25.904013
484,-10.700199
485,-0.03548932
486,-6.1138563
487,19.85626
488,-0.06561605
489,-9.05985
490,-6.470591
491,35.883816
492,30.355408
493,12.8216305
494,-0.032130733
495,4.8179936
496,-12.923544
497,8.795385
498,0.00025864763
499,17.625181
500,12.174156
501,-13.952777
502,0.0090055475
503,-9.050286
504,-10.705802
505,-0.07063802
506,-0.01223985
507,17.575787
508,14.053519
509,-24.783304
510,0.010121995
511,-18.173164
512,-0.034035273
513,35.821903
514,0.048344016
515,6.813125
516,33.93742
517,6.167253
518,0.012137354
519,0.016303524
520,19.021086
521,-34.04789
522,-18.873877
523,24.901964
524,-9.529424
525,0.039259776
526,-36.021576
527,-36.14235
528,-0.00453142
529,-0.073767774
530,0.017518476
531,-0.02225507
532,-6.35562
533,-0.066695556
534,-11.597342
535,-19.343193
536,-37.827877
537,8.811078
538,-0.008542634
539,-0.009998745
540,10.269273
541,-7.1689286
542,-0.021994434
543,-0.01789599
544,-27.773184
545,-32.24021
546,-16.546692
547,-0.032237455
548,-30.661951
549,-20.345007
550,9.559699
551,6.1872363
552,-0.018088907
553,-0.015328563
554,0.025177658
555,-27.114666
556,-0.004887237
557,18.511549
558,-0.044296764
559,-0.03009896
560,0.03309132
561,0.003324785
562,33.284184
563,0.0031934388
564,-0.00043297486
565,6.843259
566,0.0055330554
567,0.014887438
568,-0.0059854677
569,9.695027
570,-6.0943017
571,-0.037064463
572,6.4520802
573,23.853207
574,0.08196171
575,-24.15758
576,-13.996064
577,27.867373
578,0.03041102
579,44.64126
580,0.005668507
581,-14.2288685
582,0.00018476769
583,-22.617287
584,17.332527
585,0.07054989
586,-5.566073
587,0.010598131
588,-10.300489
589,-9.005505
590,-4.80302
591,-0.012990995
592,-29.121334
593,18.495836
594,31.848505
595,-8.46087
596,-39.768867
597,0.0055987323
598,0.0114436755
599,4.8217864
600,35.379948
601,-0.010394833
602,18.370298
603,12.157859
604,-0.063633524
605,-14.943278
606,-17.449987
607,-12.980474
608,-18.059624
609,16.650127
610,-0.023593172
611,-43.003456
612,38.024914
613,17.308878
614,-0.01634445
615,9.237685
616,14.256139
617,-4.7696576
618,19.286165
619,-44.333378
620,-0.07659687
621,-34.02285
622,19.411901
623,-0.018636867
624,0.018138275
625,0.030016989
626,-22.657383
627,0.0019825778
628,-13.827669
629,-4.6697025
630,0.04549542
631,4.7956567
632,-24.919613
633,-0.060374476
634,0.0284203
635,0.1254612
636,0.04109119
637,-8.513212
638,-23.869116
639,-0.013220853
640,-18.62399
641,18.99452
642,-0.0008157335
643,0.009867513
644,-0.02760747
645,-4.7661114
646,-9.059743
647,16.481375
648,14.931313
649,-14.937113
650,24.496851
651,25.862236
652,31.84518
653,-0.045909874
654,-0.05199699
655,-5.809607
656,-4.7997813
657,24.256414
658,0.050113097
659,0.064062566
660,-35.553165
661,30.5438
662,-0.09580742
663,0.02439779
664,-4.8566794
665,-0.055622377
666,0.016541585
667,0.070755124
668,-28.608473
669,-0.0079300245
670,13.696997
671,28.819126
672,0.021627188
673,-0.005916721
674,0.06535347
675,25.74161
676,0.020773426
677,23.163963
678,17.534027
679,-0.015533789
680,-20.657095
681,-5.5532627
682,-0.017879568
683,-0.028736234
684,-0.010466664
685,12.158569
686,0.00027917398
687,0.029208377
688,-0.046919603
689,-13.899688
690,17.64204
691,-0.013495862
692,0.024011955
693,-24.526197
694,-0.066551894
695,-5.7680354
696,0.12555972
697,-8.28278
698,0.042178914
699,3.2895055e-05
700,-9.057022
701,0.02427876
702,9.737333
703,-0.0028403245
704,-5.522708
705,-0.001904472
706,21.500385
707,-36.04227
708,-0.09888895
709,43.21799
710,26.583807
711,-0.05609338
712,14.557084
713,-0.04295867
714,19.866457
715,7.115243
716,-16.57539
717,-0.0017567121
718,-15.211898
719,-20.54359
720,-0.015905261
721,0.002717302
722,0.00620211
723,-0.007022909
724,-16.675034
725,-36.034485
726,-8.558818
727,28.842987
728,-44.35817
729,-25.802279
730,34.58933
731,17.538435
732,5.5589023
733,-12.304469
734,-0.06347242
735,-35.803352
736,-0.05906203
737,-27.208431
738,-0.03984738
739,25.801888
740,43.17518
741,29.134323
742,-0.012888378
743,29.171152
744,13.665826
745,-0.05420937
746,-14.637441
747,-15.179467
748,17.372072
749,10.6862755
750,-32.227272
751,-0.04680262
752,-14.217678
753,-18.66153
754,18.49962
755,-18.001852
756,0.003579267
757,-8.272682
758,-0.02337563
759,-22.208818
760,-0.035812564
761,-9.499863
762,15.401629
763,-0.00014770702
764,-18.665241
765,-19.970999
766,-19.354399
767,0.045905888
768,-33.24338
769,-23.92404
770,-10.314745
771,-44.316948
772,-5.5334907
773,9.975884
774,-0.05037978
775,-0.019127369
776,5.825344
777,22.762142
778,-23.86914
779,0.034573093
780,-36.006187
781,-0.046254657
782,18.680216
783,0.034199566
784,-24.99048
785,8.834593
786,-0.06163869
787,0.015018784
788,-0.06443905
789,-8.504419
790,-20.017447
791,-39.87867
792,-10.274552
793,0.00808894
794,-22.248346
795,-0.0050526997
796,-0.022878975
797,-18.406788
798,-12.962305
799,-0.067389235
800,-0.03054636
801,-45.111027
802,16.685705
803,14.883465
804,-0.011751405
805,-9.316297
806,23.14928
807,0.015047514
808,-44.366547
809,-16.653921
810,-4.62016
811,-34.046642
812,-15.370731
813,-37.81915
814,6.749322
815,23.20935
816,0.02102381
817,-0.041866846
818,0.012568341
819,-0.016348556
820,0.007819318
821,15.824112
822,-0.0050342297
823,-43.00298
824,17.376545
825,18.502445
826,-0.011148027
827,0.014041887
828,-15.832599
829,-0.036699153
830,18.373413
831,0.0020851947
832,0.07713777
833,30.578894
834,-0.043410175
835,-26.696823
836,-0.04106029
837,19.057276
838,22.660809
839,-0.06651085
840,4.8242245
841,17.622152
842,31.907066
843,-35.53748
844,-0.015388078
845,44.387234
846,-0.059348326
847,-31.813623
848,-23.224094
849,-0.021528557
850,-24.908411
851,-9.635203
852,-24.894999
853,0.015538783
854,-25.766733
855,25.865568
856,-13.815593
857,0.020280883
858,-0.0044329083
859,-7.0547943
860,-0.016939618
861,16.474474
862,-0.04675542
863,-35.88881
864,-9.5187435
865,-43.053852
866,20.437134
867,-34.406715
868,9.229854
869,-10.708688
870,35.37559
871,14.549277
872,-18.606833
873,-0.012420452
874,-5.03885
875,39.637997
876,0.02512841
877,-5.535707e-05
878,25.871881
879,27.100124
880,0.0394904
881,30.364037
882,-10.680378
883,0.006107704
884,-0.03992126
885,-0.06935944
886,-30.14167
887,8.7628975
888,0.009399586
889,-0.075971946
890,9.144387
891,-21.562254
892,-35.548782
893,25.708332
894,0.036461204
895,0.031954348
896,5.593808
897,-0.03206096
898,-26.659466
899,41.56606
900,-0.0053523397
901,0.060210407
902,0.047268614
903,0.041259483
904,-28.618717
905,13.901879
906,0.0593587
907,17.593035
908,-5.8187604
909,0.010394954
910,-0.04110749
911,0.0057793343
912,-16.601582
913,0.0040102536
914,6.1891327
915,-23.874128
916,-17.453283
917,27.202717
918,22.657965
919,27.90725
920,-30.647406
921,5.0790954
922,16.440226
923,13.642651
924,0.06495942
925,-0.046225924
926,-0.017243356
927,-0.009801722
928,0.0029553703
929,-0.0588332
930,-11.633097
931,0.004987144
932,-0.0071460446
933,44.396328
934,0.016607255
935,-26.615814
936,-13.819772
937,-14.95175
938,-9.335236
939,-23.594141
940,15.830178
941,0.03015244
942,-0.06891717
943,24.45924
944,4.6574383
945,0.008418591
946,35.38065
947,-0.07463077
948,-17.431028
949,6.188634
950,19.36011
951,-13.583003
952,0.006711074
953,-24.526237
954,-24.896196
955,17.931242
956,16.472496
957,5.15366
958,0.056276157
959,0.07307011
960,0.038915753
961,-11.074472
962,-29.127758
963,11.721182
964,18.50529
965,-0.023166291
966,-17.48493
967,-0.016106382
968,0.007099987
969,-7.048657
970,15.327423
971,17.985308
972,0.035673127
973,18.471382
974,0.06660126
975,0.004757286
976,-0.00088448
977,-0.01833108
978,6.513859
979,0.00013961717
980,-13.852174
981,24.462492
982,-0.025202177
983,-0.047580443
984,-4.684619
985,0.02288729
986,-6.8205714
987,-0.01044204
988,4.5856733
989,13.8952875
990,-0.0019126826
991,0.050055638
992,0.059980556
993,-17.450361
994,-0.0017454245
995,-0.09736511
996,38.064682
997,0.029741973
998,41.540466
999,-4.6246424
1000,-6.0909443
1001,-14.197255
1002,-0.010339423
1003,4.6767054
1004,25.705008
1005,-0.055518735
1006,-0.044314206
1007,0.033165216
1008,0.033050284
1009,-0.006949029
1010,45.34893
1011,-23.519955
1012,0.03786087
1013,15.191386
1014,-11.596701
1015,0.0270904
1016,-0.02648691
1017,-6.8528266
1018,-27.13379
1019,-7.975318
1020,-19.337667
1021,-9.948849
1022,31.925701
1023,24.887537
1024,-43.107605
1025,-25.794956
1026,17.351133
1027,9.256373
1028,-5.389883
1029,-6.0914145
1030,17.597271
1031,0.0034807555
1032,0.06430988
1033,-4.719089
1034,17.400192
1035,9.365978
1036,0.026766136
1037,23.254536
1038,-39.81438
1039,0.039859816
1040,-24.489895
1041,-4.8591666
1042,28.756464
1043,9.230367
1044,-24.155378
1045,-17.166414
1046,0.010466785
1047,9.033441
1048,14.268875
1049,-4.666928
1050,-0.0046299314
1051,-18.41408
1052,-0.008083946
1053,-27.130678
1054,0.03792654
1055,9.328233
1056,-27.154486
1057,23.139364
1058,6.1853175
1059,-15.174176
1060,-11.112703
1061,-4.6732574
1062,-0.07556046
1063,0.035833195
1064,-30.087378
1065,-4.856343
1066,-13.8449
1067,-0.02689737
1068,-43.1007
1069,-0.028141066
1070,9.288598
1071,-36.048405
1072,0.017432287
1073,-0.0002462186
1074,-0.003349296
1075,-5.8578115
1076,0.0074457983
1077,-33.24335
1078,-0.017694868
1079,-0.061946537
1080,17.617702
1081,23.750313
1082,-24.135992
1083,-18.03982
1084,-4.667806
1085,0.07200292
1086,-0.037536494
1087,9.688083
1088,29.178976
1089,20.44852
1090,9.227522
1091,0.062443316
1092,0.046709612
1093,-0.007831513
1094,27.073896
1095,17.302935
1096,0.11927147
1097,-16.039028
1098,-4.6889367
1099,-17.092518
1100,-19.309313
1101,0.04895149
1102,-11.59519
1103,0.008911141
1104,0.017662138
1105,-0.07101359
1106,-22.963312
1107,0.01567962
1108,-19.382595
1109,-9.44111
1110,-34.424297
1111,0.014316895
1112,0.020757005
1113,35.80647
1114,0.003809125
1115,-15.822407
1116,15.405595
1117,-0.06284133
1118,22.70852
1119,-0.043311663
1120,31.858187
1121,-27.16396
1122,-0.03817886
1123,0.011866451
1124,-0.044122316
1125,9.382397
1126,22.704113
1127,0.04113634
1128,5.358935
1129,14.552983
1130,-4.8015423
1131,27.065844
1132,-26.615904
1133,-24.489212
1134,-5.519383
1135,-0.0703035
1136,0.08641416
1137,0.05842696
1138,-22.250912
1139,-0.014074608
1140,-0.0052086776
1141,0.0031688071
1142,7.2651806
1143,-0.004001922
1144,-0.06364584
1145,-0.00957597
1146,0.027972892
1147,9.496694
1148,14.080133
1149,-13.987946
1150,-15.446366
1151,-14.95235
1152,35.83626
1153,-8.278396
1154,19.036142
1155,27.882265
1156,-0.10028554
1157,0.008545832
1158,-12.309267
1159,-0.054275043
1160,-20.408285
1161,-0.0016766705
1162,0.0007142581
1163,-17.765594
1164,-8.455296
1165,-23.83048
1166,-10.708059
1167,-9.351178
1168,-10.638704
1169,0.045465916
1170,27.202242
1171,22.367298
1172,-0.026064143
1173,15.404072
1174,-0.06500651
1175,-0.016106382
1176,-23.905983
1177,-37.76859
1178,-6.4358754
1179,0.02947928
1180,23.783794
1181,15.330748
1182,0.05488059
1183,17.939959
1184,5.8302655
1185,-25.801092
1186,-10.268843
1187,-0.018757954
1188,-13.834991
1189,-0.04842394
1190,0.040836707
1191,9.248521
1192,39.75211
1193,-22.218607
1194,-18.660414
1195,-20.379005
1196,-23.889803
1197,-18.708454
1198,0.02203764
1199,26.527164
1200,4.9962525
1201,33.299637
1202,-0.01556868
1203,24.2654
1204,30.552
1205,-0.027703926
1206,-41.58878
1207,25.706514
1208,0.12319547
1209,-15.9883375
1210,0.028083712
1211,-22.24255
1212,28.82681
1213,-17.755497
1214,0.0023314736
1215,0.00914921
1216,5.618333
1217,-5.801234
1218,-21.611776
1219,0.06804608
1220,-34.478653
1221,0.1280471
1222,7.758926
1223,-4.986541
1224,11.21995
1225,19.381937
1226,-11.603773
1227,-0.033690482
1228,45.29492
1229,19.358213
1230,-0.014772392
1231,-5.1454215
1232,35.832302
1233,-33.368145
1234,-0.007856145
1235,-0.021105789
1236,-17.404255
1237,-8.341771
1238,-9.045635
1239,-25.787848
1240,-24.840712
1241,-37.797638
1242,-23.931597
1243,-30.639864
1244,-6.0835333
1245,-0.009062893
1246,30.310122
1247,20.43739
1248,-13.006975
1249,-0.04342659
1250,27.0692
1251,-36.000206
1252,32.227028
1253,-17.092766
1254,15.176909
1255,-15.447483
1256,0.043086022
1257,-0.015433229
1258,-0.02127818
1259,-18.035538
1260,0.014295095
1261,-0.048454724
1262,0.024151519
1263,-41.49054
1264,18.495209
1265,-0.06790641
1266,0.008180522
1267,18.672987
1268,-0.0028454505
1269,-5.0373554
1270,4.6827555
1271,-12.911626
1272,20.388412
1273,0.018934563
1274,-18.644234
1275,0.02834642
1276,-0.04308591
1277,6.475137
1278,-0.00927633
1279,39.632282
1280,-0.09246012
1281,24.884245
1282,-0.053082656
1283,-0.01503919
1284,-11.676498
1285,0.057392597
1286,-9.280718
1287,44.37717
1288,17.303394
1289,-0.023428991
1290,-9.003978
1291,0.022205934
1292,14.584261
1293,5.2581625
1294,0.047465637
1295,-0.062188707
1296,-0.059007645
1297,0.0024422936
1298,0.083780035
1299,-11.078725
1300,9.031109
1301,-26.618454
1302,-17.800743
1303,0.00792604
1304,-26.66092
1305,0.03209801
1306,26.61578
1307,-6.123962
1308,32.304707
1309,-0.03999515
1310,0.12246485
1311,-0.08763311
1312,0.01779759
1313,-9.009072
1314,-15.870855
1315,0.029848695
1316,-0.07187145
1317,-0.00064025744
1318,12.1951275
1319,-0.06215074
1320,-7.6817985
1321,21.376884
1322,18.429195
1323,0.016315833
1324,41.511166
1325,0.015630364
1326,-0.012149549
1327,-0.00274489
1328,0.006436066
1329,-24.789034
1330,-0.06540466
1331,32.1952
1332,0.05817452
1333,0.0455693
1334,-0.0049559837
1335,-23.56925
1336,-0.021819986
1337,0.026893377
1338,0.027587056
1339,-33.260044
1340,-0.009397416
1341,-21.312222
1342,-39.8786
1343,-26.718466
1344,-0.06172489
1345,-0.0033534013
1346,-15.995508
1347,-25.764446
1348,33.267483
1349,-0.020744585
1350,-45.070168
1351,23.150772
1352,0.0018389157
1353,-0.008135258
1354,-0.012995101
1355,-17.15388
1356,15.19114
1357,0.0075525204
1358,-24.894592
1359,0.018975616
1360,-26.6242
1361,-19.979397
1362,-33.26157
1363,-30.616459
1364,-25.875063
1365,31.845964
1366,15.158318
1367,6.1890426
1368,0.030858427
1369,-0.0030701824
1370,15.912854
1371,-8.525209
1372,-9.037562
1373,19.003075
1374,-41.4945
1375,23.159145
1376,19.05994
1377,-9.337772
1378,0.020662606
1379,4.660287
1380,-24.787851
1381,-32.33345
1382,-14.569994
1383,-21.401539
1384,33.975388
1385,15.185964
1386,0.037729517
1387,-17.169706
1388,-13.8434305
1389,-32.276608
1390,7.8567057
1391,-4.993613
1392,-0.057714697
1393,-0.0262037
1394,-0.06321896
1395,0.0140477875
1396,14.926531
1397,-23.898628
1398,-0.025169335
1399,0.0020277284
1400,-33.254246
1401,26.638805
1402,0.062472045
1403,0.04462935
1404,24.867712
1405,-32.24279
1406,9.200152
1407,-0.0125517985
1408,6.801154
1409,0.06352897
1410,-15.810167
1411,0.023137674
1412,30.29892
1413,-0.00081675424
1414,-0.007757633
1415,19.037996
1416,19.361292
1417,0.058512136
1418,-0.009046472
1419,-24.880444
1420,-39.85958
1421,-0.029335506
1422,27.460188
1423,23.746212
1424,0.012301543
1425,22.643024
1426,-4.8699
1427,0.054974988
1428,-0.007577031
1429,0.015613952
1430,23.29549
1431,24.789528
1432,-0.018653288
1433,-0.06486901
1434,-9.037315
1435,16.692127
1436,-28.670975
1437,33.967995
1438,18.67543
1439,14.921963
1440,-0.013545117
1441,17.598747
1442,18.474583
1443,0.07745382
1444,-9.394621
1445,0.021680549
1446,-0.021094501
1447,-11.112773
1448,0.028018042
1449,-5.8118315
1450,0.01379972
1451,-9.933788
1452,-7.0304766
1453,-0.021549083
1454,-11.680742
1455,0.012576544
1456,23.407907
1457,0.00035305394
1458,-0.07440399
1459,24.887259
1460,0.048820153
1461,18.474209
1462,0.010409319
1463,-0.037417457
1464,-21.370766
1465,-8.22832
1466,25.829334
1467,-36.011547
1468,-0.025579795
1469,0.011919812
1470,-9.956298
1471,-0.01823257
1472,-0.0077863624
1473,4.9946146
1474,0.124533564
1475,-15.174082
1476,0.035874248
1477,23.847723
1478,4.6798167
1479,0.043081924
1480,-0.10019113
1481,27.879631
1482,15.82162
1483,-21.400208
1484,-9.420061
1485,0.0059065754
1486,-6.3666186
1487,-45.097874
1488,0.047506675
1489,23.172369
1490,-21.563627
1491,20.524797
1492,-34.085064
1493,15.906968
1494,0.00043103917
1495,34.031178
1496,-8.232244
1497,-22.252073
1498,8.795156
1499,-31.887403
1500,14.319703
1501,-9.011333
1502,-0.09492493
1503,14.944492
1504,-0.042878628
1505,31.927193
1506,0.016065456
1507,26.530222
1508,23.437239
1509,-0.07161697
1510,-12.2991085
1511,-0.015884735
1512,-0.050806656
1513,28.75492
1514,6.850709
1515,-0.0031317465
1516,-15.998533
1517,0.0070928046
1518,4.77726
1519,41.558376
1520,-23.86648
1521,-41.596104
1522,5.557868
1523,-9.044158
1524,-0.06253965
1525,-4.7161665
1526,0.06784907
1527,0.041616574
1528,33.999348
1529,-0.0570046
1530,-26.691896
1531,18.508663
1532,-15.826762
1533,-0.042096697
1534,19.893433
1535,-18.035612
1536,0.0130526805
1537,-26.616713
1538,17.643534
1539,-0.007708377
1540,-28.529078
1541,-9.71047
1542,35.375114
1543,0.009255924
1544,27.863018
1545,26.589624
1546,6.802456
1547,18.50076
1548,-31.87077
1549,39.63364
1550,23.294949
1551,-6.467765
1552,-0.024843022
1553,0.004342721
1554,14.308961
1555,0.032557726
1556,-0.008566237
1557,-4.6716976
1558,0.04202293
1559,-45.113926
1560,-15.421024
1561,4.79422
1562,0.018905833
1563,10.649831
1564,-0.0017895468
1565,-9.332937
1566,32.193695
1567,0.00832829
1568,22.702713
1569,-8.500398
1570,-0.010630853
1571,0.036842167
1572,20.420637
1573,-32.309853
1574,-5.765495
1575,-9.546278
1576,8.197666
1577,0.015211702
1578,-0.00013128594
1579,9.132558
1580,22.339384
1581,-0.064581685
1582,9.285783
1583,-0.04804016
1584,0.0077331224
1585,14.252059
1586,-0.0010630332
1587,-0.006951078
1588,-23.5522
1589,-0.0064769974
1590,19.280207
1591,-23.923182
1592,9.138444
1593,-14.947579
1594,-15.173524
1595,25.73571
1596,43.219536
1597,25.738466
1598,-36.00211
1599,-9.707383
1600,0.00042796208
1601,0.000779935
1602,-0.06310403
1603,10.656711
1604,-20.605337
1605,-10.6811495
1606,0.010635071
1607,-0.004342607
1608,0.06454897
1609,7.5899706
1610,-0.060329325
1611,0.0073226625
1612,14.928681
1613,-0.014858588
1614,15.905686
1615,8.834154
1616,-9.551457
1617,-0.0075523993
1618,-25.76994
1619,-24.807693
1620,33.27831
1621,-36.140385
1622,14.088508
1623,-0.014431707
1624,-0.018347494
1625,14.230756
1626,4.9979105
1627,-39.834545
1628,9.321382
1629,-4.6743736
1630,-45.246025
1631,-18.686502
1632,25.831804
1633,-0.011304005
1634,0.0018738068
1635,0.0035094924
1636,-6.8484416
1637,23.020327
1638,-0.009586996
1639,-15.440226
1640,4.635618
1641,-0.06810959
1642,6.4496627
1643,-19.338835
1644,-0.016172059
1645,-13.980738
1646,-0.023976952
1647,4.6636443
1648,-18.035427
1649,-12.271374
1650,-9.656408
1651,-0.013922735
1652,0.06484245
1653,14.594908
1654,9.7121105
1655,14.60347
1656,-5.8577127
1657,0.048454836
1658,-0.03835331
1659,45.30695
1660,9.241133
1661,-9.502802
1662,-0.057795763
1663,-16.56926
1664,-14.256845
1665,-0.036612958
1666,-8.03707
1667,-0.021454677
1668,14.247429
1669,41.532093
1670,0.0394042
1671,-35.49538
1672,0.010474996
1673,7.7470064
1674,7.759332
1675,-18.036959
1676,21.486393
1677,18.386772
1678,0.006633089
1679,0.0010785393
1680,14.324335
1681,-0.090093814
1682,34.558113
1683,11.671712
1684,44.37566
1685,-0.02680707
1686,-0.055588514
1687,8.864043
1688,-9.204123
1689,-14.251485
1690,-4.6874347
1691,0.020514846
1692,-0.017235152
1693,0.024976537
1694,23.777843
1695,-0.07901448
1696,17.934393
1697,-0.008553921
1698,-0.0017156668
1699,-0.08906972
1700,17.502079
1701,0.03836164
1702,7.588727
1703,45.30663
1704,-27.141342
1705,11.247747
1706,-21.476812
1707,-0.017616875
1708,-8.229047
1709,0.02359739
1710,0.03107597
1711,-0.056372494
1712,9.923486
1713,-0.021540873
1714,-0.0043877577
1715,4.5878654
1716,-35.537106
1717,-20.605583
1718,-0.070390716
1719,0.034150317
1720,-29.12713
1721,25.86027
1722,-7.622922
1723,0.010959336
1724,-21.479015
1725,4.783901
1726,-0.07004901
1727,-0.0023641877
1728,-9.054416
1729,-0.01546812
1730,-23.907473
1731,0.028174013
1732,-0.045396797
1733,-0.042418912
1734,-0.020802043
1735,0.028042674
1736,-16.61942
1737,-0.014753922
1738,-0.0042440956
1739,-0.0645468
1740,15.2600765
1741,16.43693
1742,-27.279818
1743,-9.42855
1744,-7.0291476
1745,4.996511
1746,-7.5626807
1747,-0.01503919
1748,-0.0031235435
1749,18.361067
1750,15.99808
1751,14.551789
1752,9.555709
1753,-0.02394206
1754,35.34309
1755,0.06462285
1756,0.030595735
1757,24.231886
1758,-4.8721905
1759,-0.06046067
1760,0.0012232296
1761,-5.8199463
1762,8.758415
1763,24.85822
1764,0.033230886
1765,11.659517
1766,-41.475803
1767,-24.531593
1768,-0.0016910352
1769,24.491491
1770,15.904788
1771,-23.516638
1772,-32.302055
1773,-45.124413
1774,-36.03858
1775,29.21645
1776,0.00451512
1777,-35.531677
1778,-0.0067889458
1779,14.307997
1780,0.07803771
1781,16.43734
1782,-18.644587
1783,25.879274
1784,-0.015219792
1785,8.794872
1786,35.82134
1787,0.030525953
1788,-0.030899353
1789,0.006300614
1790,0.030924097
1791,19.303263
1792,0.017711401
1793,-14.246077
1794,0.031650618
1795,-0.068518
1796,23.168215
1797,20.526283
1798,-0.014410927
1799,-0.022238657
1800,14.464658
1801,17.589518
1802,-0.06552575
1803,-6.0949626
1804,25.65683
1805,-0.06315329
1806,24.88773
1807,-22.964355
1808,5.877255
1809,26.63836
1810,-5.2167716
1811,-0.00020311699
1812,10.652351
1813,39.651695
1814,-39.837395
1815,-18.043116
1816,-0.028161593
1817,-0.03958469
1818,-0.00032009857
1819,0.0059845606
1820,-18.02947
1821,43.14952
1822,-0.015322409
1823,0.13058375
1824,12.826731
1825,-9.953408
1826,33.318016
1827,39.743637
1828,45.33178
1829,0.035229817
1830,-6.4172025
1831,-0.0034642213
1832,-0.0038090118
1833,12.820594
1834,32.29606
1835,16.003891
1836,35.88752
1837,-5.529501
1838,-6.7867427
1839,26.64165
1840,41.505325
1841,-0.011521547
1842,-0.034027062
1843,-41.487762
1844,26.586401
1845,-5.0079255
1846,-11.650647
1847,-0.06469456
1848,-9.069048
1849,-0.040183954
1850,0.036747754
1851,-0.028297044
1852,-0.07067291
1853,18.46178
1854,-7.1825314
1855,11.668863
1856,-21.556208
1857,0.02087605
1858,0.04700592
1859,-24.879257
1860,23.165182
1861,21.376637
1862,-9.039286
1863,-0.0007264532
1864,24.465523
1865,17.629204
1866,-0.026294
1867,-0.024318658
1868,-0.0009275816
1869,-0.04554251
1870,4.571324
1871,-23.93149
1872,-12.904983
1873,21.547466
1874,-12.262901
1875,29.165346
1876,-13.542943
1877,9.216209
1878,43.179607
1879,7.1280665
1880,-34.48141
1881,-15.444396
1882,-14.314503
1883,-0.011808871
1884,0.010782839
1885,-24.897642
1886,0.045372292
1887,23.08064
1888,0.039055303
1889,0.0068547362
1890,-17.479382
1891,-0.059758786
1892,14.585225
1893,-11.125062
1894,-22.22726
1895,-25.722822
1896,-0.018987812
1897,0.035246238
1898,9.923575
1899,-0.06605934
1900,0.04076615
1901,-15.490129
1902,24.868107
1903,7.6615834
1904,6.1879463
1905,-39.88109
1906,-24.9208
1907,-7.565597
1908,-0.000574588
1909,-5.143164
1910,21.55192
1911,-30.612906
1912,0.029109865
1913,0.051455304
1914,9.697231
1915,-23.276146
1916,-20.610508
1917,23.301382
1918,-28.679352
1919,45.30794
1920,-24.792633
1921,-35.536846
1922,0.01593411
1923,7.2451177
1924,0.033990234
1925,-0.06893051
1926,25.799398
1927,25.938667
1928,-0.07258155
1929,-15.445586
1930,-0.054045185
1931,-13.941464
1932,0.020219311
1933,-0.051676832
1934,4.5852466
1935,-6.444148
1936,-0.0056724986
1937,-0.02809181
1938,36.47498
1939,-0.066104494
1940,0.018257305
1941,-43.03657
1942,43.110817
1943,-27.105135
1944,21.543447
1945,24.502584
1946,9.970955
1947,0.0039897272
1948,36.462975
1949,0.042584494
1950,-14.173539
1951,-23.220844
1952,-0.052830223
1953,-24.154263
1954,-0.008951045
1955,-35.506798
1956,31.852634
1957,4.627245
1958,-16.548412
1959,-0.019767687
1960,31.860811
1961,-33.26722
1962,10.26693
1963,15.449883
1964,0.034971237
1965,-6.8501625
1966,0.014070624
1967,0.0444939
1968,21.496462
1969,0.053179234
1970,22.34079
1971,6.7806463
1972,0.02266565
1973,-0.06284133
1974,-5.853789
1975,-14.240029
1976,30.298954
1977,-0.050010365
1978,-0.05595998
1979,6.849396
1980,0.033263728
1981,-0.056150842
1982,-4.693608
1983,-0.05977931
1984,0.029980049
1985,-0.0777123
1986,0.026597857
1987,-0.031096376
1988,-24.893492
1989,44.349274
1990,0.005196483
1991,-13.5912285
1992,-0.04509306
1993,-0.022423364
1994,14.592704
1995,8.800496
1996,0.01585202
1997,-23.874952
1998,-8.232338
1999,4.596132
2000,25.796833
2001,21.283117
2002,0.0015105538
2003,0.021019712
2004,-43.064037
2005,4.590714
2006,14.591637
2007,-0.04670206
2008,0.0059229964
2009,0.039174348
2010,8.825768
2011,18.470482
2012,15.336317
2013,0.004268841
2014,-0.042851947
2015,-10.315118
2016,-30.083412
2017,-0.024063148
2018,0.038287744
2019,-16.560467
2020,7.176588
2021,-9.028286
2022,-18.39414
2023,-0.0014201321
2024,-41.518612
2025,0.011497037
2026,-0.047135096
2027,-39.857765
2028,0.008886517
2029,30.296408
2030,0.018191636
2031,0.0050487155
2032,0.08790515
2033,14.257177
2034,0.0028968758
2035,0.048331708
2036,22.332342
2037,-0.0179514
2038,11.172114
2039,-0.045610234
2040,0.009654076
2041,0.0022575862
2042,17.59595
2043,26.64319
2044,0.029540852
2045,-17.39886
2046,-34.487545
2047,19.37248
2048,33.99655
2049,-0.054677293
2050,-0.06701161
2051,-0.0056560775
2052,-0.07509048
2053,-13.537518
2054,41.540714
2055,-0.07067701
2056,-24.152292
2057,0.02778408
2058,-0.072569236
2059,-0.011472291
2060,-24.165316
2061,11.659925
2062,-13.785096
2063,-0.06321896
2064,-25.765842
2065,-34.020954
2066,-6.134506
2067,27.22008
2068,-0.006238929
2069,-17.444813
2070,-22.657722
2071,14.378802
2072,25.892302
2073,14.100004
2074,14.379242
2075,-7.032372
2076,-0.06726609
2077,-0.027707003
2078,-0.06228619
2079,0.004309886
2080,9.04421
2081,14.30541
2082,-0.006152733
2083,-25.827091
2084,-0.007421053
2085,22.763653
2086,11.720302
2087,-9.364034
2088,-4.6146765
2089,-39.872463
2090,-14.166864
2091,-15.917472
2092,-8.257011
2093,-37.783504
2094,-11.5958185
2095,-0.005984447
2096,4.7105355
2097,30.583658
2098,0.04522042
2099,0.032171905
2100,-26.69501
2101,-14.561247
2102,-0.025629051
2103,0.046558514
2104,13.91329
2105,-37.767036
2106,9.242861
2107,-18.697502
2108,-0.09770272
2109,0.057798952
2110,44.64298
2111,6.844765
2112,-0.023129351
2113,-20.37462
2114,-9.546097
2115,-4.855719
2116,0.028789714
2117,0.12913892
2118,30.293207
2119,-26.615822
2120,0.080863714
2121,-0.046636384
2122,5.795945
2123,0.0075935656
2124,24.2014
2125,27.875193
2126,-0.060838293
2127,0.013545231
2128,-22.210485
2129,22.698114
2130,-6.7540965
2131,7.175806
2132,-0.065127596
2133,-0.016711816
2134,0.0030415661
2135,-24.838453
2136,-0.0022287362
2137,27.461288
2138,-24.163248
2139,-0.00036524909
2140,6.7770977
2141,0.05888462
2142,0.0051882723
2143,-24.196495
2144,0.0062472606
2145,0.009662286
2146,0.03100209
2147,-0.020313598
2148,-0.07243789
2149,-0.05714621
2150,23.144827
2151,0.031375602
2152,-13.896996
2153,0.020449162
2154,32.215652
2155,-22.963575
2156,0.004679301
2157,0.003846065
2158,-0.04890007
2159,0.018938676
2160,-18.04238
2161,4.8302746
2162,0.0014284558
2163,-20.58102
2164,14.082622
2165,23.264498
2166,-0.033210248
2167,-0.012280895
2168,19.423735
2169,-43.00742
2170,16.693565
2171,9.249933
2172,0.13565703
2173,0.012317956
2174,13.697244
2175,-31.881977
2176,-0.008742734
2177,-0.00464224
2178,43.10726
2179,25.744606
2180,16.47566
2181,-30.62056
2182,13.895755
2183,0.009448842
2184,18.494104
2185,44.35363
2186,17.633665
2187,-0.037355892
2188,14.248767
2189,-6.471492
2190,26.613005
2191,0.011648909
2192,-27.785423
2193,-0.050281268
2194,9.690771
2195,0.039798245
2196,-0.065475464
2197,12.9088335
2198,0.030333042
2199,13.651758
2200,41.515522
2201,0.02689749
2202,7.7822156
2203,-0.050080143
2204,-31.87518
2205,13.648134
2206,45.313206
2207,14.593085
2208,-4.694823
2209,-15.884975
2210,19.89742
2211,-0.07516745
2212,9.331783
2213,0.008767479
2214,-0.03080085
2215,-0.053182192
2216,-15.097958
2217,0.030887157
2218,-0.024773248
2219,0.1341137
2220,33.19526
2221,-9.638397
2222,-0.016730286
2223,-0.027102605
2224,17.58689
2225,-0.0038008012
2226,-9.709279
2227,19.017124
2228,15.207396
2229,0.0336906
2230,35.94906
2231,-27.212603
2232,0.012978801
2233,-8.096638
2234,-0.019669175
2235,-16.577204
2236,30.343782
2237,0.031646505
2238,0.03105545
2239,20.448755
2240,-35.99976
2241,-9.06489
2242,0.122095436
2243,-25.772823
2244,-35.939465
2245,-4.624938
2246,9.032422
2247,0.035693645
2248,0.03701943
2249,-0.06687205
2250,-19.292217
2251,-9.9311285
2252,-18.640104
2253,-0.0036435418
2254,8.99874
2255,-23.91654
2256,-27.142681
2257,-0.057480734
2258,-0.06366431
2259,0.008685389
2260,-36.036705
2261,-4.9906783
2262,0.053310573
2263,16.696604
2264,22.339394
2265,-0.010622642
2266,0.027779981
2267,34.556602
2268,-0.042482533
2269,22.36696
2270,-14.307232
2271,-0.043878093
2272,-9.941908
2273,43.11262
2274,34.596222
2275,18.23087
2276,4.499173
2277,-6.133072
2278,0.05537519
2279,-32.296772
2280,18.993618
2281,-0.06547649
2282,-0.050071936
2283,-34.41336
2284,13.6533165
2285,-0.035381578
2286,-5.5344224
2287,41.531994
2288,-13.536274
2289,-0.004173293
2290,5.581946
2291,-19.969944
2292,-0.04914019
2293,-0.0588763
2294,-20.014935
2295,-0.003423176
2296,-24.221577
2297,-0.008488252
2298,14.58419
2299,41.517403
2300,-0.064971626
2301,-45.106873
2302,-0.014021247
2303,-0.03802494
2304,-4.6936407
2305,0.046895087
2306,5.3518624
2307,18.388107
2308,-4.686942
2309,-20.54162
2310,-0.06931839
2311,0.034162626
2312,10.693011
2313,-5.1449165
2314,45.348053
2315,-0.0015432679
2316,5.0071297
2317,0.018503591
2318,0.089351
2319,-9.412008
2320,24.462461
2321,-0.057148263
2322,44.384747
2323,0.035016388
2324,-14.621067
2325,-0.01757583
2326,0.0095966095
2327,-18.698307
2328,-25.838087
2329,-19.292555
2330,39.732437
2331,-0.046357274
2332,-34.06593
2333,0.017838642
2334,-0.0019085773
2335,-0.0026227825
2336,0.0063580805
2337,-0.030451953
2338,-0.0020358257
2339,0.04206398
2340,-0.03174901
2341,-23.910301
2342,-17.805326
2343,43.18028
2344,-13.643834
2345,8.2319145
2346,38.027546
2347,-27.817202
2348,-26.697857
2349,-0.0656694
2350,-0.019242302
2351,-0.01633624
2352,-16.062708
2353,-0.0200468
2354,-14.232998
2355,0.021664128
2356,0.031773746
2357,-24.488745
2358,-13.609885
2359,34.553288
2360,-0.0026966624
2361,24.887669
2362,-0.044068962
2363,0.009206676
2364,-30.609682
2365,-0.024385363
2366,4.8743253
2367,11.660553
2368,-4.8552427
2369,-44.356678
2370,-0.07618847
2371,-0.0029839866
2372,-0.0171469
2373,6.1957474
2374,-0.0035298981
2375,24.200285
2376,-0.09181467
2377,0.046193212
2378,0.01576864
2379,35.323807
2380,11.217661
2381,-9.038482
2382,-0.0059598153
2383,5.0042152
2384,-18.038929
2385,-0.0119237965
2386,23.346918
2387,-37.827908
2388,-14.580013
2389,-4.6850867
2390,0.016783759
2391,-4.6818604
2392,-27.203205
2393,-18.63196
2394,0.039794132
2395,-0.068238884
2396,0.024180248
2397,6.818226
2398,0.03869821
2399,5.8686724
2400,16.687517
2401,-43.110798
2402,-0.0050157597
2403,-0.06232416
2404,-17.443317
2405,-0.009127288
2406,-8.341841
2407,-0.052735817
2408,-4.674743
2409,0.061232448
2410,0.019184947
2411,-15.934721
2412,-0.011368654
2413,-4.99569
2414,-15.098738
2415,0.033969715
2416,44.637268
2417,14.249244
2418,0.009851092
2419,24.283665
2420,-0.023609594
2421,-0.0061024493
2422,-20.383139
2423,0.026688159
2424,23.215078
2425,41.509808
2426,8.204032
2427,-0.012685201
2428,-5.1077003
2429,0.017079294
2430,-0.026692145
2431,20.524559
2432,-22.981276
2433,27.077007
2434,-15.178124
2435,-0.0660183
2436,-43.108383
2437,0.023388058
2438,-0.0016582005
2439,17.54875
2440,0.008184628
2441,-18.608229
2442,0.066059455
2443,0.00788089
2444,0.00090307073
2445,-0.054260675
2446,14.319235
2447,28.83816
2448,33.311344
2449,-0.008880242
2450,-0.064946994
2451,-31.824043
2452,-0.008998244
2453,-18.392416
2454,-20.58501
2455,-0.07219982
2456,-25.775936
2457,0.01132875
2458,16.493671
2459,-0.014903738
2460,0.022497356
2461,14.095649
2462,-9.060096
2463,0.0018389157
2464,24.46671
2465,-0.023353055
2466,0.03361672
2467,25.906902
2468,-18.69458
2469,0.060241193
2470,-7.632974
2471,0.0034191913
2472,-9.058602
2473,5.007154
2474,21.492353
2475,14.334008
2476,-34.016964
2477,-45.11674
2478,0.010360063
2479,4.8453016
2480,-15.155654
2481,-28.675428
2482,-0.03265202
2483,-19.96564
2484,-0.042408653
2485,17.589949
2486,-4.6318665
2487,0.0664535
2488,-0.020018063
2489,13.905175
2490,0.021487623
2491,22.36689
2492,31.923035
2493,-24.190681
2494,32.24993
2495,-19.28373
2496,0.0051225955
2497,-0.008244797
2498,0.0037680797
2499,0.040627375
2500,43.183037
2501,-4.6858253
2502,-0.052867167
2503,-0.07183554
2504,-0.026039511
2505,-18.871218
2506,-35.940178
2507,27.84978
2508,-39.762424
2509,-34.085793
2510,20.455942
2511,23.793806
2512,-0.06789307
2513,14.935327
2514,0.059147313
2515,-24.903585
2516,35.816643
2517,16.722948
2518,0.11917296
2519,0.03694555
2520,-36.139057
2521,30.588219
2522,-27.823156
2523,0.045397162
2524,-0.071859136
2525,5.283459
2526,-4.630988
2527,19.025946
2528,12.201771
2529,11.209503
2530,0.0049419934
2531,15.374556
2532,23.773668
2533,-23.933907
2534,-19.37724
2535,-0.029212363
2536,6.444284
2537,0.019230098
2538,-0.067126535
2539,-18.644709
2540,-0.006612449
2541,0.018602103
2542,7.5490108
2543,-17.483831
2544,-0.038923845
2545,-35.997543
2546,5.145171
2547,-0.033177406
2548,8.793842
2549,28.71095
2550,0.015564696
2551,-0.0010260933
2552,-43.046528
2553,-27.034172
2554,23.36371
2555,8.803899
2556,-0.013290628
2557,17.578108
2558,-0.042511262
2559,8.815466
2560,4.78826
2561,5.2866607
2562,-37.81626
2563,-0.056579776
2564,-22.25117
2565,0.008869835
2566,25.829046
2567,-0.0621805
2568,0.08375028
2569,0.03701122
2570,-27.221941
2571,-44.331093
2572,-0.06770118
2573,-0.004587858
2574,25.735544
2575,-0.06934713
2576,17.623877
2577,-15.217075
2578,25.829113
2579,38.089996
2580,0.010323123
2581,-0.015493772
2582,10.690389
2583,23.289398
2584,-0.030776218
2585,-44.37241
2586,17.969528
2587,4.6742673
2588,22.344688
2589,0.008110748
2590,30.310598
2591,-0.017854944
2592,35.824726
2593,-0.07515513
2594,-0.0036981844
2595,35.826286
2596,-0.046786204
2597,-17.775385
2598,16.690807
2599,9.51878
2600,0.027517289
2601,25.769928
2602,-18.60157
2603,12.855741
2604,30.332916
2605,-21.353916
2606,-22.604387
2607,-0.005110166
2608,0.0053031975
2609,-13.636445
2610,-0.008906922
2611,0.027102724
2612,-9.377825
2613,0.0046218345
2614,31.917328
2615,-0.0008824311
2616,38.060436
2617,0.03344433
2618,7.663127
2619,-0.062311847
2620,-0.018427536
2621,-21.566547
2622,0.016324043
2623,17.371927
2624,-9.944432
2625,0.02685234
2626,-0.008356906
2627,-10.67679
2628,27.070982
2629,9.97577
2630,-0.031281084
2631,16.484148
2632,-0.052366406
2633,-0.07269237
2634,0.05914013
2635,-13.541758
2636,-0.025854804
2637,23.136677
2638,-9.321206
2639,-0.063969076
2640,15.1378765
2641,-0.07177294
2642,12.17122
2643,24.271606
2644,-8.098604
2645,-30.65466
2646,9.1915
2647,-6.7856755
2648,27.216265
2649,-14.249942
2650,-20.008728
2651,-0.04349637
2652,23.150352
2653,-0.06085061
2654,-45.12133
2655,-0.029056393
2656,-0.020069376
2657,35.38143
2658,-12.272088
2659,0.0650723
2660,-5.1743135
2661,-31.82401
2662,-14.20017
2663,-0.06505782
2664,5.882357
2665,-24.201715
2666,-0.07047589
2667,44.641502
2668,17.979422
2669,14.082958
2670,-0.0019701489
2671,-27.223728
2672,0.00922309
2673,-13.0164995
2674,-5.522642
2675,-30.611032
2676,5.3071837
2677,41.560345
2678,0.025645584
2679,-0.013446606
2680,-10.303182
2681,11.63626
2682,-25.793713
2683,16.490314
2684,-7.622514
2685,0.02928637
2686,10.242031
2687,19.898916
2688,-0.004506788
2689,19.33615
2690,0.027767658
2691,-27.783178
2692,4.8386316
2693,45.35498
2694,0.06071733
2695,0.03456898
2696,13.628895
2697,13.897077
2698,-24.527594
2699,-23.517754
2700,-9.050315
2701,-45.12151
2702,18.681475
2703,-0.012695461
2704,-0.06030675
2705,9.338199
2706,-9.201611
2707,19.432222
2708,-25.801163
2709,-0.060222607
2710,-39.82439
2711,-13.996844
2712,-27.77187
2713,15.908515
2714,23.785946
2715,7.80516
2716,0.023396268
2717,-35.949883
2718,5.150975
2719,0.0049214745
2720,0.00881263
2721,-17.404882
2722,-0.007914632
2723,-0.011993579
2724,-16.039501
2725,0.015597531
2726,-0.001186169
2727,-39.82569
2728,14.919077
2729,8.248231
2730,-11.659904
2731,-0.010589807
2732,-0.010339423
2733,0.001806081
2734,-21.491844
2735,44.403233
2736,4.7930336
2737,-24.147404
2738,-0.045500435
2739,26.680542
2740,-22.990099
2741,11.720843
2742,-37.816708
2743,27.901363
2744,0.0147355655
2745,0.0140172625
2746,14.559153
2747,-17.204119
2748,0.016266577
2749,-12.2668915
2750,39.683296
2751,-37.81188
2752,23.017387
2753,0.025497824
2754,-0.019624025
2755,11.723622
2756,27.321709
2757,0.018310666
2758,-0.07374828
2759,15.383381
2760,8.848881
2761,-9.939626
2762,44.63231
2763,14.924421
2764,-44.337734
2765,0.021401435
2766,14.882661
2767,-0.004917248
2768,24.883942
2769,15.822926
2770,7.555654
2771,-18.650381
2772,-0.101091065
2773,0.013175816
2774,0.025407523
2775,32.218166
2776,-5.740598e-05
2777,-10.675575
2778,-0.005861304
2779,-0.015238262
2780,-0.036935166
2781,-39.76525
2782,-0.010343528
2783,16.000631
2784,0.035942227
2785,0.037458614
2786,41.51999
2787,-0.036705308
2788,-9.950568
2789,-23.928484
2790,11.683907
2791,-0.04065188
2792,20.527737
2793,0.0064319605
2794,15.908889
2795,-0.035217397
2796,-0.021881558
2797,6.168698
2798,-0.00883714
2799,-21.621822
2800,4.5987015
2801,-23.915852
2802,-22.247972
2803,28.693289
2804,-13.960034
2805,-27.783224
2806,-22.99129
2807,9.006424
2808,0.0067685405
2809,-20.605402
2810,-5.01171
2811,17.366207
2812,-0.026417136
2813,0.014251226
2814,26.528925
2815,15.184068
2816,-35.55326
2817,-14.168113
2818,15.847669
2819,-0.02251777
2820,45.30113
2821,-19.380083
2822,-26.69574
2823,0.04879141
2824,-23.507738
2825,-0.04190789
2826,-0.08810514
2827,-0.024824552
2828,-4.654138
2829,21.553234
2830,-8.342017
2831,-25.760092
2832,-21.307838
2833,-25.80358
2834,0.05803497
2835,17.623646
2836,-18.639341
2837,-0.022846133
2838,39.753605
2839,0.05127059
2840,-18.601093
2841,-0.028826535
2842,0.03349358
2843,-45.105427
2844,0.010331334
2845,-34.073204
2846,0.08666146
2847,-0.017871365
2848,24.870934
2849,0.054037094
2850,9.757208
2851,0.013430306
2852,31.859373
2853,24.497328
2854,-0.06025544
2855,-13.825731
2856,-13.645269
2857,0.0462794
2858,7.7881017
2859,4.561801
2860,38.02166
2861,0.0060748616
2862,0.010424712
2863,0.036736205
2864,0.014949002
2865,-0.020399794
2866,0.0077002877
2867,0.044247627
2868,0.0063909153
2869,-0.0006074227
2870,30.55047
2871,25.932528
2872,-0.04172729
2873,8.233101
2874,10.270976
2875,0.12272754
2876,10.192082
2877,0.035045117
2878,-0.021536767
2879,-0.0062409854
2880,-0.036908485
2881,-0.09165562
2882,-36.001354
2883,23.440125
2884,-29.12532
2885,11.180738
2886,8.222076
2887,0.0045879716
2888,8.797384
2889,-13.637661
2890,28.758276
2891,15.807488
2892,28.755394
2893,0.008606375
2894,-0.053893317
2895,-16.620457
2896,-5.1537127
2897,17.590345
2898,-22.769453
2899,9.737367
2900,-0.06374435
2901,-9.686675
2902,-32.22283
2903,-5.3252726
2904,-30.64607
2905,-36.006012
2906,-0.0070516383
2907,-20.585947
2908,-30.650694
2909,-0.010056979
2910,-31.807417
2911,0.029310986
2912,0.044342026
2913,-0.018581457
2914,-20.343449
2915,-24.487835
2916,0.049825773
2917,5.3563733
2918,29.16136
2919,14.378174
2920,36.47153
2921,0.03289841
2922,9.329496
2923,0.08052611
2924,19.248316
2925,26.564651
2926,5.623037
2927,5.156623
2928,-0.043348603
2929,16.698204
2930,18.492796
2931,4.823256
2932,0.06651917
2933,0.034215987
2934,12.850474
2935,0.1250097
2936,-9.354166
2937,-15.910859
2938,14.920636
2939,-0.06644107
2940,-31.888113
2941,0.00015192553
2942,-0.0005499564
2943,19.360231
2944,0.003718824
2945,-0.08629501
2946,30.365276
2947,33.262875
2948,-0.025335573
2949,-35.50943
2950,0.066999406
2951,17.956337
2952,0.04290542
2953,0.023601502
2954,9.962011
2955,15.4113245
2956,6.8120885
2957,0.06095232
2958,-29.147432
2959,-0.012798077
2960,-0.040171646
2961,-0.06318817
2962,-23.92534
2963,-0.013093612
2964,0.04397261
2965,-44.36196
2966,-15.892048
2967,-23.510677
2968,0.002306842
2969,0.020724177
2970,35.8809
2971,-0.0050280755
2972,33.981293
2973,-0.03812345
2974,-0.025924586
2975,-21.500467
2976,-17.812366
2977,-0.061733097
2978,-0.070172146
2979,24.879452
2980,5.153512
2981,15.959399
2982,-13.942089
2983,16.473764
2984,-0.073755465
2985,9.528627
2986,0.03376858
2987,-0.058359116
2988,0.047186524
2989,-36.03013
2990,23.163734
2991,10.276879
2992,-15.829679
2993,0.044071123
2994,36.469265
2995,-0.014361932
2996,32.192577
2997,-14.935844
2998,0.058486477
2999,-0.007474414
3000,0.07866879
3001,0.05293706
3002,0.004794226
3003,17.595379
3004,0.00053365604
3005,-0.003579154
3006,21.6106
3007,-16.625755
3008,35.331463
3009,-9.002209
3010,0.06555356
3011,-0.0158047
3012,4.7193604
3013,28.752853
3014,0.03174913
3015,-0.0079669645
3016,-0.012646205
3017,23.012213
3018,-6.0900373
3019,-9.318456
3020,-17.40861
3021,18.394066
3022,0.012765356
3023,18.364342
3024,-0.018183313
3025,-0.023781985
3026,-0.018125847
3027,18.683762
3028,0.023864195
3029,19.353819
3030,-0.0043343967
3031,19.906645
3032,-0.043976605
3033,14.383902
3034,24.841156
3035,-8.344681
3036,-34.3854
3037,-0.009834557
3038,-0.010312489
3039,-0.0023272478
3040,0.03265214
3041,36.46736
3042,0.06735651
3043,0.020161837
3044,20.520569
3045,-27.16792
3046,-27.21789
3047,-24.888863
3048,0.035016388
3049,-0.055428434
3050,-0.013241372
3051,-18.607735
3052,0.04004067
3053,0.007022002
3054,8.787776
3055,-0.043873988
3056,22.342688
3057,-19.967064
3058,0.073447734
3059,-9.319852
3060,5.565314
3061,36.47764
3062,-35.892097
3063,-7.9817314
3064,0.020071536
3065,0.038456038
3066,-10.6481285
3067,0.005771124
3068,-0.02334895
3069,-5.8064094
3070,-23.915325
3071,30.298477
3072,-5.761366
3073,-0.043837048
3074,-34.065594
3075,-18.052982
3076,0.0110250125
3077,4.630697
3078,-0.03374795
3079,-0.0615761
3080,-0.024069302
3081,0.046533883
3082,-0.04947677
3083,0.062135458
3084,0.024717942
3085,-19.353302
3086,-39.770412
3087,41.50935
3088,-8.513458
3089,24.27555
3090,-0.022419259
3091,18.427832
3092,23.792723
3093,7.7910404
3094,-16.6317
3095,-12.317834
3096,0.0063950205
3097,-0.004966504
3098,38.140705
3099,10.306761
3100,-27.14287
3101,-27.155823
3102,0.009087638
3103,21.374004
3104,9.243973
3105,11.243115
3106,15.156593
3107,0.058732748
3108,9.361373
3109,0.0652878
3110,0.0008825444
3111,33.99975
3112,-12.980884
3113,-23.27567
3114,35.9699
3115,5.353049
3116,-31.88489
3117,6.418667
3118,6.7383246
3119,16.725761
3120,-18.646515
3121,0.014021368
3122,-0.036042415
3123,-23.922592
3124,-18.69169
3125,-0.024795823
3126,0.042554736
3127,-17.163898
3128,0.013376945
3129,0.00062806235
3130,5.1528716
3131,-15.09833
3132,-21.498049
3133,-13.815421
3134,13.648364
3135,9.245011
3136,0.07309474
3137,-0.0066391295
3138,0.030632675
3139,-0.0134055605
3140,26.52434
3141,16.47473
3142,-34.021885
3143,-15.419834
3144,-0.016434751
3145,-0.061320584
3146,-0.03296397
3147,-0.0034478002
3148,25.857758
3149,13.911845
3150,-0.009327642
3151,9.141095
3152,14.074568
3153,-13.907011
3154,27.842329
3155,19.287657
3156,4.501611
3157,-0.022917964
3158,0.004461759
3159,-0.0058736196
3160,-4.6245437
3161,-15.437468
3162,-8.567385
3163,0.006206208
3164,0.067397565
3165,23.343367
3166,7.788352
3167,0.017781183
3168,-0.019373648
3169,16.462484
3170,19.899326
3171,27.055016
3172,-9.3372965
3173,25.933569
3174,-23.561977
3175,15.326306
3176,-7.175457
3177,-16.597227
3178,-13.820839
3179,7.57606
3180,25.809265
3181,35.378407
3182,6.524727
3183,-24.840973
3184,14.929153
3185,-0.040647775
3186,-25.818848
3187,9.705039
3188,-25.833735
3189,-0.007854088
3190,0.070180476
3191,4.743241
3192,-0.034999847
3193,0.026622474
3194,-0.048114043
3195,18.728428
3196,0.0074334824
3197,-11.6421795
3198,-8.229756
3199,-0.026010782
3200,16.69783
3201,-24.483011
3202,0.0147725055
3203,0.014953108
3204,0.037639216
3205,-0.052702982
3206,-35.537815
3207,27.056313
3208,0.04388231
3209,-9.040226
3210,4.827336
3211,-9.430963
3212,-0.045790836
3213,-0.06644928
3214,-39.853165
3215,0.0012560643
3216,-9.278649
3217,24.466618
3218,0.047523096
3219,-0.059622306
3220,-0.025504887
3221,30.589546
3222,9.971329
3223,8.228722
3224,-34.44181
3225,-25.720385
3226,0.023601502
3227,-0.0074538877
3228,-14.95042
3229,25.657944
3230,-9.198947
3231,0.038041472
3232,-6.119032
3233,-0.022640906
3234,17.40947
3235,27.058208
3236,6.1608396
3237,-0.07108747
3238,-0.07014752
3239,0.061425373
3240,14.559596
3241,-0.01885236
3242,36.33387
3243,-0.070418425
3244,0.011090682
3245,25.87636
3246,0.0024207465
3247,-18.826248
3248,7.845841
3249,0.018212155
3250,-34.488663
3251,0.022267506
3252,-0.013510994
3253,0.04027027
3254,-0.05339871
3255,15.185591
3256,-0.05954945
3257,-10.309627
3258,14.930939
3259,-0.01052413
3260,19.307434
3261,-9.008394
3262,24.505695
3263,-0.07595963
3264,-9.372662
3265,11.216624
3266,-0.0030948066
3267,-24.898317
3268,-14.941078
3269,0.014579588
3270,11.216697
3271,-0.018244877
3272,-18.008038
3273,-0.023195028
3274,-18.701813
3275,-0.015199265
3276,-24.48878
3277,15.917003
3278,0.010589921
3279,-39.822235
3280,-0.018454216
3281,27.093485
3282,0.013783299
3283,-20.658606
3284,18.684229
3285,15.9548025
3286,-14.378058
3287,30.342226
3288,-22.958395
3289,0.010130205
3290,-13.644304
3291,-5.82032
3292,0.01185003
3293,14.256923
3294,44.343876
3295,24.906136
3296,-19.35452
3297,10.244875
3298,5.811643
3299,-0.059918866
3300,-20.57823
3301,-4.6854396
3302,0.12901579
3303,0.003324785
3304,8.837614
3305,-29.074457
3306,-0.002577632
3307,23.011501
3308,17.366575
3309,0.056733817
3310,0.025111988
3311,-15.380927
3312,27.087023
3313,-0.07062366
3314,6.199035
3315,-35.99104
3316,0.039125085
3317,26.532894
3318,23.263184
3319,11.180135
3320,-12.986047
3321,-0.008137307
3322,-0.036670424
3323,-0.059149254
3324,18.761108
3325,-9.413198
3326,19.381186
3327,-6.448111
3328,0.014920273
3329,-0.04822076
3330,-0.0046709767
3331,12.918796
3332,0.00096874015
3333,20.444597
3334,16.463596
3335,32.244667
3336,-0.010396889
3337,-15.095889
3338,-32.236954
3339,30.420702
3340,-7.631482
3341,-44.314457
3342,-15.415122
3343,-0.061905492
3344,-5.041961
3345,-23.25414
3346,4.5662503
3347,20.514208
3348,11.637143
3349,-0.016705655
3350,-0.04394377
3351,27.09758
3352,0.055591702
3353,5.3501673
3354,-37.710117
3355,13.863707
3356,18.713833
3357,-9.355759
3358,6.508022
3359,-22.673044
3360,-31.91252
3361,0.022411168
3362,25.876188
3363,-45.12998
3364,0.06199591
3365,-0.05270606
3366,-0.0010466122
3367,-0.07103001
3368,-25.787859
3369,-10.733729
3370,-0.061445776
3371,35.83349
3372,0.016746819
3373,-0.030447848
3374,35.816837
3375,13.910598
3376,-43.00434
3377,-11.6546335
3378,39.732845
3379,-0.051430557
3380,-26.635792
3381,-0.018417276
3382,-7.0357604
3383,0.0066823447
3384,0.07128051
3385,0.013762773
3386,0.025148928
3387,25.831493
3388,16.650034
3389,-0.01120036
3390,-45.076305
3391,0.0004926108
3392,0.019213676
3393,-18.408905
3394,19.430187
3395,38.03656
3396,-5.015437
3397,-0.0136054
3398,43.111744
3399,-27.784624
3400,15.174758
3401,-9.004467
3402,-45.06741
3403,9.238933
3404,30.334473
3405,-0.026294
3406,0.12056853
3407,43.14934
3408,-4.676163
3409,0.046484634
3410,6.4438076
3411,0.0035094924
3412,4.7584033
3413,-5.7690454
3414,-41.50312
3415,-0.01739318
3416,-34.0508
3417,-0.06798748
3418,0.0119444365
3419,0.041612476
3420,-0.07581597
3421,27.073421
3422,4.594482
3423,14.26913
3424,-0.046812885
3425,-0.06269768
3426,-0.021881558
3427,-44.32821
3428,11.662842
3429,0.00661257
3430,0.006674134
3431,-10.711512
3432,45.31759
3433,-16.545475
3434,19.086447
3435,0.02446346
3436,21.305088
3437,21.303581
3438,-0.05589636
3439,-0.0010630332
3440,0.015995674
3441,0.0058532143
3442,-8.246019
3443,-4.8657713
3444,25.787378
3445,-9.06276
3446,-32.30882
3447,11.219918
3448,0.014234805
3449,-0.049893383
3450,-13.811866
3451,-27.173374
3452,21.306906
3453,0.0052457387
3454,-9.954041
3455,18.418318
3456,-0.044385016
3457,-4.8077154
3458,14.378832
3459,34.59066
3460,4.5610704
3461,18.463673
3462,6.1617694
3463,19.33873
3464,5.5946984
3465,-0.06131853
3466,-0.012209072
3467,0.024639964
3468,-0.066395916
3469,35.822437
3470,-34.021416
3471,0.027320266
3472,-0.06522303
3473,-0.01351638
3474,4.847625
3475,-25.81775
3476,-26.612612
3477,-13.93654
3478,-0.067737095
3479,-0.0074446565
3480,17.367298
3481,19.432768
3482,-16.60387
3483,-14.552758
3484,0.008159743
3485,14.596094
3486,0.0026105798
3487,-27.208363
3488,41.50888
3489,-0.00776866
3490,19.042381
3491,-7.026305
3492,27.457266
3493,0.0080738
3494,0.028202757
3495,8.762438
3496,-6.1253204
3497,22.682755
3498,14.555188
3499,-0.016319826
3500,-27.27054
3501,-25.780857
3502,-0.0050814366
3503,0.025231019
3504,0.052444503
3505,-0.005147106
3506,0.054786175
3507,0.0651072
3508,-23.306728
3509,15.324102
3510,-0.014123864
3511,16.455212
3512,-23.909424
3513,-19.980875
3514,0.011383907
3515,-9.020507
3516,-0.017645612
3517,-0.010300427
3518,-20.012087
3519,5.3104224
3520,16.001633
3521,0.036551505
3522,-19.975138
3523,30.548077
3524,9.745945
3525,-25.764475
3526,9.334041
3527,30.58083
3528,-27.755611
3529,-0.051340256
3530,-0.0035298981
3531,21.499918
3532,5.3606544
3533,-31.91472
3534,0.0037824444
3535,-0.036095776
3536,-0.00035703855
3537,5.1473465
3538,-28.664038
3539,-10.309552
3540,0.018725231
3541,-23.216715
3542,-27.163511
3543,17.965046
3544,38.069744
3545,-0.027365297
3546,0.030653194
3547,-23.913433
3548,-0.062356997
3549,-0.00562632
3550,-18.37385
3551,0.00717079
3552,-0.05802562
3553,0.005709552
3554,-0.052645516
3555,19.024378
3556,12.82949
3557,-0.018790789
3558,-0.031654604
3559,0.029520333
3560,18.419786
3561,-14.17683
3562,-0.022296116
3563,-17.194841
3564,-45.080643
3565,6.4470963
3566,0.0032632134
3567,-0.047867764
3568,-15.409704
3569,15.371974
3570,0.12789112
3571,0.023638442
3572,-27.140865
3573,-35.81991
3574,-5.830003
3575,-6.792686
3576,8.825366
3577,-13.5436535
3578,-0.009859188
3579,-0.01670976
3580,-24.993168
3581,-4.6697764
3582,-0.06659089
3583,-20.580044
3584,-21.558075
3585,-25.787916
3586,44.346565
3587,25.911057
3588,0.036732107
3589,-0.009756572
3590,0.03768027
3591,0.0034438155
3592,8.200576
3593,0.040052727
3594,0.003772185
3595,-0.03177774
3596,20.513735
3597,-0.0046053
3598,0.021040231
3599,-23.911926
3600,19.340626
3601,-0.012802183
3602,0.025887758
3603,-14.985999
3604,0.014407196
3605,0.05817248
3606,24.893904
3607,0.11836846
3608,14.249214
3609,-4.692032
3610,-37.79147
3611,-0.06593621
3612,-34.487476
3613,0.001538255
3614,-9.929635
3615,14.473129
3616,-22.992586
3617,-0.021070898
3618,19.01831
3619,0.12764485
3620,-22.772902
3621,-18.360798
3622,-16.65618
3623,-4.811738
3624,-34.415733
3625,0.0018307127
3626,-0.068793006
3627,-16.029596
3628,-0.016787745
3629,-0.072643116
3630,12.195939
3631,-0.019874409
3632,-21.348984
3633,-0.06857956
3634,34.566532
3635,24.835733
3636,-4.683133
3637,-15.893351
3638,-9.345916
3639,-0.023712203
3640,-0.016687185
3641,32.24749
3642,11.676542
3643,-0.0077165877
3644,41.508617
3645,-5.1521897
3646,11.669643
3647,10.2661495
3648,0.045741692
3649,27.210058
3650,24.226767
3651,-4.689183
3652,-19.96437
3653,-0.010376363
3654,9.583325
3655,14.596805
3656,-0.059269313
3657,34.599472
3658,-5.0443993
3659,8.2139
3660,31.828167
3661,0.002643422
3662,15.953563
3663,33.93137
3664,7.5382957
3665,6.4413676
3666,-18.417278
3667,-15.204704
3668,28.820166
3669,-0.09673711
3670,-0.06303425
3671,-0.04429882
3672,-0.047083788
3673,4.894746
3674,24.877169
3675,-18.366594
3676,-0.012268587
3677,11.220444
3678,7.17552
3679,-0.0070218807
3680,0.024475783
3681,0.009998859
3682,0.059931293
3683,-0.03650213
3684,4.892829
3685,21.501728
3686,0.0009194918
3687,24.899996
3688,0.017157272
3689,0.027275115
3690,-4.6904473
3691,-45.108368
3692,24.27477
3693,30.33251
3694,21.374006
3695,0.00096874015
3696,-14.205251
3697,-14.585374
3698,-26.621372
3699,-9.029829
3700,12.155371
3701,0.07223277
3702,-0.042400442
3703,0.037356004
3704,0.040619165
3705,-0.006288185
3706,35.80958
3707,0.043377444
3708,-0.062380597
3709,-8.998051
3710,-23.296762
3711,45.335335
3712,0.015228116
3713,0.02108948
3714,35.326073
3715,-34.440285
3716,0.0006485887
3717,0.005294987
3718,-0.04589756
3719,0.033239096
3720,26.533308
3721,10.191746
3722,-0.016779542
3723,-24.214937
3724,34.523067
3725,4.8246717
3726,-0.067481585
3727,0.019693926
3728,-9.311379
3729,-7.1143994
3730,24.508629
3731,0.009654076
3732,-18.677883
3733,21.370716
3734,0.04569654
3735,-17.755728
3736,-14.5615835
3737,-0.055249885
3738,-22.622837
3739,-31.88486
3740,0.056635305
3741,-27.8242
3742,33.26335
3743,-0.018179208
3744,-14.927895
3745,0.018971518
3746,0.010405214
3747,26.682878
3748,-25.721266
3749,0.0055325413
3750,0.008209252
3751,-27.205645
3752,-0.08887783
3753,-4.698353
3754,-27.026447
3755,-0.05519037
3756,-0.014887317
3757,-0.08581888
3758,38.13959
3759,-6.4143763
3760,39.636456
3761,-17.438347
3762,0.12782545
3763,-0.02889631
3764,11.190327
3765,5.1206093
3766,-0.060945015
3767,13.651421
3768,14.245918
3769,-14.31598
3770,-0.06350936
3771,-7.16297
3772,-0.0037453838
3773,-0.058818832
3774,23.7991
3775,35.383976
3776,-5.552015
3777,10.269442
3778,-36.042446
3779,-12.308645
3780,8.853035
3781,0.0024135641
3782,-0.0003775649
3783,0.018758073
3784,13.827866
3785,-0.005040384
3786,0.051635906
3787,18.420086
3788,-5.366339
3789,-6.412819
3790,-30.609812
3791,-0.03259045
3792,-26.614332
3793,18.496765
3794,8.8429785
3795,-0.052062664
3796,11.183429
3797,-22.953749
3798,0.0011657632
3799,-14.255655
3800,-35.95077
3801,-9.414594
3802,-21.563137
3803,-4.705396
3804,-0.015359349
3805,-0.050662998
3806,23.729733
3807,26.573038
3808,-0.0021917962
3809,0.00065781997
3810,6.799043
3811,0.05269079
3812,0.0075032646
3813,0.02587545
3814,-22.183588
3815,0.023675382
3816,0.0022657968
3817,0.012137354
3818,23.009014
3819,-0.06933071
3820,0.05746238
3821,0.03357567
3822,0.011936233
3823,-0.032709487
3824,-8.277038
3825,0.012806402
3826,-0.058448393
3827,44.63052
3828,24.778528
3829,-13.792172
3830,-0.01920946
3831,0.0025449104
3832,-15.418077
3833,0.039668173
3834,-36.008965
3835,6.8095765
3836,0.017526686
3837,0.010228717
3838,-18.878294
3839,-45.100815
3840,-0.046897028
3841,-6.414785
3842,-18.053154
3843,-0.073500976
3844,-0.027355038
3845,19.280987
3846,-27.115992
3847,0.039330572
3848,-37.78752
3849,-14.579537
3850,-0.006846412
3851,0.0004392497
3852,-0.058400165
3853,0.011952647
3854,27.217459
3855,-45.10947
3856,0.025571704
3857,17.588652
3858,-11.081607
3859,13.764901
3860,-0.011093385
3861,0.008779795
3862,5.5928802
3863,0.0011000938
3864,-19.286295
3865,-18.391201
3866,9.245829
3867,4.6169996
3868,-0.015950412
3869,0.0085047865
3870,-0.059516616
3871,-0.0007716037
3872,35.880566
3873,29.13087
3874,-34.415512
3875,-0.08293745
3876,-0.052776866
3877,0.04024154
3878,-7.0543857
3879,20.391047
3880,-0.058184672
3881,0.023929864
3882,29.133696
3883,35.82707
3884,-0.024040572
3885,-27.779324
3886,19.289103
3887,5.0015144
3888,0.008619712
3889,33.2601
3890,0.028600901
3891,-7.989032
3892,-0.041661613
3893,0.0057998532
3894,23.374382
3895,-8.035529
3896,-14.951053
3897,-1.9437824e-05
3898,-0.054524396
3899,0.00889472
3900,45.301064
3901,0.012839244
3902,-36.14477
3903,8.252589
3904,8.834691
3905,-0.06650264
3906,41.442196
3907,-0.067627296
3908,-26.747038
3909,-23.216227
3910,9.519966
3911,-25.763134
3912,-0.06911727
3913,-5.497658
3914,-0.05259216
3915,8.793917
3916,9.683838
3917,-0.01373393
3918,-30.64529
3919,0.012564235
3920,6.1584673
3921,0.013606803
3922,-23.583214
3923,-11.082079
3924,0.013812029
3925,0.0014941327
3926,-35.535038
3927,6.8128695
3928,26.525928
3929,0.0071420604
3930,0.015778132
3931,-30.080124
3932,-8.346943
3933,-27.754274
3934,-24.922102
3935,-0.058812674
3936,0.033945084
3937,-0.005073226
3938,24.262888
3939,-5.0101504
3940,0.030398712
3941,-5.1449494
3942,23.807926
3943,-0.022074468
3944,0.04851231
3945,-21.354326
3946,-0.069576986
3947,9.244758
3948,-0.051964153
3949,5.0066533
3950,-22.552736
3951,-13.585829
3952,-25.761549
3953,-10.26929
3954,-0.04681699
3955,-11.682298
3956,27.205532
3957,24.4552
3958,0.003472545
3959,-0.005055777
3960,18.671465
3961,9.028269
3962,-18.849733
3963,-16.590864
3964,0.060686544
3965,-9.947732
3966,0.015293793
3967,17.554636
3968,-20.610764
3969,-11.077256
3970,-18.63829
3971,-0.024436668
3972,-18.613407
3973,0.03362903
3974,-44.35799
3975,-17.402178
3976,-21.489153
3977,0.037171304
3978,-0.026236534
3979,41.437714
3980,0.019115165
3981,0.028083712
3982,-0.0029921897
3983,23.353613
3984,-0.017163321
3985,-0.0070885858
3986,-41.480152
3987,-0.045019172
3988,-0.030423224
3989,-0.021064736
3990,-19.351007
3991,41.520325
3992,15.399454
3993,35.8044
3994,-13.783372
3995,9.9738
3996,-0.09699262
3997,-22.712276
3998,6.849218
3999,5.839351
4000,0.006399126
4001,0.030858427
4002,-13.944913
4003,9.221919
4004,17.498156
4005,-15.418505
4006,6.8399415
4007,19.336243
4008,5.357843
4009,20.392767
4010,-0.090255946
4011,-0.012447133
4012,-0.06928556
4013,-36.03194
4014,23.24306
4015,0.015827388
4016,-18.628635
4017,0.03546378
4018,9.967581
4019,5.2947755
4020,8.868965
4021,-18.03099
4022,9.23189
4023,0.02622433
4024,-0.014390661
4025,36.33434
4026,9.145577
4027,9.336704
4028,-0.004892624
4029,-18.669624
4030,-0.014193638
4031,26.636293
4032,0.004375563
4033,-18.652729
4034,-28.610163
4035,-16.553963
4036,-9.063208
4037,-19.280922
4038,-18.401367
4039,0.04184644
4040,-21.6146
4041,18.494802
4042,-20.385035
4043,-5.2266393
4044,-6.364414
4045,39.671665
4046,4.5636153
4047,-22.673119
4048,-0.059032273
4049,-25.766987
4050,0.0038583807
4051,-0.011447667
4052,0.003579267
4053,-5.361418
4054,13.888425
4055,-9.282615
4056,10.599312
4057,5.015626
4058,13.630683
4059,8.8417635
4060,0.049780622
4061,-17.165688
4062,-4.854783
4063,-14.378864
4064,-10.685008
4065,-9.333167
4066,-0.07122292
4067,0.039371356
4068,-4.684553
4069,0.0569883
4070,-35.540504
4071,0.077943295
4072,0.0443995
4073,-9.495192
4074,27.46592
4075,-0.041985877
4076,0.12498507
4077,0.011661225
4078,-0.061765935
4079,19.027136
4080,-6.085212
4081,-4.704181
4082,14.452268
4083,-12.267351
4084,35.32898
4085,0.003025145
4086,24.869009
4087,0.012400047
4088,0.067258
4089,17.63759
4090,14.532805
4091,26.683176
4092,-22.61992
4093,-27.782106
4094,38.14815
4095,-16.589506
4096,23.369776
4097,-0.011074147
4098,-19.289545
4099,-5.849159
4100,7.5825906
4101,-4.8200254
4102,0.0049584145
4103,-0.04898011
4104,18.995823
4105,44.635372
4106,-0.0069849407
4107,0.028403878
4108,-7.118815
4109,-19.28348
4110,-26.655317
4111,-0.046008386
4112,23.751036
4113,-9.013968
4114,-0.030365758
4115,-0.013567693
4116,-23.22132
4117,0.00054597185
4118,-9.690911
4119,-0.020490095
4120,28.847683
4121,-34.127857
4122,43.14087
4123,-22.631517
4124,-16.602942
4125,-24.48119
4126,39.64988
4127,11.218131
4128,-4.6161704
4129,0.015010574
4130,6.159873
4131,9.679455
4132,0.0015680126
4133,0.00582859
4134,0.019394279
4135,-11.656702
4136,0.007508398
4137,-0.0075195646
4138,-0.024615213
4139,-27.03666
4140,19.409073
4141,8.839166
4142,0.004129284
4143,-0.032541193
4144,0.0133892605
4145,0.123655185
4146,5.350947
4147,-0.071604654
4148,0.027488545
4149,-0.03895668
4150,-27.784393
4151,26.569002
4152,-24.91079
4153,9.411621
4154,35.80559
4155,0.011413665
4156,0.01750207
4157,-31.811657
4158,0.006325246
4159,-25.765112
4160,-11.081114
4161,4.963317
4162,-0.06106815
4163,4.6000805
4164,-9.529892
4165,24.207355
4166,-9.020754
4167,14.558266
4168,8.788745
4169,0.009370857
4170,-23.87941
4171,30.412325
4172,-0.03367406
4173,8.221822
4174,18.382238
4175,-0.007318436
4176,-0.06902491
4177,-0.001271344
4178,-20.443737
4179,-14.5827875
4180,-0.06603471
4181,0.012995214
4182,-27.808632
4183,24.879107
4184,35.338936
4185,-25.793695
4186,4.495446
4187,44.377632
4188,0.045971557
4189,15.994466
4190,0.065783426
4191,-43.07719
4192,-0.021060638
4193,-0.0642369
4194,0.0698439
4195,-0.05725498
4196,-0.055767063
4197,-8.2562065
4198,0.07722397
4199,0.024951905
4200,0.0018553368
4201,-0.010253227
4202,0.0031523935
4203,22.31122
4204,6.517984
4205,0.03513542
4206,-25.754513
4207,-0.015695922
4208,0.018134177
4209,-0.046829302
4210,18.226698
4211,-0.004982925
4212,-0.01384475
4213,-0.0057422733
4214,0.026162773
4215,-18.617062
4216,0.002471023
4217,19.903763
4218,-0.031991176
4219,-0.044543043
4220,41.540646
4221,4.9997907
4222,23.437868
4223,23.295197
4224,12.911754
4225,35.818417
4226,-0.01668103
4227,-0.06643697
4228,-18.16571
4229,0.024430633
4230,0.037487358
4231,20.44107
4232,18.418444
4233,0.010937528
4234,44.383343
4235,24.861534
4236,17.547564
4237,0.0060009817
4238,9.701673
4239,0.0069655636
4240,-4.6940675
4241,-6.8081756
4242,-0.0078397235
4243,-14.311617
4244,0.024200767
4245,-32.30656
4246,-4.670343
4247,-12.959011
4248,0.06787369
4249,12.823918
4250,-0.00943949
4251,-7.123293
4252,6.4385414
4253,-37.769
4254,30.350714
4255,0.1339331
4256,-0.016935512
4257,0.01609008
4258,0.013175816
4259,-0.010733462
4260,-0.0026433014
4261,-9.51326
4262,35.324284
4263,6.7857475
4264,23.7672
4265,30.339308
4266,-0.0216517
4267,-0.024313532
4268,-18.040316
4269,27.902798
4270,9.14465
4271,-9.94217
4272,14.530909
4273,-24.144482
4274,-9.446709
4275,9.04444
4276,-7.0485883
4277,32.28777
4278,32.297455
4279,0.00047618969
4280,27.067255
4281,-25.800125
4282,24.207537
4283,-0.004826947
4284,-20.373262
4285,0.0053934986
4286,0.0027090914
4287,7.579171
4288,7.553934
4289,0.016496435
4290,7.8599977
4291,-0.0021302246
4292,0.029306889
4293,-0.017284408
4294,18.682728
4295,-24.797596
4296,0.034712642
4297,-39.817066
4298,24.858358
4299,0.029052407
4300,-9.325656
4301,-13.84632
4302,12.151533
4303,4.882058
4304,19.24869
4305,17.947765
4306,-0.012617475
4307,22.372847
4308,0.01677145
4309,-34.025436
4310,7.8491983
4311,-22.208637
4312,0.037984014
4313,7.7663717
4314,0.030608043
4315,-16.608225
4316,23.407679
4317,-0.045322917
4318,4.6549263
4319,-0.023691684
4320,6.7829347
4321,-9.048546
4322,-0.02250956
4323,-4.705544
4324,-43.009624
4325,0.013237388
4326,-44.322845
4327,0.0048147524
4328,0.028563961
4329,8.20652
4330,-0.010973587
4331,-35.88465
4332,-0.013389139
4333,22.31125
4334,-23.911861
4335,4.8224144
4336,-0.06935944
4337,-17.443089
4338,15.960967
4339,-15.876032
4340,0.02756244
4341,-14.553973
4342,20.445902
4343,-20.408657
4344,4.9966793
4345,-0.06194859
4346,0.033920452
4347,19.891872
4348,26.557978
4349,14.07163
4350,-0.020342328
4351,0.029746085
4352,-19.33793
4353,0.040126607
4354,-28.615862
4355,-0.09032367
4356,26.638338
4357,-0.048319273
4358,-0.05118428
4359,-0.0028423734
4360,-0.007511354
4361,-0.006376437
4362,0.009125353
4363,-9.494149
4364,-0.059338063
4365,-0.06255914
4366,23.291838
4367,-0.01430036
4368,0.03202413
4369,0.022952974
4370,-0.037618585
4371,-25.840345
4372,-0.002197697
4373,0.04980935
4374,0.039322108
4375,0.0553834
4376,-24.802599
4377,-24.790562
4378,-22.962845
4379,-0.0602185
4380,-18.043056
4381,-0.0042564115
4382,0.00623905
4383,4.757291
4384,-0.075068936
4385,-13.80607
4386,-0.021902077
4387,-0.09155711
4388,30.314718
4389,4.843241
4390,35.800304
4391,4.6738567
4392,0.0010128699
4393,-39.87826
4394,41.505424
4395,19.859182
4396,-0.04152616
4397,17.588089
4398,-0.006613477
4399,-0.009042374
4400,-15.4143915
4401,45.315517
4402,-11.633564
4403,-15.990062
4404,0.13417937
4405,-0.007882825
4406,15.964974
4407,15.3778105
4408,0.011886978
4409,5.260059
4410,-0.029261619
4411,0.059610114
4412,12.842179
4413,-11.087456
4414,-8.466706
4415,-0.008586763
4416,29.220175
4417,-26.690174
4418,31.818644
4419,17.956566
4420,0.014813551
4421,0.12685677
4422,-4.6525946
4423,0.0006085642
4424,-16.083761
4425,18.376192
4426,21.372644
4427,4.565438
4428,-37.83452
4429,0.013241493
4430,32.22884
4431,0.004884527
4432,9.543017
4433,10.697641
4434,0.016274787
4435,-27.788776
4436,0.05141425
4437,14.554633
4438,-25.767698
4439,0.027566537
4440,0.028009832
4441,0.016984627
4442,-0.018679969
4443,5.3179502
4444,-0.009366631
4445,-16.577457
4446,-11.127024
4447,-0.0021014952
4448,4.593152
4449,35.824318
4450,-0.035722256
4451,-14.93213
4452,-5.3620086
4453,-44.334347
4454,0.0103518525
4455,36.4658
4456,43.159927
4457,-12.306133
4458,7.604667
4459,25.780638
4460,-22.209146
4461,0.055851325
4462,0.03437607
4463,-34.411545
4464,-0.02045726
4465,15.922229
4466,0.0053031975
4467,-27.824125
4468,-4.6940346
4469,-15.180565
4470,-0.08584761
4471,0.009083533
4472,14.5625105
4473,-35.493805
4474,-0.011246539
4475,0.009161525
4476,-33.264587
4477,18.708086
4478,-0.06733177
4479,0.022706687
4480,-0.01914379
4481,-22.769707
4482,-35.486732
4483,-0.06751237
4484,-5.145914
4485,0.027833343
4486,34.56281
4487,-13.574486
4488,-25.803675
4489,-9.52064
4490,29.219769
4491,-13.823893
4492,0.052625105
4493,-28.60862
4494,0.014760197
4495,0.042445704
4496,-0.09156737
4497,-18.701714
4498,4.5986357
4499,0.016820699
4500,-27.167202
4501,-30.646
4502,-13.939651
4503,-0.016650245
4504,-0.06642465
4505,-18.660004
4506,-26.695812
4507,-6.466207
4508,-14.569517
4509,-0.0063866964
4510,-8.077254
4511,34.597656
4512,17.938917
4513,-35.537884
4514,22.77104
4515,43.159954
4516,-9.949599
4517,-37.7788
4518,-0.051266372
4519,-0.027541794
4520,0.054168433
4521,14.383969
4522,0.014875122
4523,7.5902004
4524,7.7650623
4525,-22.256796
4526,-0.0077984175
4527,0.0023725189
4528,-17.155064
4529,-0.021171458
4530,23.161957
4531,-24.52012
4532,0.0726186
4533,-14.359735
4534,23.28977
4535,-5.519531
4536,32.233673
4537,0.005778306
4538,33.96656
4539,0.0058696354
4540,18.47976
4541,19.423397
4542,-34.434555
4543,0.015794553
4544,-0.069633424
4545,0.025272071
4546,9.323894
4547,-0.06520148
4548,-0.006538569
4549,33.993744
4550,-25.770336
4551,0.030677825
4552,0.08123621
4553,25.781855
4554,-4.6878943
4555,4.8533382
4556,-0.045733377
4557,0.00922309
4558,43.183
4559,-23.868643
4560,-0.027960464
4561,-9.708942
4562,0.014489287
4563,16.669558
4564,-19.286488
4565,-11.084661
4566,14.549532
4567,9.755316
4568,0.05449681
4569,-0.01059801
4570,-0.054166272
4571,-26.649944
4572,-22.631048
4573,-5.010848
4574,27.219355
4575,19.02514
4576,5.5498233
4577,0.026228443
4578,0.03814435
4579,-26.6101
4580,-45.10775
4581,-27.273205
4582,-27.121279
4583,20.442581
4584,36.46288
4585,-24.904312
4586,-0.0007921301
4587,0.0087510655
4588,7.1155796
4589,-10.688932
4590,-13.757727
4591,-0.0017443963
4592,-30.16699
4593,14.54092
4594,19.365536
4595,35.84231
4596,12.875019
4597,-28.676933
4598,11.717638
4599,-4.67627
4600,-0.0034560107
4601,23.758429
4602,-0.03966678
4603,-39.77577
4604,-22.65183
4605,0.041225865
4606,7.5986004
4607,-28.619616
4608,-17.779768
4609,0.01084441
4610,0.025362372
4611,21.554853
4612,-4.8235717
4613,-0.043590777
4614,-0.036259964
4615,-0.010770409
4616,-0.073301904
4617,0.066287264
4618,35.33995
4619,-23.304216
4620,5.8243794
4621,-30.20253
4622,0.004523323
4623,8.797257
4624,25.661238
4625,-0.010097249
4626,13.891347
4627,-0.061675634
4628,-34.456356
4629,-0.021411575
4630,-41.4992
4631,-18.703167
4632,-13.606337
4633,-0.048766673
4634,-26.746964
4635,-0.054123174
4636,0.02763632
4637,-0.014349616
4638,0.011263073
4639,0.02337575
4640,-19.311941
4641,-0.04930027
4642,0.045844316
4643,-0.003413684
4644,-35.801792
4645,-0.089143604
4646,-0.02288308
4647,10.631857
4648,-0.024496183
4649,-0.0021343299
4650,8.831568
4651,-0.055288877
4652,0.042983413
4653,-0.013261898
4654,-0.059294965
4655,16.486353
4656,0.054394186
4657,-0.09777352
4658,0.0081364
4659,-8.522735
4660,-0.0045581004
4661,4.5950155
4662,-9.507719
4663,0.052526593
4664,0.062036946
4665,-23.56966
4666,0.0010672517
4667,-0.06979453
4668,-0.0146985045
4669,18.228052
4670,-28.673637
4671,15.327829
4672,0.028818443
4673,6.1871667
4674,-43.105537
4675,-0.07150204
4676,-0.02095186
4677,0.02866657
4678,-0.08318373
4679,0.025050417
4680,-9.049211
4681,-0.06160175
4682,-0.032311335
4683,-25.832287
4684,0.007638716
4685,0.055686116
4686,6.7762923
4687,-41.493927
4688,-15.16837
4689,4.7780643
4690,-29.144493
4691,-0.030295983
4692,-5.4945464
4693,0.023712322
4694,-0.011203445
4695,-0.01146306
4696,-0.07588575
4697,-21.497978
4698,-14.216563
4699,-9.032644
4700,10.643666
4701,16.65584
4702,-12.956944
4703,0.0075689415
4704,-0.055658292
4705,0.033920452
4706,0.04036878
4707,-0.019463949
4708,41.567272
4709,-0.06784894
4710,15.4444
4711,9.713601
4712,-0.055927143
4713,18.415468
4714,-0.01306077
4715,8.228492
4716,19.027346
4717,14.088754
4718,0.008497343
4719,0.024385482
4720,-0.009533896
4721,-22.770412
4722,7.1768427
4723,-0.06460632
4724,-27.227652
4725,-21.305166
4726,15.935466
4727,0.07068944
4728,35.811077
4729,-17.782654
4730,0.03275886
4731,-0.059221085
4732,-11.60225
4733,23.382694
4734,-25.845327
4735,4.6358647
4736,-0.03486029
4737,-22.55283
4738,-0.049045786
4739,-8.466608
4740,-39.760868
4741,-0.028925046
4742,-12.319233
4743,-18.640186
4744,-6.1272144
4745,15.40055
4746,-0.013988412
4747,-0.021118097
4748,0.026450083
4749,6.5275044
4750,-0.037290215
4751,-9.016255
4752,5.259349
4753,-9.4600315
4754,10.309982
4755,27.100101
4756,9.320598
4757,-18.399317
4758,20.514668
4759,0.01871702
4760,-27.815306
4761,0.01923421
4762,5.185737
4763,20.385086
4764,15.202701
4765,16.4389
4766,-34.072495
4767,-6.080761
4768,-36.012352
4769,9.342056
4770,-20.007252
4771,9.232702
4772,-27.202728
4773,18.415878
4774,4.5631394
4775,41.543484
4776,-5.503823
4777,9.261976
4778,-0.06025544
4779,9.520844
4780,-12.261408
4781,28.69583
4782,4.4963493
4783,-4.9950128
4784,-0.04912377
4785,19.00023
4786,0.029072925
4787,-9.023865
4788,-0.056398146
4789,30.537235
4790,8.224362
4791,0.033522308
4792,0.07933989
4793,4.780576
4794,9.972445
4795,0.034236506
4796,0.007893198
4797,-16.06208
4798,-0.017846733
4799,0.043168113
4800,-29.151423
4801,-0.008258394
4802,-13.639381
4803,-4.714607
4804,35.829826
4805,15.929267
4806,-15.810235
4807,23.244547
4808,-0.04947677
4809,-0.018162787
4810,-9.204906
4811,0.018466651
4812,-9.988355
4813,0.014489287
4814,-0.0015011944
4815,45.34608
4816,9.922677
4817,-7.9960732
4818,-0.024845071
4819,15.847332
4820,0.055822596
4821,-0.008028536
4822,-0.043344498
4823,-0.008170142
4824,27.883986
4825,0.025817975
4826,15.802666
4827,-8.246244
4828,-6.0924506
4829,7.2384744
4830,27.842402
4831,0.011468307
4832,-13.580116
4833,18.417973
4834,33.93448
4835,-0.023336634
4836,0.01772371
4837,9.536853
4838,12.198427
4839,-0.00023390279
4840,-13.851073
4841,-0.011878646
4842,-0.010066471
4843,-0.06262687
4844,0.08242141
4845,-0.0034313865
4846,0.0035094924
4847,-18.037205
4848,-17.157265
4849,6.1846547
4850,-0.010807349
4851,-0.045023277
4852,-0.049824633
4853,-44.334007
4854,-0.043604113
4855,-9.449228
4856,15.811942
4857,0.03443353
4858,0.026450083
4859,25.798376
4860,0.025497824
4861,17.57569
4862,9.27695
4863,-0.004174321
4864,-20.581005
4865,-26.659668
4866,0.12936878
4867,0.009621234
4868,-25.818474
4869,14.532095
4870,4.583851
4871,0.010565297
4872,33.99052
4873,4.625718
4874,0.025645584
4875,-26.613392
4876,-27.027958
4877,-0.047457304
4878,-0.011022582
4879,9.285307
4880,-22.218094
4881,45.352043
4882,0.023683593
4883,0.03680189
4884,-19.355995
4885,20.457499
4886,9.542139
4887,19.368223
4888,5.2567673
4889,41.441734
4890,-26.74419
4891,0.023080215
4892,0.04857798
4893,-0.027993299
4894,-36.036636
4895,-22.955309
4896,-0.015909366
4897,-19.349834
4898,11.249059
4899,21.335056
4900,-17.997463
4901,-18.401432
4902,32.290405
4903,0.013058835
4904,-0.04153642
4905,25.864838
4906,-0.04109005
4907,-13.839276
4908,0.0059229964
4909,-25.761837
4910,-9.427449
4911,-0.06069053
4912,-7.644947
4913,-0.06518917
4914,0.04438308
4915,18.230934
4916,26.640404
4917,-4.694544
4918,-0.0037269138
4919,7.8024716
4920,0.01206758
4921,-41.512447
4922,-0.01961992
4923,0.014719144
4924,-18.701788
4925,-4.7994447
4926,-0.050324365
4927,-5.858616
4928,-0.088359624
4929,35.37234
4930,5.3079925
4931,0.02177906
4932,17.298115
4933,22.762215
4934,-28.66341
4935,-0.06578844
4936,35.369755
4937,-35.534588
4938,29.134794
4939,-39.773697
4940,0.12175886
4941,-25.717093
4942,-0.04978256
4943,27.20535
4944,9.734112
4945,-26.745068
4946,-30.205305
4947,-35.54997
4948,-30.619751
4949,-0.03333749
4950,-35.82604
4951,-0.014499432
4952,-23.812805
4953,0.017986402
4954,-8.350395
4955,-25.825876
4956,-0.01870665
4957,-6.369742
4958,0.01427585
4959,-9.070834
4960,18.426905
4961,-11.123699
4962,34.5292
4963,0.016303524
4964,0.075910494
4965,0.04799512
4966,18.498505
4967,-14.562129
4968,0.004055404
4969,-0.026802965
4970,12.151278
4971,34.6036
4972,-31.826557
4973,7.5363297
4974,-0.04967379
4975,-16.59283
4976,-8.268287
4977,-0.015942201
4978,38.022625
4979,27.249817
4980,11.6358
4981,24.864859
4982,0.023305967
4983,-9.043415
4984,8.826802
4985,0.07080437
4986,-8.566272
4987,0.0072518596
4988,-0.06339956
4989,9.75477
4990,12.843737
4991,0.054074034
4992,0.009030172
4993,-0.0059228754
4994,0.036678746
4995,16.437004
4996,5.1190867
4997,-25.83145
4998,-20.602627
4999,0.046948195
