,x,eq_complex_1,eq_complex_3,eq_complex_5,eq_complex_6,eq_complex_7,eq_complex_8,eq_complex_9,eq_complex_10,eq_complex_11,eq_complex_12,eq_complex_13,eq_complex_14,eq_complex_15,eq_complex_17,eq_complex_18,eq_complex_19
0,0.054522615,-0.9534435095327148,-0.9526048587900011,-0.9534173764907097,-0.9368834487468136,-0.9559299553190654,-0.9372619544379162,-0.9489034570646423,-0.9433387222655358,-0.9520725731214836,-0.9520735782186776,-0.9495772937172337,-0.9495776029043299,-0.9494411703664581,-0.9488925651420232,-0.9471747485794293,-0.94733446484351
1,0.059045225,-0.9503555734316038,-0.9495253513339955,-0.9503291750797047,-0.934122227816793,-0.9528854412148844,-0.9342498335880913,-0.9458582380779922,-0.9398921174500529,-0.9489967948297051,-0.948997791013444,-0.9462315048690593,-0.9462318801351091,-0.9460858463324637,-0.945498812339364,-0.9438858849744891,-0.944042525413872
2,0.06356784,-0.9472676339166055,-0.9464458404734211,-0.9472409648122596,-0.9313578377323639,-0.9498416652410353,-0.9312523718555895,-0.9428138139009965,-0.9364583189358642,-0.94592260941662,-0.9459235955165877,-0.9428953439331031,-0.9428957911179194,-0.9427404157185064,-0.9421160230081012,-0.9406066045532044,-0.9407601465564158
3,0.068090454,-0.9441796950843846,-0.9433663302937603,-0.9441527496162015,-0.9285902794864263,-0.9467986431875615,-0.9282694908667615,-0.9397702037930677,-0.9330377547207069,-0.9428500660318229,-0.9428510408446726,-0.9395688918992644,-0.9395694163303605,-0.9394049614254832,-0.9387442877508484,-0.9373369491198289,-0.9374873721493037
4,0.07261306,-0.9410917617143835,-0.9402868255614097,-0.9410645340951418,-0.9258195546996967,-0.9437563916489347,-0.9253010995519829,-0.9367274279665375,-0.9296308372819095,-0.9397792146946383,-0.9397801769838559,-0.936252225530643,-0.9362528319434975,-0.9360795619787798,-0.9353836921953667,-0.9340769567806557,-0.9342242423763112
5,0.07713568,-0.9380038187854979,-0.9372073112962664,-0.9379763030428547,-0.9230456472134949,-0.9407149078490729,-0.9223470746706997,-0.9336854874144143,-0.9262379405980556,-0.936710085907255,-0.936711034402951,-0.932945395424883,-0.9329460878952416,-0.9327642695338321,-0.9320342947753144,-0.9308266404049139,-0.9309707721661316
6,0.08165829,-0.9349158826843869,-0.9341278038402607,-0.9348880726559228,-0.9202685690674887,-0.9376742200831706,-0.9194073100010878,-0.9306444143661456,-0.9228594560380423,-0.9336427415306643,-0.9336436749296102,-0.9296484809005265,-0.9296492627866397,-0.9294591649046018,-0.9286961823315036,-0.9275860415965111,-0.927727005215714
7,0.0861809,-0.9318279465832757,-0.9310482963842551,-0.9317998359060585,-0.9174883114534864,-0.9346343339102502,-0.9164816641025889,-0.9276042184777051,-0.9194957317937809,-0.9305772204494868,-0.9305781374149398,-0.9263615314163949,-0.9263624053139201,-0.9261642988313754,-0.9253694107687906,-0.9243551731372093,-0.9244929563771807
8,0.09070352,-0.9287400036543902,-0.9279687821191117,-0.9287115857561801,-0.9147048655331781,-0.931595255025188,-0.9135699828059345,-0.9245649097141764,-0.9161470981170314,-0.9275135616298821,-0.9275144607915261,-0.9230845915242107,-0.9230855592314348,-0.9228797170000549,-0.9220540303440543,-0.9211340435339965,-0.9212686362282063
9,0.09522613,-0.9256520675532792,-0.9248892746631061,-0.9256233356453533,-0.9119182409332653,-0.9285570094075166,-0.9106721185213291,-0.9215265185058306,-0.9128138889717945,-0.9244518243868165,-0.9244527043408602,-0.9198177224885107,-0.9198187849815829,-0.9196054817100787,-0.9187501075275994,-0.9179226782923886,-0.9180540723660617
10,0.099748746,-0.9225641273555035,-0.9218097631216178,-0.922535074420459,-0.9091284251152081,-0.9255195989712283,-0.9077878879393777,-0.9184890514015815,-0.909496392826725,-0.9213920436432821,-0.9213929029523211,-0.9165609544821962,-0.9165621119020548,-0.916341623959466,-0.9154576766428424,-0.9147210729457975,-0.9148492623898656
11,0.10427135,-0.9194761953510572,-0.9187302597510949,-0.9194468141349199,-0.9063354265025187,-0.9224830485878492,-0.9049171170585004,-0.9154525381013141,-0.9061949038917836,-0.9183342772812769,-0.9183351144744816,-0.913314337146288,-0.9133155887940723,-0.9130881941190502,-0.9121767910019116,-0.9115292427756864,-0.9116542236696992
12,0.10879397,-0.9163882524221716,-0.9156507454859515,-0.9163585354201874,-0.9035392251108593,-0.9194473523605184,-0.9020595904220932,-0.9124169777368408,-0.9029096632007398,-0.9152785519906688,-0.9152793655636257,-0.9100778820358104,-0.9100792263794464,-0.9098452042550345,-0.9089074647311659,-0.9083471662487792,-0.9084689367266259
13,0.11331658,-0.9133003163210606,-0.9125712380299458,-0.9132702557701511,-0.900739834318596,-0.9164125407580626,-0.8992151147167522,-0.9093824060121523,-0.8996409312178416,-0.912224930828422,-0.9122257192435026,-0.9068516343494273,-0.906853069037181,-0.9066127000083286,-0.905649745253859,-0.90517485555469,-0.9052934158407764
14,0.11783919,-0.9102123802199495,-0.9094917305739403,-0.9101819680838882,-0.8979372452542489,-0.9133786201920604,-0.8963834619669209,-0.906348834789903,-0.8963889220038875,-0.9091734523456394,-0.9091742140319456,-0.9036356084126638,-0.9036371302970814,-0.9033906959453312,-0.9024036481071578,-0.9020122931918357,-0.9021276455729105
15,0.12236181,-0.9071244372910641,-0.9064122163087969,-0.9070936652475091,-0.8951314490160426,-0.910345597187088,-0.8935643926365681,-0.9033162762698284,-0.893153829294298,-0.9061241548914235,-0.9061248882449363,-0.9004298135533209,-0.9004314187223769,-0.900179201489112,-0.8991691830980855,-0.8988594574199313,-0.8989716062420172
16,0.12688442,-0.9040365011899529,-0.9033327088527912,-0.9040053606191769,-0.892322455315482,-0.9073134984860173,-0.8907576744138395,-0.9002847630981152,-0.8899358475462762,-0.9030770967720618,-0.9030778001560266,-0.8972342752577085,-0.8972359590728298,-0.8969782421111769,-0.8959463756384854,-0.8957163430840527,-0.8958252947701448
17,0.13140704,-0.9009485582610675,-0.9002531945876477,-0.9009170402282383,-0.8895102490322151,-0.9042823241054232,-0.8879630388690452,-0.8972543014391889,-0.8867351217408673,-0.9000323090192264,-0.900032980764126,-0.8940489856031215,-0.8940507427452644,-0.8937878096778249,-0.8927352167442977,-0.8925829128772095,-0.8926886758949737
18,0.13592964,-0.8978606289877309,-0.89717369394078,-0.8978287242316927,-0.8866948461308071,-0.9012521076632916,-0.885180237478371,-0.894224931299785,-0.8835518111283045,-0.8969898559639125,-0.8969904943680831,-0.8908739667881534,-0.8908757913085057,-0.8906079260874274,-0.8895357271039381,-0.889459159843313,-0.889561744735884
19,0.14045227,-0.894772679231071,-0.8940941728664988,-0.8947403781411603,-0.8838762127723008,-0.8982228292593362,-0.8824089617291258,-0.8911966394411562,-0.8803859973464634,-0.8939497477041733,-0.8939503510335194,-0.8877091797408192,-0.8877110651189986,-0.8874385517360167,-0.8863478649694391,-0.8863450174770378,-0.8864444368019239
20,0.14497487,-0.8916847499577343,-0.8910146722196309,-0.8916520425659784,-0.881054383646052,-0.8951945427553254,-0.8796489600931073,-0.8881694866308523,-0.8772378177210093,-0.890912067830408,-0.890912634319584,-0.8845546573337537,-0.8845565965381093,-0.8842797189330123,-0.8831716603803446,-0.8832404908061637,-0.8833367592070006
21,0.14949748,-0.8885968138566234,-0.8879351647636253,-0.8885636898104802,-0.8782293311094087,-0.8921672351036105,-0.8768999095439778,-0.8851434670260455,-0.8741073180539577,-0.8878768321971033,-0.8878773600491172,-0.8814103573765646,-0.8814123429314674,-0.8811313846798436,-0.8800070670809605,-0.8801455117479952,-0.8802386458788247
22,0.1540201,-0.8855088709277378,-0.8848556504984819,-0.8854753194738862,-0.875401052432611,-0.8891409201141551,-0.8741615016370805,-0.8821186019204512,-0.8709945505720575,-0.8848440829812972,-0.8848445703682352,-0.8782762606072347,-0.8782782846618966,-0.877993528804834,-0.8768540612334927,-0.8770600355395871,-0.8771500540867484
23,0.15854271,-0.8824209348266268,-0.8817761430424763,-0.8823869447919741,-0.8725695574124823,-0.8861156250258626,-0.8714334302709402,-0.8790949263265682,-0.8678995594325699,-0.8818138751220467,-0.8818143201857277,-0.8751523564510599,-0.8751544108515321,-0.8748661396960782,-0.8737126270459025,-0.8739840267444754,-0.874070950433645
24,0.16306531,-0.8793330055532901,-0.8786966423956084,-0.8792985653208183,-0.8697348433579584,-0.8830913637311493,-0.8687153677626908,-0.8760724622236401,-0.864822353154888,-0.8787862494386818,-0.8787866502909985,-0.872038615306059,-0.872040691669596,-0.8717491865546214,-0.8705827288951844,-0.8709174319747638,-0.8710012835499755
25,0.16758794,-0.8762450557966301,-0.8756171213213273,-0.87621015327742,-0.8668968824616128,-0.880068123421591,-0.8660069534148632,-0.8730512052273767,-0.8617628915127094,-0.8757612192562629,-0.8757615739793158,-0.8689349750709199,-0.8689370648615138,-0.8686426059171081,-0.8674642978286649,-0.8678601666113753,-0.8679409708006702
26,0.17211054,-0.8731571265232936,-0.8725376206744594,-0.8731217491412587,-0.8640557096570938,-0.8770459581609205,-0.8633078776375405,-0.8700312181126186,-0.8587211802178016,-0.8727388639802685,-0.8727391706279765,-0.865841437203842,-0.8658435318079707,-0.8655463978061506,-0.8643573280832448,-0.8648122094331342,-0.864889993008074
27,0.17663316,-0.8700691835944081,-0.8694581064093161,-0.8700333182477356,-0.861211290825753,-0.8740248485010369,-0.8606177565514888,-0.8670124905343409,-0.8556971289998708,-0.8697191885873257,-0.8697194451849306,-0.8627579226744002,-0.8627600134772742,-0.8624604815483214,-0.8612617323638574,-0.8617734607207914,-0.8618482524141986
28,0.18115577,-0.866981247493297,-0.8663785989533104,-0.8669448805337296,-0.8583636421042665,-0.8710048284521017,-0.8579362458602688,-0.8639950659215035,-0.8526906797564426,-0.8667022505776806,-0.8667024551232851,-0.8596844021041128,-0.8596864805648201,-0.8593848260326349,-0.858177472577168,-0.8587438704722354,-0.8588157010228146
29,0.1856784,-0.863893297736637,-0.8632990778790293,-0.8638564149317183,-0.8555127418698882,-0.8679858919380763,-0.8552629577982007,-0.8609789480168009,-0.8497017128403105,-0.8636880664052271,-0.8636882168698536,-0.8566208002133728,-0.856622857938588,-0.8563193540814177,-0.8551044638959044,-0.855723344245314,-0.8557922463489412
30,0.190201,-0.8608053684633005,-0.8602195772321615,-0.8607679549720736,-0.8526586189269275,-0.8649680862568404,-0.8525975443925956,-0.8579641942666313,-0.8467301400569305,-0.8606767047701462,-0.860676799099479,-0.8535670908676153,-0.8535691196837205,-0.853264037561034,-0.8520426701297623,-0.852711836854786,-0.8527778452066035
31,0.1947236,-0.8577174391899639,-0.8571400765852936,-0.8576794795179835,-0.8498012516486146,-0.8619514052624717,-0.8499396032334267,-0.8549508091163603,-0.8437757990705835,-0.8576681799156968,-0.85766821602996,-0.8505231887077465,-0.8505251807295432,-0.8502187889475724,-0.8489919950301666,-0.8497092455266383,-0.8497723967590869
32,0.19924621,-0.8546295030888529,-0.854060569129288,-0.8545909810517718,-0.8469406309775575,-0.8589358561136885,-0.847288737013891,-0.8519388107128639,-0.8408385198580065,-0.8546625182365302,-0.8546624940315911,-0.8474890170122523,-0.8474909647087783,-0.8471835292346452,-0.8459523503822186,-0.8467154767970004,-0.8467758094825522
33,0.20376883,-0.8515415601599673,-0.8509810548641445,-0.8515024588432619,-0.844076754161511,-0.8559214525683607,-0.8446445478777905,-0.848928224216609,-0.8379181180871468,-0.8516597515087843,-0.8516596648572139,-0.8444645008183879,-0.844466397074964,-0.8441581810487553,-0.8429236490965901,-0.843730439737544,-0.8437879943840774
34,0.20829144,-0.8484536240588563,-0.847901547408139,-0.8484139257759121,-0.8412096311324188,-0.8529082216141434,-0.8420066435316754,-0.8459190884345602,-0.8350144015571916,-0.8486599234150688,-0.8486597721674235,-0.8414495734875251,-0.8414514116636643,-0.8411426752143768,-0.8399058117735343,-0.8407540524445367,-0.8408088714957965
35,0.21281406,-0.8453656811299708,-0.8448220331429955,-0.8453253673688383,-0.8383392464764362,-0.8498961634710527,-0.8393746026060407,-0.8429114158913158,-0.8321271318917648,-0.8456630496657301,-0.8456628316510371,-0.8384441367045293,-0.8384459106862399,-0.8381369107467518,-0.8368987266691589,-0.8377862025488099,-0.8378383303479761
36,0.21733667,-0.8422777450288597,-0.8417425256869899,-0.8422367964057953,-0.8354656101502127,-0.8468853048716727,-0.8367480216941703,-0.8399052460521279,-0.8292560761809239,-0.8426691709865701,-0.84266888401401,-0.8354481138284565,-0.8354498180762648,-0.8351408082145341,-0.8339023031062217,-0.8348267998813278,-0.8348762826824556
37,0.22185928,-0.8391898089277486,-0.8386630182309842,-0.8391482051271849,-0.8325887130717744,-0.8438756524130568,-0.8341264749591824,-0.8369005987569039,-0.8264009625024488,-0.8396783066405799,-0.8396779485002048,-0.8324614033427495,-0.8324630329330516,-0.8321542631852666,-0.8309164249005861,-0.8318757305062778,-0.831922616443336
38,0.2263819,-0.8361018659988632,-0.8355835039658408,-0.8360595857127102,-0.8297085461282679,-0.8408672125256236,-0.8315095320256568,-0.8338974941794268,-0.8235614995576725,-0.8366904742587172,-0.8366900427226478,-0.8294838989051226,-0.829485449565826,-0.8291771662816693,-0.8279409704433176,-0.8289328765072321,-0.828977215580954
39,0.2309045,-0.8330139367255265,-0.832504003318973,-0.8329709575937314,-0.8268251256926756,-0.8378600180405033,-0.828896781447926,-0.8308959793599281,-0.8207374019246244,-0.8337057161456131,-0.8337052089699715,-0.8265155155813567,-0.8265169837218727,-0.8262094294104446,-0.8249758389093805,-0.825998141922402,-0.8260399860084864
40,0.23542711,-0.8299260006244156,-0.8294244958629674,-0.8298822991548148,-0.8239384299041204,-0.8348540616572583,-0.8262877732848207,-0.8278960618117055,-0.817928327817765,-0.8307240331679713,-0.8307234480932271,-0.8235561241337988,-0.8235575068665574,-0.8232509200643351,-0.822020884614336,-0.8230713877826679,-0.8231107905836956
41,0.23994973,-0.82683805769553,-0.826344981597824,-0.8267936091911532,-0.8210484559938954,-0.8318493557802287,-0.823682071550969,-0.8248977692679867,-0.8151339359333977,-0.8277454441199573,-0.8277447788728011,-0.8206056102661569,-0.820606905422796,-0.8203015205599156,-0.8190759762239112,-0.8201524906640297,-0.8201895077113709
42,0.24447234,-0.823750121594419,-0.8232654741418184,-0.8237049000731473,-0.8181552139930236,-0.8288459258082648,-0.8210792487443823,-0.8219011429930805,-0.8123538792434591,-0.8247699789612443,-0.8247692312564133,-0.817663867857227,-0.8176650739975656,-0.8173611212687723,-0.8161409899749136,-0.8172413360151687,-0.8172760246634392
43,0.24899496,-0.8206621786655335,-0.820185959876675,-0.8206161567621568,-0.8152586883558173,-0.8258437702552539,-0.8184788517128361,-0.8189061980107353,-0.8095877685247259,-0.8217976392503271,-0.8217968067914048,-0.8147307599414846,-0.8147318763540817,-0.8144295816174778,-0.8132157707533217,-0.8143377795395321,-0.8143701989294522
44,0.25351757,-0.8175742425644223,-0.8171064524206694,-0.8175273914381649,-0.812358889138176,-0.8228429138445001,-0.8158804481015637,-0.8159129760970383,-0.8068352220003128,-0.8188284506907257,-0.8188275311724621,-0.8118061707735621,-0.8118071974705319,-0.8115067821304338,-0.8103001840499358,-0.8114416987118979,-0.8114719097737437
45,0.2580402,-0.8144862928077625,-0.8140269313463881,-0.8144385820245779,-0.8094557943386435,-0.8198433477384155,-0.813283575014117,-0.8129214861756964,-0.8040958108457377,-0.8158624039114877,-0.8158613950204863,-0.8088899475325582,-0.8088908852352716,-0.8085925661686904,-0.807394057838283,-0.808552935057751,-0.8085810004694275
46,0.26256278,-0.8113983771899748,-0.810947444317796,-0.8113497746230758,-0.8065494461659365,-0.8168451289938714,-0.8106878255657879,-0.8099318035275509,-0.8013691506303617,-0.8128995527691668,-0.8128984521875863,-0.8059819971211388,-0.8059828472415524,-0.8056868366659401,-0.8044972790562717,-0.8056713900286434,-0.8056973742446337
47,0.26708543,-0.8083104137777659,-0.8078679096252392,-0.8082608854400952,-0.8036397647232487,-0.8138481882506555,-0.8080926828203572,-0.806943878040565,-0.7986547268083435,-0.8099398242265603,-0.8099386296300375,-0.8030820996085231,-0.8030828642176464,-0.8027893697129919,-0.8016096077608962,-0.8027968401459665,-0.8028208092913347
48,0.27160805,-0.8052224708488804,-0.8047883953600958,-0.8051719807943778,-0.8007268115413294,-0.8108526014753812,-0.8054977555107449,-0.8039578051927478,-0.7959521422476752,-0.8069832868099236,-0.8069819958739131,-0.8001901717511439,-0.8001908535483006,-0.7999000778759044,-0.7987309396301419,-0.7999291981378307,-0.7999512200891787
49,0.27613065,-0.8021345415755439,-0.8017088947132279,-0.8020830517208606,-0.7978105774704786,-0.8078583711621217,-0.8029025890626638,-0.8009736079023162,-0.7932609189948442,-0.8040299343643271,-0.80402854476379,-0.7973060549412022,-0.7973066572099807,-0.7970187983115595,-0.7958610947516802,-0.797068302793963,-0.7970884471086713
50,0.28065327,-0.7990465986466583,-0.7986293804480846,-0.7989940685912533,-0.7948910339526649,-0.8048654793781629,-0.8003067119170693,-0.7979912894657177,-0.7905805475698091,-0.801079738503645,-0.8010782479143308,-0.7944295670077329,-0.7944300935669188,-0.7941453445403222,-0.792999869281044,-0.7942139702474087,-0.7942323081319562
51,0.2851759,-0.7959586488899983,-0.7955498593738034,-0.7959050357364835,-0.7919681846429502,-0.8018739406655065,-0.7977096818343512,-0.7950108862987912,-0.7879105350263668,-0.7981327007229065,-0.7981311068244742,-0.7915605531755571,-0.7915610083250331,-0.7912795573548433,-0.790147086148326,-0.7913660445268401,-0.7913826488369862
52,0.28969848,-0.7928707332722107,-0.7924703723452111,-0.7928159914290162,-0.7890420655918515,-0.7988838019143919,-0.7951110863630836,-0.792032467802037,-0.7852504049875002,-0.7951888521281953,-0.7951871526075333,-0.7886988856842402,-0.7886992741445662,-0.7884213044307836,-0.7873025946357048,-0.7885243972269818,-0.7885393424632905
53,0.2942211,-0.7897827903433251,-0.7893908580800677,-0.7897268712543866,-0.7861126158084668,-0.79589501009247,-0.7925104283234743,-0.7890560046371509,-0.7825995807552397,-0.7922481231911611,-0.7922463157410802,-0.7858443373566641,-0.7858446642000385,-0.7855703540510341,-0.7844661447289721,-0.7856888019433113,-0.7857021641734515
54,0.29874372,-0.7866948474144396,-0.7863113438149243,-0.7866376993326102,-0.7831798583845352,-0.7929075973269738,-0.7899072870723278,-0.7860815531139038,-0.7799575507464724,-0.7893105259450849,-0.7893086082695969,-0.782996758882497,-0.7829970294626137,-0.7827265521823019,-0.781637563360327,-0.7828591102969618,-0.7828709671809205
55,0.30326632,-0.7836069181411031,-0.7832318431680565,-0.7835484858364654,-0.7802438035354998,-0.7899215816326913,-0.7873012327832419,-0.7831091563135552,-0.7773237806709128,-0.7863760561620556,-0.7863740259782837,-0.7801559837462094,-0.7801562036209343,-0.7798897275139244,-0.7788166598937272,-0.7800351575490984,-0.7800455883065888
56,0.30778894,-0.7805189752122175,-0.7801523289029131,-0.7804591996341446,-0.7773044225156504,-0.786936940487412,-0.7846918037130526,-0.7801388178313533,-0.7746976912181255,-0.7834446674114172,-0.7834425224505017,-0.7773218033849121,-0.7773219782343771,-0.7770596666595528,-0.7760032015032878,-0.7772167378628908,-0.7772258232302365
57,0.31231153,-0.7774310527666554,-0.777072835065183,-0.7773698707117292,-0.7743617450525151,-0.7839537097783759,-0.7820785930937562,-0.7771706002844476,-0.7720787459675085,-0.7805163682362478,-0.7805141062480947,-0.7744940613355552,-0.7744941968780661,-0.7742362081731581,-0.7731970066605428,-0.7744036979036373,-0.774411520135956
58,0.31683415,-0.7743431098377699,-0.7739933208000396,-0.7742804535143207,-0.7714157293243816,-0.7809718517598714,-0.7794611340836921,-0.7742044939353463,-0.7694663360165483,-0.777591092454624,-0.7775887112076256,-0.7716725280054666,-0.771672629908286,-0.7714191175060916,-0.770397820843236,-0.7715958122881614,-0.7716024551023374
59,0.32135677,-0.7712551669088844,-0.7709138065348962,-0.7711909635134201,-0.7684663920560307,-0.7779913869200559,-0.7768390156807954,-0.7712405479279878,-0.7668598965775695,-0.7746688285895833,-0.7746663258755637,-0.768857025830048,-0.7688570996193967,-0.7686082119798247,-0.7676054407626409,-0.7687929080744443,-0.7687984566482183
60,0.3258794,-0.7681672171522245,-0.767834285460615,-0.7681013883481804,-0.7655137239289826,-0.7750123081525293,-0.7742118079885981,-0.7682787849174348,-0.7642588324122058,-0.7717495355984603,-0.771746909234328,-0.7660473480336034,-0.7660473990015941,-0.7658032796727341,-0.7648196337579859,-0.7659947839380039,-0.7659993248722081
61,0.330402,-0.7650792878788879,-0.7647547848137473,-0.7650117492407628,-0.7625577482916943,-0.7720346399775185,-0.7715791148259813,-0.7653192599825633,-0.7616625704128751,-0.7688332009092146,-0.7688304487411183,-0.7632433146712139,-0.7632433477820516,-0.763004135372596,-0.7620401933887196,-0.7632012659630096,-0.7632048872643973
62,0.3349246,-0.7619913586055512,-0.7616752841668794,-0.7619220189424671,-0.7595984427789753,-0.7690583594261571,-0.7689405043449227,-0.7623619820044262,-0.7590704913781253,-0.7659197628933684,-0.7659168827976222,-0.7604446981824959,-0.7604447179775526,-0.7602105462606625,-0.7592668656437994,-0.7604121334856996,-0.7604149245233507
63,0.33944723,-0.7589034088488913,-0.7585957630925981,-0.7588321694619058,-0.7566357849352056,-0.7660834420910247,-0.76629554992749,-0.7594069594951917,-0.7564819710963604,-0.7630091560145493,-0.7630061459004978,-0.7576512670409736,-0.7576512775444475,-0.7574222754934979,-0.7564993922513434,-0.7576271625360627,-0.7576292140148404
64,0.34396985,-0.7558154659200058,-0.7555162488274547,-0.7557422197865709,-0.7536697981467905,-0.7631099080431936,-0.7636438716274611,-0.7564542462138444,-0.7538964210473699,-0.7601013557077988,-0.7600982135228194,-0.7548628289007997,-0.7548628335262629,-0.7546391252693441,-0.7537375534211456,-0.7548461688729702,-0.7548475728157351
65,0.34849244,-0.7527275434744436,-0.7524367549897246,-0.7526521742757348,-0.7507004927777148,-0.760137762493206,-0.7609850840944254,-0.753503882223067,-0.7513132375657045,-0.7571963202795371,-0.757193044011586,-0.7520791749127991,-0.7520791763710728,-0.7518608812462304,-0.7509811126741347,-0.752068952492162,-0.7520698022040825
66,0.35301507,-0.7496395937177837,-0.7493572339154435,-0.7495619746838229,-0.7477278200598165,-0.7571669497454347,-0.7583187554707094,-0.7505558482493231,-0.748731762734558,-0.7542939459672146,-0.7542905336452811,-0.7493000369018321,-0.7493000371112968,-0.7490872698116042,-0.7482297744838607,-0.7492952548533224,-0.7492956448811834
67,0.3575377,-0.7465516439611237,-0.7462777128411624,-0.7464716366399763,-0.7447518034396079,-0.7541974845077063,-0.7556445253989067,-0.7476101960449049,-0.7461513993430491,-0.751394195273474,-0.7513906449740614,-0.7465252104519486,-0.7465252104520474,-0.7463180809296956,-0.7454833061655177,-0.7465248816880622,-0.7465249078024597
68,0.3620603,-0.7434637146877872,-0.7431982121942945,-0.7433811674589506,-0.7417724598884361,-0.751229372875205,-0.7529620350536934,-0.7446669699454196,-0.7435715430760093,-0.748497019708047,-0.7484933295582263,-0.7437544809648085,-0.7437544808332842,-0.7435530943432161,-0.7427414646550883,-0.7437576292540363,-0.7437573884135102
69,0.3665829,-0.7403757854144506,-0.7401187115474267,-0.7402905317270931,-0.7387897668717344,-0.7482625794320825,-0.7502708976188381,-0.7417261742994364,-0.7409915547985432,-0.745602327729739,-0.7455984959086771,-0.7409875931937617,-0.74098759196853,-0.7407920491770463,-0.740003966393557,-0.7409932538767904,-0.7409928441910388
70,0.37110552,-0.737287842485565,-0.7370391972822832,-0.7371996988383209,-0.7358037083701823,-0.7452970731001343,-0.7475707399015007,-0.7387878189877268,-0.7384108012414868,-0.7427100295548645,-0.7427060542975414,-0.7382242942754477,-0.7382242898817601,-0.7380346868866055,-0.7372705299398532,-0.7382315148980785,-0.7382310355974497
71,0.37562814,-0.7341998995566795,-0.7339596830171399,-0.7341086631450278,-0.7328142947575059,-0.7423328466482827,-0.744861220747754,-0.7358519387542327,-0.7358286728741661,-0.7398200561878729,-0.7398159357898638,-0.7354643520168771,-0.7354643412005477,-0.7352807695063126,-0.7345408940636585,-0.7354721929704813,-0.7354717443733266
72,0.38015077,-0.7311119498000196,-0.7308801619428587,-0.7310173956876711,-0.7298215166015264,-0.7393698706459525,-0.7421419896212871,-0.7329185475969681,-0.7332445447240556,-0.7369323145406361,-0.7369280473607578,-0.7327075121477769,-0.732707490415108,-0.732530036996254,-0.7318147754722161,-0.7327150473368402,-0.7327147308146991
73,0.38467336,-0.7280240273544574,-0.7278006681051286,-0.7279259051806372,-0.7268254042091703,-0.7364081522844212,-0.7394127410079883,-0.7299876970262055,-0.7306578285714178,-0.734046744808033,-0.734042329273977,-0.7299535532418837,-0.729953514807251,-0.7297822620453697,-0.7290919231375191,-0.7299598707520251,-0.7299597886919581
74,0.38919598,-0.7249360844255719,-0.7247211538399853,-0.7248341143172824,-0.7238259084028922,-0.7334476173384854,-0.7366731061649349,-0.7270593592678368,-0.7280678707726527,-0.7311632055082112,-0.7311586401163556,-0.7272021771336012,-0.7272021148744865,-0.727037140736739,-0.7263720099636221,-0.7272063798551804,-0.7272066356302415
75,0.3937186,-0.7218481414966864,-0.7216416395748418,-0.7217420093363112,-0.7208230462284555,-0.7304882540913713,-0.733922786066724,-0.7241335697221539,-0.725474078806343,-0.728281613774128,-0.7282768970966219,-0.7244531429552259,-0.724453048376669,-0.724294426287777,-0.7236547653297459,-0.7244543492544862,-0.7244550471834384
76,0.39824122,-0.7187601985678009,-0.7185621253096984,-0.7186495501375334,-0.7178168148663645,-0.7275300280217678,-0.7311614733452538,-0.7212103425445682,-0.7228758476958481,-0.7254018622904107,-0.7253969929780808,-0.7217061879918488,-0.7217060511997536,-0.7215538500851796,-0.7209398968508365,-0.721703532354385,-0.7217047776666594
77,0.4027638,-0.7156722829500133,-0.7154826382811061,-0.715556716848349,-0.7148072381281761,-0.7245729274284362,-0.728388895212859,-0.7182897157585306,-0.7202726009477367,-0.7225238637917354,-0.7225188405794102,-0.7189610702737053,-0.7189608799585687,-0.7188151641824161,-0.7182271324927603,-0.7189537039968101,-0.7189556027895423
78,0.40728644,-0.7125843263655788,-0.7124031103976872,-0.7124633850636505,-0.7117942466222587,-0.7216168455708527,-0.7256047032069096,-0.7153716348873765,-0.7176636875938568,-0.7196474364479345,-0.7196422581536926,-0.7162174593892763,-0.7162172028179032,-0.7160780323726272,-0.7155161126922398,-0.7162045510722652,-0.7162072102945574
79,0.41180903,-0.7094964039200167,-0.7093236165599571,-0.7093695630730967,-0.7087779107938742,-0.718661809286083,-0.7228086884668076,-0.7124561787040001,-0.7150485845983952,-0.716772526433896,-0.7167671919703414,-0.7134751489117159,-0.7134748119343113,-0.7133422421184946,-0.71280660028549,-0.7134558853414924,-0.7134594127235524
80,0.41633165,-0.7064084609911312,-0.7062441022948137,-0.7062751154756333,-0.7057581744816476,-0.7157077173298644,-0.7200005358622819,-0.7095433009296443,-0.7124266668815931,-0.7138989534133141,-0.7138934617852174,-0.7107338137631224,-0.7107333808257654,-0.7106074624919193,-0.7100982407669093,-0.7107074003176532,-0.7107119043656357
81,0.42085424,-0.7033205385455691,-0.7031646084570836,-0.7031799852033636,-0.7027350749174006,-0.7127545558195156,-0.7171800279337345,-0.7066330428405532,-0.7097973986927157,-0.7110266202664244,-0.7110209705797939,-0.7079932104010926,-0.7079926645752035,-0.7078734438891998,-0.7073907601045119,-0.7079588718918441,-0.7079644618219252
82,0.42537686,-0.7002325956166835,-0.7000850941919402,-0.7000840106445373,-0.6997085691623938,-0.7098022281784936,-0.7143468838107399,-0.7037253655733132,-0.7071601836304269,-0.7081553477817739,-0.7081495392439715,-0.7052530192445843,-0.7052523422627329,-0.7051398608361836,-0.7046838090736932,-0.7052100003556624,-0.7052167860827437
83,0.42989948,-0.697144652687798,-0.6970055799267968,-0.6969870625534739,-0.6966786744245302,-0.706850692053115,-0.7115008901954234,-0.7008202850817101,-0.7045144872957326,-0.7052850079614615,-0.7052790398887077,-0.7025129719862585,-0.7025121442948841,-0.7024064389983988,-0.7019770890493894,-0.7024605380666551,-0.7024686301441294
84,0.43442208,-0.6940567234144615,-0.693926079279929,-0.6938889662077147,-0.6936454012888524,-0.7038998937637461,-0.7086418394924027,-0.6979178074978615,-0.7018597800176858,-0.7024154604035089,-0.7024093322249707,-0.6997727910347219,-0.6997717918568702,-0.6996728947715427,-0.6992702921940317,-0.6997102287293602,-0.6997197383101404
85,0.4389447,-0.690968780485576,-0.6908465650147856,-0.6907894538017667,-0.6906087200892607,-0.7009497354616664,-0.7057694980462096,-0.6950178968705849,-0.6991955079335838,-0.6995465205194755,-0.6995402317796275,-0.6970321592688292,-0.6970309666766068,-0.6969389051126896,-0.6965630715986966,-0.6969587770147339,-0.6969698158307265
86,0.44346732,-0.6878808375566904,-0.6877670507496422,-0.6876882273969052,-0.6875686413915739,-0.698000153171822,-0.7028836821899692,-0.6921205519199511,-0.6965211640732224,-0.6966780355906863,-0.6966715859559798,-0.6942907927863158,-0.6942893837900288,-0.6942041801158283,-0.6938551131610334,-0.6942059215747315,-0.6942186018784426
87,0.44798994,-0.6847928946278049,-0.6846875364844989,-0.6845848756327916,-0.6845251623531546,-0.6950510643326121,-0.6999842079094238,-0.6892257544123661,-0.6938362420776266,-0.6938098339271387,-0.6938032231898985,-0.6915483924793738,-0.6915467431257861,-0.6914684147078505,-0.6911460877665404,-0.6914513864383929,-0.6914658209688768
88,0.45251256,-0.6817049516989194,-0.6816080222193555,-0.681478844067004,-0.6814782801292529,-0.6921023805762313,-0.6970709036247942,-0.6863334817157011,-0.691140248538367,-0.6909417374822858,-0.6909349655653714,-0.6888046561962591,-0.6888027416794515,-0.6887313007838586,-0.6884356633178821,-0.688694893212802,-0.6887111951553706
89,0.45703515,-0.6786170292533573,-0.6785285283816254,-0.6783693876803636,-0.6784280121178555,-0.6891540270055005,-0.6941436298113937,-0.6834437256590519,-0.6884327216009981,-0.6880735808053297,-0.6880666477679171,-0.686059297002903,-0.6860570917887885,-0.6859925454280693,-0.6857235227917297,-0.6859361794307728,-0.6859544623629922
90,0.46155778,-0.6755290794966974,-0.6754490073073443,-0.6752553702942381,-0.6753743082470792,-0.6862058571580175,-0.6912021948614105,-0.6805564091764772,-0.6857131536094109,-0.6852051285248513,-0.6851980345636385,-0.6833119642960692,-0.6833094422496049,-0.6832517922196084,-0.6830092863209256,-0.6831749192691873,-0.683195297164772
91,0.4660804,-0.6724411365678118,-0.6723694930422007,-0.6721352262304842,-0.6723171993921765,-0.6832577961255003,-0.6882464977681764,-0.6776715265186453,-0.6829811235108821,-0.6823362148023997,-0.6823289602606968,-0.6805623774135826,-0.6805595119512986,-0.6805087545247115,-0.680292643204968,-0.6804108578096771,-0.6804334449446091
92,0.470603,-0.6693532072944752,-0.6692899923953329,-0.6690065090416206,-0.6692566894934969,-0.6803097359391768,-0.6852764248147436,-0.674789040649828,-0.6802362017383086,-0.6794666418052251,-0.6794592271763885,-0.6778102285785259,-0.6778069928214006,-0.6777631186779008,-0.6775732560462636,-0.6776437135082932,-0.67766862443587
93,0.4751256,-0.6662652780211387,-0.6662104917484651,-0.665865241770861,-0.6661927621840954,-0.677361541775271,-0.682291855667881,-0.6719088893556842,-0.6774779563061856,-0.6765961859721771,-0.6765886119034549,-0.6750551889393485,-0.6750515558752149,-0.6750145500094794,-0.6748507667267837,-0.6748731842388344,-0.6749005337641315
94,0.47964823,-0.6631773282644786,-0.6631309706741839,-0.6627045578951032,-0.6631253942484052,-0.6744130646593124,-0.6792926762874416,-0.6690309976582024,-0.6747059651605513,-0.6737246106221195,-0.6737168779192645,-0.6722969207154635,-0.6722928633715766,-0.6722627049642526,-0.6721248084184696,-0.6720989594860979,-0.6721288626325945
95,0.48417085,-0.6600893853355931,-0.6600514564090405,-0.6595115547171445,-0.6600546099332218,-0.6714641932850549,-0.6762788322872111,-0.6661553282846705,-0.6719198659074991,-0.6708517167053611,-0.6708438263400814,-0.6695351260735456,-0.669530617705428,-0.6695072798677363,-0.6693950539057636,-0.669320769503215,-0.669353341432383
96,0.48869348,-0.6570014355789332,-0.6569719353347594,-0.6562585096913421,-0.6569803927971578,-0.6685147689187174,-0.6732502428801511,-0.6632817985130292,-0.6691192766848791,-0.6679772602183919,-0.6679692133312746,-0.6667694679067783,-0.6667644821825305,-0.6667479318932553,-0.6666611373097772,-0.6665383056245124,-0.6665736616280946
97,0.49321607,-0.6539135131333711,-0.6538924414970293,-0.6528734185374169,-0.653902773997553,-0.6655646698177028,-0.6702068876551716,-0.6604103623845774,-0.6663038767948355,-0.6651010347555659,-0.6650928326635526,-0.6639996493013118,-0.6639941605055804,-0.6639843583488007,-0.6639227326513257,-0.6637513001929873,-0.6637895556078542
98,0.4977387,-0.6508255633767112,-0.6508129204227482,-0.6490920685659929,-0.6508216962285179,-0.6626136804142957,-0.66714867220468,-0.6575408832415578,-0.6634732827913158,-0.662222744291124,-0.6622143884881401,-0.6612252911369955,-0.6612192743585309,-0.6612161745575045,-0.6611794328588229,-0.6609594033929866,-0.6610006736428811
99,0.5022613,-0.6477376341033745,-0.6477334197758803,-0.6425371614023629,-0.6477372042986674,-0.6596616736018485,-0.6640756167441937,-0.6546733110043018,-0.6606272233643276,-0.6593421812376299,-0.6593336734048333,-0.658446103669347,-0.6584395350244175,-0.6584430850566824,-0.6584309194240492,-0.6581623558861674,-0.6582067563426166
100,0.5067839,-0.6446497048300379,-0.6446539191290125,-0.649850212724638,-0.6446492749114694,-0.6567084472582555,-0.660987687496025,-0.6518075230022786,-0.6577653836757642,-0.6564590673642252,-0.6564504093717407,-0.6556617333399887,-0.6556545901705559,-0.6556647307543823,-0.6556768109536045,-0.6553598346472359,-0.655407480653882
101,0.5113065,-0.6415617755567014,-0.6415744184821446,-0.6432952742778183,-0.6415579051946136,-0.6537538086774608,-0.6578848844601509,-0.6489434059581739,-0.6548874869322605,-0.6535731364811554,-0.6535643303942636,-0.6528718425227148,-0.6528641036115449,-0.6528807685000714,-0.6529167420327763,-0.652551533194561,-0.6526025400059372
102,0.51582915,-0.6384738121444925,-0.6384948837895879,-0.63951390630837,-0.6384630580396383,-0.6507975219164681,-0.6547671866277041,-0.6460808047714597,-0.6519932439102502,-0.6506840833733277,-0.6506751314560479,-0.650076060239797,-0.6500677060159123,-0.6500908219089393,-0.6501503144850971,-0.6497371119663895,-0.6497915947453329
103,0.52035177,-0.635385869215607,-0.6354153695244444,-0.6361287934747305,-0.6353647852910356,-0.6478394250666788,-0.651634676118104,-0.6432196358839342,-0.6490824685306547,-0.6477916787767759,-0.6477825835012575,-0.6472740935024279,-0.6472651062704202,-0.6472945924732352,-0.6473772075603331,-0.6469163103853389,-0.6469743840615033
104,0.5248744,-0.6322979194589471,-0.6323358484501633,-0.6328757490922751,-0.6322630566904355,-0.6448792664528163,-0.6484873658985459,-0.6403597284582013,-0.646154918255942,-0.6448956096867806,-0.6448863737346283,-0.6444655728498803,-0.6444559369831004,-0.6444917054273404,-0.6445970251130586,-0.6440887913476385,-0.6441505706674603
105,0.529397,-0.6292099901856104,-0.6292563478032954,-0.6296827602756508,-0.6291578968128078,-0.6419168350160598,-0.6453253379438987,-0.6375009503441539,-0.6432104227183765,-0.6419956071956703,-0.6419862334656604,-0.6416501761814002,-0.6416398783389434,-0.6416818333267108,-0.6418094181621495,-0.6412542658603118,-0.6413198652806679
106,0.53391963,-0.6261220404289505,-0.6261768267290143,-0.6265220764792309,-0.6260492615798797,-0.6389518420694276,-0.6421486177634655,-0.6346430936458466,-0.6402487672509054,-0.6390913311768236,-0.6390818227870608,-0.6388275169390117,-0.6388165462514913,-0.6388645844562525,-0.6390139742082623,-0.6384123804437031,-0.6384819141742356
107,0.5384422,-0.6230341316389372,-0.6230973465095597,-0.6233808300482069,-0.6229372100025231,-0.6359840847337773,-0.6389573495335251,-0.6317860320905628,-0.6372698563452478,-0.636182530721047,-0.6361728910186408,-0.6359972999935131,-0.6359856482787253,-0.6360396584168974,-0.6362103716136788,-0.6355628740515327,-0.6356364558825693
108,0.5429648,-0.6199462023656006,-0.6200178458626918,-0.6202521128247047,-0.6198216772974606,-0.6330132291474626,-0.635751563989161,-0.6289295118552306,-0.6342734974499203,-0.633268832152547,-0.6332590647135142,-0.6331591156015389,-0.6331467775223361,-0.6332066404780221,-0.6333981755480947,-0.632705370597803,-0.632783114017121
109,0.54748744,-0.6168582457811662,-0.6169383179792729,-0.6171319549537031,-0.616702653606084,-0.6300389805227803,-0.6325313610011041,-0.6260733151752678,-0.6312595714271784,-0.6303499060043007,-0.6303400146411999,-0.6303126017247025,-0.6302995749754031,-0.6303651635881906,-0.6305769987564506,-0.6298395423546016,-0.6299215604376089
110,0.55201006,-0.6137703028522807,-0.6138588037141296,-0.6140179444529291,-0.613580177392613,-0.6270610764537539,-0.6292969035904283,-0.6232172532931958,-0.6282280275116463,-0.627425461008737,-0.627415449777703,-0.6274574384669288,-0.6274437239465875,-0.6275149028368873,-0.6277464961189985,-0.6269651043186482,-0.6270515096182026
111,0.5565327,-0.6106823462678463,-0.6107792758307107,-0.610908453705447,-0.6104542181467467,-0.6240791746923335,-0.626048296536645,-0.6203610583975446,-0.6251787698424832,-0.6244951343270774,-0.6244850075302362,-0.6245932409929329,-0.6245788429388971,-0.6246554685627816,-0.6249062585244485,-0.6240817063718406,-0.6241726109704303
112,0.5610553,-0.6075944169945097,-0.6076997751838428,-0.6078024358986476,-0.6073248144664269,-0.6210929844938679,-0.6227857292845559,-0.6175045092131487,-0.6221117916126274,-0.6215586209294668,-0.6215483831226104,-0.6217196858573629,-0.6217046119935727,-0.6217865324688276,-0.6220559381224233,-0.6211890604277335,-0.6212845757954422
113,0.5655779,-0.6045064877211731,-0.604620274536975,-0.604699097866141,-0.604191935821784,-0.6181021344078982,-0.6195093321515944,-0.6146473039582231,-0.6190270402819985,-0.6186155440551517,-0.61860520005027,-0.6188363843941322,-0.6188206460319524,-0.6189077012246991,-0.6191951227847493,-0.6182868129369203,-0.6183870499880887
114,0.57010055,-0.6014185243089643,-0.6015407398444182,-0.6015978508978925,-0.6010555446191596,-0.6151062310982371,-0.6162192402669739,-0.6117891164035989,-0.6159244775614591,-0.6156655133049395,-0.6156550681752132,-0.61594293936058,-0.6159265514947845,-0.6160185730124479,-0.616323392254124,-0.6153746018831909,-0.6154796709477552
115,0.5746231,-0.5983306291744999,-0.5984612732432392,-0.5984983864657302,-0.5979157420367418,-0.6121049984398399,-0.6129157469874871,-0.6089297278810061,-0.6128042245195889,-0.6127082620799379,-0.6126977211690903,-0.6130390799263251,-0.6130220613397636,-0.6131188723262211,-0.6134404521815784,-0.6124521925957114,-0.6125622031593408
116,0.5791457,-0.5952426999011633,-0.5953817725963714,-0.5954002901100409,-0.5947724210895665,-0.6090979457453674,-0.6095989392466841,-0.6060687104704864,-0.6096662175758426,-0.609743321115437,-0.6097326900361447,-0.6101243412701229,-0.6101067145452269,-0.610208130040085,-0.6105458160923919,-0.6095191552427667,-0.6096342162268544
117,0.58366835,-0.5921547364889544,-0.5923022379038148,-0.5923033214710565,-0.5916255787554227,-0.6060846656800373,-0.6062690249742877,-0.6032057106201102,-0.6065105174519526,-0.6067703121803912,-0.6067595968226294,-0.6071983526784979,-0.6071801442494322,-0.6072859710817948,-0.6076390913475797,-0.6065751547551758,-0.6066953743137037
118,0.588191,-0.5890667730767456,-0.5892227032112579,-0.589207326377463,-0.5884752468574328,-0.6030647682059567,-0.6029262610388472,-0.6003403852909073,-0.6033372416720301,-0.6037888834468235,-0.6037780899835378,-0.6042607743466156,-0.6042420145100779,-0.6043520513422248,-0.6047199164908322,-0.6036198871525932,-0.6037453725680785
119,0.5927136,-0.585978843803409,-0.5861432025643901,-0.5861121892664448,-0.5853214573708758,-0.6000378473210162,-0.5995709165751909,-0.5974723696297575,-0.6001465300545782,-0.6007986769733206,-0.6007878118649088,-0.601311265429356,-0.6012919883209588,-0.6014060257760253,-0.601787929549007,-0.6006530473403107,-0.6007839049732547
120,0.5972362,-0.5828909145300725,-0.5830637019175222,-0.5830177553568855,-0.5821641725735645,-0.5970034138200012,-0.5962031981478074,-0.5946012127378181,-0.5969384734472718,-0.5977992624271006,-0.5977883324244289,-0.5983494185102135,-0.5983296620420313,-0.5984474829442292,-0.5988427028717859,-0.5976742631590751,-0.5978105985191009
121,0.60175884,-0.579802957945638,-0.5799841740341033,-0.579923899167097,-0.579003361579311,-0.5939609684873672,-0.5928233305257126,-0.5917264465260165,-0.5937131903164544,-0.5947902094634204,-0.5947792216128376,-0.5953748307799516,-0.5953546365630732,-0.5954760161013816,-0.5958838138499412,-0.5946831669587901,-0.5948250846495867
122,0.60628146,-0.5767150150167525,-0.5769046597689599,-0.5768305810676551,-0.5758390633806196,-0.5909100629544118,-0.5894316242198387,-0.5888476423219764,-0.590470891461648,-0.5917711480977661,-0.5917601097469081,-0.592387163787729,-0.5923665770314213,-0.5924912828939441,-0.5929109044012585,-0.5916794556151337,-0.5918270591631276
123,0.610804,-0.5736271267100626,-0.5738251999769187,-0.5737377751354401,-0.5726713171537028,-0.5878502329995434,-0.5860284011541056,-0.5859643468511064,-0.5872118094302361,-0.5887417028739685,-0.5887306216757705,-0.5893860784675935,-0.5893651478345845,-0.5894929404683463,-0.589923616407284,-0.5886628251156406,-0.5888162169154666
124,0.61532664,-0.5705391701256282,-0.5707456720934998,-0.5706453022623478,-0.569499993875208,-0.5847808356388751,-0.5826138128817252,-0.58307592821846,-0.5839360239874739,-0.5857013314247871,-0.585690215339715,-0.5863710748804811,-0.586349852295378,-0.5864804853455097,-0.5869214321219485,-0.58563280946598,-0.585792091040274
125,0.61984926,-0.5674512271967427,-0.5676661578283564,-0.5675531972831955,-0.5663251746734073,-0.5817014150210643,-0.5791882470629672,-0.5801819196989384,-0.5806438515617963,-0.5826496866860598,-0.5826385439890976,-0.5833418510537265,-0.583320391517944,-0.5834536119411071,-0.5839040314051832,-0.5825891413195937,-0.5827544128830978
126,0.6243719,-0.5643632706123083,-0.5645866299449375,-0.5644613927495346,-0.5631468285426754,-0.5786113913203546,-0.5757519807717519,-0.5772817257641037,-0.5773355130712624,-0.5795863086573775,-0.5795751479407338,-0.5802979974555427,-0.5802763587951602,-0.5804119073161972,-0.5808709875865088,-0.579531444833937,-0.5797028054475453
127,0.62889445,-0.561275375477844,-0.5615071633437585,-0.5613699295866216,-0.559965029940323,-0.5755102722872034,-0.5723054149213365,-0.5743748199689385,-0.5740113591566314,-0.5765108337374343,-0.5764996639149542,-0.5772392046636196,-0.5772174472598793,-0.5773550586859092,-0.5778219743292414,-0.5764594442775408,-0.5766369915910963
128,0.63341707,-0.5581874325489584,-0.558427649078615,-0.558278668964364,-0.5567796633927005,-0.5723973661282149,-0.5688487541781324,-0.5714604747174009,-0.5706715615672873,-0.5734227096128309,-0.5734115399231938,-0.5741649797621391,-0.5741431662358534,-0.5742825700042352,-0.5747564829720614,-0.573372679133167,-0.5735565096987143
129,0.6379397,-0.5550994827922985,-0.5553481280043339,-0.5551876264364395,-0.5535907681329346,-0.5692721178886554,-0.5653823798103004,-0.5685380756351132,-0.5673164725365221,-0.5703215283169593,-0.5703103683279784,-0.5710749773903653,-0.5710531722677717,-0.5711940927979879,-0.5716741524979602,-0.5702708365454018,-0.5704610454611834
130,0.6424623,-0.5520115535189618,-0.552268627357466,-0.5520968072157774,-0.5503983694534854,-0.5661339464359119,-0.5619066670509268,-0.5656069674698349,-0.5639464488886332,-0.5672068639636535,-0.5671957235754024,-0.5679688383842033,-0.5679471077203422,-0.5680892649252878,-0.5685746087639693,-0.5671535891718565,-0.5673502700473677
131,0.6469849,-0.5489236242456254,-0.5491891267105982,-0.549006171483329,-0.5472024432761525,-0.5629822103339266,-0.5584219459689835,-0.5626664212289921,-0.56056181377664,-0.5640782380432433,-0.5640671274915954,-0.564846154913101,-0.5648245658868515,-0.5649676757205874,-0.565457429678926,-0.5640205601733862,-0.564223805167842
132,0.6515075,-0.5458356949722887,-0.5461096260637303,-0.5459157023017659,-0.5440029866617997,-0.5598162781353475,-0.5549285777961624,-0.5597156987381865,-0.5571629304468532,-0.5609351882175497,-0.5609241180773402,-0.5617065388731284,-0.5616851593517642,-0.5618289343556204,-0.5623222134349244,-0.5608713918205022,-0.5610812915382425
133,0.6560301,-0.5427477656989521,-0.5430301254168625,-0.5428253847561222,-0.5407999966691114,-0.556635509076368,-0.5514269316363026,-0.5567540333672518,-0.5537501795891651,-0.5577772480332944,-0.5577662292213373,-0.5585496015182079,-0.5585284995931208,-0.5586726494830161,-0.5591685582008464,-0.557705724996139,-0.5579223684218659
134,0.66055274,-0.5396598091145177,-0.5399505975334435,-0.5397351783302794,-0.5375934419789171,-0.5534392263258272,-0.5479173530554607,-0.5537806039153288,-0.55032392850952,-0.5546039190394253,-0.5545929628179491,-0.5553749253800155,-0.5553541688791505,-0.5554984011604954,-0.5559960340638623,-0.5545231710036799,-0.5547466454961796
135,0.6650754,-0.5365718388745344,-0.5368710560317491,-0.5366450849921403,-0.5343833337550833,-0.5502267892800846,-0.5444002412618569,-0.5507946006150779,-0.5468846062627454,-0.5514147410355722,-0.5514038590142111,-0.5521821343368816,-0.5521617903060569,-0.5523058109092233,-0.5528042530452733,-0.5513233817759755,-0.5515537729092479
136,0.66959804,-0.5334838822901,-0.5337915281483302,-0.5335551216534806,-0.5311696974409856,-0.5469975680529728,-0.5408760180509731,-0.5477951999875088,-0.543432673422364,-0.5482092649812363,-0.54819846911886,-0.5489708664159088,-0.5489510005788855,-0.5490945145311406,-0.5495928419791589,-0.5481060225270182,-0.5483434139854007
137,0.67412066,-0.5303959393612144,-0.5307120138831867,-0.5304652790060244,-0.5279525301335094,-0.5437509030128996,-0.5373450806905493,-0.5447815259414245,-0.5399685757638376,-0.5449870108218097,-0.5449763134292382,-0.5457407313360731,-0.5457214075429082,-0.5458641196536562,-0.5463614000634808,-0.5448707291713886,-0.5451152027346668
138,0.6786433,-0.5273079827767801,-0.5276324859997679,-0.5273755213820526,-0.5247318004263358,-0.5404861066068403,-0.5338078012525634,-0.5417526502151643,-0.5364927431704154,-0.5417474670599437,-0.5417368808029767,-0.5424913097683697,-0.5424725894324978,-0.5426142049808927,-0.5431094980754577,-0.5416171075886969,-0.541868743117916
139,0.68316585,-0.5242200876423158,-0.5245530193985888,-0.5242859164335743,-0.521507583782285,-0.5372026037408868,-0.5302646749645179,-0.5387077212343314,-0.533005735306653,-0.5384902274979899,-0.5384797653952925,-0.5392222903021924,-0.539204231801268,-0.5393444572864076,-0.5398368154704525,-0.5383448707152173,-0.5386037458330031
140,0.68768847,-0.5211321447134303,-0.5214735051334454,-0.5211963481002377,-0.5182797632010798,-0.5338996305302365,-0.5267159909550784,-0.5356456833578757,-0.5295079175085091,-0.5352146895410468,-0.5352043649729824,-0.5359331664675981,-0.5359158245993488,-0.5360543683752153,-0.5365428371012012,-0.5350535352124705,-0.5353197256502868
141,0.6922111,-0.5180441949567703,-0.5183939840591643,-0.5181068512686365,-0.5150483784519293,-0.5305765930382178,-0.5231622156105273,-0.5325656082257035,-0.5259998376939377,-0.5319204069417638,-0.5319102336458953,-0.5326235904580994,-0.5326070158265502,-0.5327435888800335,-0.5332272073100967,-0.5317427755418185,-0.532016354701436
142,0.6967337,-0.5149562656834337,-0.5153144834122964,-0.5150174477336817,-0.511813455177101,-0.5272328980411984,-0.5196038044745146,-0.5294665364403102,-0.5224820413081877,-0.5286069183650642,-0.5285969104372032,-0.5292932009118166,-0.529277439352253,-0.5294117560184938,-0.5298895575899066,-0.5284122514966492,-0.5286932903878421
143,0.7012563,-0.5118683364100971,-0.5122349827654284,-0.5119281119806661,-0.5085749689904266,-0.5238679195663885,-0.5160411623078572,-0.5263474452854326,-0.518955031385411,-0.5252737104213203,-0.5252638823186513,-0.5259415854169108,-0.5259266774453344,-0.5260584560744428,-0.5265294689678216,-0.5250615707307316,-0.5253501379905299
144,0.7057789,-0.5087804071367605,-0.5091554821185607,-0.5088388394400344,-0.5053329169265128,-0.5204810770114521,-0.5124747212801164,-0.5232073198664617,-0.5154193454762899,-0.5219202908867921,-0.5219106574273716,-0.5225683537892695,-0.5225543340555728,-0.522683297703154,-0.5231465454216007,-0.5216903620537108,-0.5219865237982305
145,0.7103015,-0.5056924778634239,-0.5060759814716929,-0.5057496259439489,-0.5020872960177678,-0.5170718182328851,-0.5089049170192635,-0.5200451362262486,-0.5118755317532051,-0.5185461673135405,-0.5185367436764615,-0.5191731162936406,-0.5191600130684749,-0.5192858901461395,-0.5197403920689029,-0.5182982536388968,-0.5186020733597262
146,0.71482414,-0.5026045212789895,-0.5029964535882738,-0.5026604403613611,-0.49883807454120843,-0.5136395945840035,-0.5053321566045671,-0.5168598370284972,-0.5083241168972157,-0.5151508173180637,-0.5151416190453797,-0.5157554534259301,-0.5157432881334596,-0.5158658129918182,-0.5163105848407894,-0.5148848428532188,-0.5151963813779357
147,0.7193467,-0.4995166193167507,-0.4999169801779571,-0.4995713611689412,-0.4955853357844181,-0.51018401915612,-0.5017569762198499,-0.5136504774139711,-0.5047657626243338,-0.5117338396344443,-0.5117248826224645,-0.5123150676629005,-0.5123038544187208,-0.512422768038137,-0.5128568227994381,-0.5114498478065839,-0.5117691629120514
148,0.7238693,-0.49642869004341406,-0.49683747953108925,-0.49648230320066933,-0.4923289905136262,-0.5067045686042541,-0.49817972464642557,-0.5104159472449351,-0.5012009505717585,-0.5082946533073566,-0.5082859538182467,-0.5088514803054391,-0.5088412255954461,-0.5089562759121693,-0.5093786238563133,-0.5079928046424795,-0.5083199513486658
149,0.72839195,-0.4933407266312052,-0.4937579448385326,-0.49339325668550804,-0.4890690284454239,-0.5032008557589225,-0.4946008393910992,-0.5071552232780249,-0.4976302565060676,-0.5048327609998231,-0.5048243356553639,-0.5053642961880302,-0.5053549985424406,-0.5054659409683642,-0.5058755904312228,-0.5045133319431692,-0.5048483622041732
150,0.73291457,-0.4902527837023197,-0.4906784305733891,-0.490304273555944,-0.48580550424203794,-0.49967262426957426,-0.49102083067796376,-0.5038673638770111,-0.4940543345431253,-0.5013477367186436,-0.501339602492977,-0.5018531910552815,-0.5018448408064851,-0.5019514386799422,-0.5023473969036424,-0.5010111180472772,-0.501354080465859
151,0.7374372,-0.4871648339456598,-0.487598909499108,-0.487215323992641,-0.48253838608235644,-0.49611959341255374,-0.48744011482555816,-0.500551364071915,-0.49047375051501124,-0.49783906519298593,-0.4978312394180002,-0.4983177493888049,-0.4983103285666748,-0.49841235331590306,-0.49879362668569927,-0.49748575930410466,-0.49783669920792345
152,0.7419598,-0.4840769046723232,-0.4845194088522402,-0.48412643300692815,-0.4792676999028665,-0.49254162197598716,-0.48385917211286117,-0.4972063079527003,-0.4868891392354315,-0.4943062959987087,-0.49429879635654184,-0.49475761929260953,-0.4947511015843967,-0.4948483329716371,-0.49521392783804874,-0.4939369146530619,-0.4942958738158868
153,0.74648243,-0.4809889549156632,-0.481439887777959,-0.4810375574836274,-0.4759933993270654,-0.48893857546639874,-0.48027840386904136,-0.4938312446301962,-0.4833010612271005,-0.49074890415174677,-0.49074174867939246,-0.4911723716350214,-0.49116672250252347,-0.4912589485634655,-0.4916078714704421,-0.49036416525405113,-0.4907311819292302
154,0.75100505,-0.47790101198677776,-0.4783603735128157,-0.4779487227632463,-0.47271551030289927,-0.48531049373527063,-0.47669829042088996,-0.49042534520801107,-0.47971016049498005,-0.48716644687123856,-0.4871596539503367,-0.48756165762794673,-0.4875568345209012,-0.48764385158024226,-0.4879751101878903,-0.48676717165391925,-0.4871422802474722
155,0.7555276,-0.4748131168523134,-0.4752809069116366,-0.474859967987027,-0.46943407342275423,-0.48165753879348583,-0.47311932730157524,-0.4869878549538029,-0.47611710049498945,-0.48355850286640656,-0.48355209121749965,-0.4839251472430697,-0.48392109998309435,-0.4840027124429459,-0.484315316222121,-0.48314561244253457,-0.4835288433205972
156,0.76005024,-0.47172516026787903,-0.4722013790282177,-0.4717711821740118,-0.46614896957929897,-0.4779798098858813,-0.4695418349684872,-0.48351791971913594,-0.47252237256348373,-0.4799244799805541,-0.47991846867822985,-0.48026233490424763,-0.4802590062767833,-0.48033502593747146,-0.48062798581811594,-0.47949899092339754,-0.47989037064651163
157,0.76457286,-0.46863721733899344,-0.46912186476307427,-0.4686824388629262,-0.4628602755953425,-0.4742777507741028,-0.4659663461347848,-0.48001497071732757,-0.46892668451845987,-0.47626400738136365,-0.47625841582714756,-0.4765729343553674,-0.47657026080653764,-0.4766405065909023,-0.47691283665940254,-0.4758270284570991,-0.4762265791274688
158,0.7690955,-0.46554926075455905,-0.46604233687965535,-0.4655937092564668,-0.45956795938788403,-0.4705518210663838,-0.46239327303797195,-0.47647841674287117,-0.465330626183681,-0.47257660040072547,-0.4725714483314527,-0.47285654040463965,-0.4728544530152851,-0.4729187499794886,-0.4731694674175883,-0.47212932777262356,-0.4725370671300705
159,0.7736181,-0.4624613314812225,-0.4629628362327875,-0.4625050329516844,-0.4562720616601045,-0.4668027117425755,-0.4588231047052267,-0.4729078501037294,-0.4617348673196598,-0.4688618627892648,-0.4688571702623141,-0.46911283232056,-0.46911125796938913,-0.4691694364007312,-0.4693975625372784,-0.46840557559584367,-0.4688215166566566
160,0.7781407,-0.45937340220788586,-0.45988333558591965,-0.45941638134208473,-0.45297255030868133,-0.4630311922806505,-0.45525624854472424,-0.4693029042473331,-0.45813999783964154,-0.4651193242786013,-0.46511511167610387,-0.4653414096537252,-0.46534027245401005,-0.46539216645796844,-0.465596726864576,-0.46465537947840047,-0.4650795305298736
161,0.78266335,-0.45628543879567707,-0.4568038008933629,-0.45632771907655567,-0.4496693857926224,-0.45923819603316396,-0.4516931011924302,-0.4656633375929274,-0.45454659865625907,-0.46134851346020916,-0.4613448014848788,-0.46154186522765356,-0.4615410882187194,-0.4615865341478931,-0.46176655912431064,-0.4608783406677675,-0.46131070509357164
162,0.78718597,-0.45319749586679153,-0.4537242866282195,-0.4532390996622484,-0.446362623511525,-0.4554249507314997,-0.44813415830190934,-0.4619891630958204,-0.45095535213299864,-0.4575490761502409,-0.4575458858045062,-0.45771390391087635,-0.4577134110335965,-0.4577522458294545,-0.45790677168212407,-0.45707417235660636,-0.45751474820104937
163,0.7917085,-0.45010961438787606,-0.45064483364531605,-0.45015056301740003,-0.44305230447174127,-0.45159286619754113,-0.4445798957005054,-0.45828054610988356,-0.4473669219898126,-0.45372065276195367,-0.45371800534190765,-0.4538572185309966,-0.4538569369360594,-0.4538889959502033,-0.45401706551429044,-0.4532425765038879,-0.45369135630242025
164,0.79623115,-0.44702165097566726,-0.4475652989527594,-0.44706196473753246,-0.4397382719155828,-0.4477433327336534,-0.4410305729895876,-0.4545376129524969,-0.4437817544468452,-0.4498626643321997,-0.449860581453279,-0.44997127386377883,-0.4499711365649223,-0.4499962506471399,-0.4500969122438713,-0.4493830296075153,-0.44984000066370183
165,0.8007538,-0.4439336875634584,-0.4444857642602027,-0.44397338584309287,-0.4364206106184124,-0.4438782422703912,-0.43748670456235345,-0.45076096194606075,-0.4402005534806261,-0.4459748220913031,-0.4459733256407241,-0.44605581943524775,-0.4460557683038735,-0.4460737614272593,-0.44614607136158135,-0.44549529241837726,-0.44596043598602264
166,0.8052764,-0.44084575829012174,-0.4414062636133348,-0.4408848596049164,-0.4330993543045515,-0.43999966197086016,-0.43394874455547416,-0.44695135570407896,-0.43662396247138313,-0.4420567912317917,-0.4420559033672624,-0.44211055025126145,-0.4421105394262173,-0.4421212253289781,-0.4421642480974686,-0.4415790731223833,-0.4420523643079667
167,0.80979896,-0.437757856327883,-0.43832679020301807,-0.43779637837068075,-0.42977449272241885,-0.43610985263432284,-0.4304170946651959,-0.4431097458960393,-0.4330525716179893,-0.43810819812985524,-0.4381079412779989,-0.4381351135727592,-0.4381351132854919,-0.4381382916954172,-0.4381511001862759,-0.4376340344787133,-0.4381154421186142
168,0.8143216,-0.4346698997434486,-0.43524726231959915,-0.43470785941730405,-0.4264459345845013,-0.43221123515415727,-0.42689206525405576,-0.439237247338335,-0.42948687815555286,-0.4341285849055264,-0.4341289817685904,-0.43412906267339757,-0.43412906351979175,-0.43412451582949085,-0.43410619110924487,-0.4336597483810195,-0.43414923499970126
169,0.8188442,-0.43158197047011193,-0.4321677616727312,-0.43161938396316035,-0.4231137651389362,-0.4283067017198756,-0.4233741478419263,-0.435335456950279,-0.4259275616431799,-0.4301177179761687,-0.4301187914877195,-0.4300921668942402,-0.43009218458550935,-0.43007966964463373,-0.4300293031469968,-0.4296560038439697,-0.4301535249803612
170,0.8233668,-0.42849404119677537,-0.4290882610258634,-0.4285309240034644,-0.419777951939701,-0.42439927949071654,-0.4198637026749199,-0.4314061319196977,-0.4223751676206192,-0.42607523824404747,-0.42607701158089994,-0.42602405891831896,-0.42602413953979784,-0.4260033882654518,-0.42592008126418585,-0.42562245743465055,-0.42612796167907085
171,0.8278894,-0.4254061119234388,-0.4260087603789956,-0.4254424788881011,-0.4164384919615156,-0.42049230941963084,-0.4163611144034448,-0.42745137932378763,-0.41883026471539536,-0.4220008371975046,-0.42200333376265786,-0.4219244114847872,-0.42192463729275265,-0.4218953470776763,-0.42177821151279815,-0.42155880904798243,-0.42207223771542
172,0.832412,-0.4223181826501021,-0.4229292597321277,-0.4223540480028239,-0.4130953821768602,-0.4165894165397786,-0.4128667605251415,-0.42347364050808484,-0.41529341238392675,-0.4178942226681097,-0.41789746607876505,-0.4177929023370503,-0.4177933981246782,-0.4177552266081208,-0.4176033856373589,-0.4174647675935619,-0.41798605446338993
173,0.8369346,-0.41923025337676556,-0.41984975908525984,-0.41926563076681467,-0.4097486195559741,-0.41269451248858546,-0.4093810110412164,-0.4194757087230737,-0.4117651602266036,-0.41375511966279455,-0.41375913373776346,-0.41362921447362677,-0.41363015453758056,-0.4135827127746261,-0.4133953013211794,-0.413340051739298,-0.4138691227901472
174,0.84145725,-0.4161422899645567,-0.4167702243927031,-0.41617719248638807,-0.40639816400578854,-0.4088117526032313,-0.40590418973259923,-0.4154607010814573,-0.4082460084615468,-0.40958322490677174,-0.4095880336621818,-0.40943298983444487,-0.409434605583021,-0.4093774504703016,-0.40915361535929984,-0.409184344576711,-0.4097211178015696
175,0.84597987,-0.41305434703567123,-0.41369071012755976,-0.41308878727170373,-0.40304407173310436,-0.4049456873903707,-0.4024367121703909,-0.41143223328730727,-0.4047365472904778,-0.40537837388799075,-0.40538400150062703,-0.405203996715695,-0.40520658491462985,-0.40513921133800035,-0.4048781128823147,-0.40499745996941183,-0.40554184488047706
176,0.8505025,-0.4099663972790112,-0.41061118905327854,-0.41000038731418487,-0.39968631006060173,-0.40110104130925106,-0.39897889315121704,-0.4073942105335637,-0.4012372616675506,-0.40114031130582906,-0.4011467821196264,-0.4009418982697749,-0.40094583002103745,-0.4008676617707235,-0.4005684733435264,-0.4007791138671178,-0.4013310114234604
177,0.8550251,-0.40687846800567473,-0.40753168840641074,-0.40691201946099104,-0.39632490567123474,-0.3972828735558748,-0.3955310999153865,-0.4033510154285338,-0.39774868605827723,-0.39686887718794783,-0.3968762156841471,-0.39664643908771174,-0.3966521694990536,-0.39656254989702355,-0.39622445912844495,-0.3965291096735451,-0.3970884118675958
178,0.85954773,-0.40379051824901474,-0.40445216733212963,-0.40382364229565265,-0.3929598109292086,-0.3934964107336671,-0.39209361434003714,-0.3993073544829901,-0.3942712646847345,-0.3925638387454949,-0.39257206954597085,-0.39231727548004774,-0.3923253541579035,-0.39222353548237654,-0.3918457439266442,-0.3922471709349375,-0.3928137606742755
179,0.8640703,-0.4007026094590015,-0.40137268711267504,-0.4007353168548785,-0.38959108979293444,-0.38974723728448724,-0.38866682293462274,-0.3952684849576954,-0.39080554344595614,-0.3882251283392931,-0.38823427616056183,-0.38795421415605186,-0.3879652963762657,-0.38785042914607115,-0.38743215411559995,-0.38793317813353484,-0.3885069287152794
180,0.8685929,-0.3976146801856649,-0.39829318646580725,-0.39764698127959497,-0.3862186722152671,-0.3860409949058113,-0.38525096591269764,-0.3912399191154877,-0.38735191580125516,-0.3838525297260773,-0.38386261939814087,-0.38355689607806526,-0.38357175496751106,-0.383442875492267,-0.38298334897675257,-0.38358685672898046,-0.38416763184289504
181,0.87311554,-0.3945267236012305,-0.39521365858238827,-0.39455862836032435,-0.3828425476063051,-0.38238356951425095,-0.3818463345190972,-0.3872276510938209,-0.3839108221131674,-0.37944592656291987,-0.3794569829960711,-0.3791250457156024,-0.37914458516196536,-0.3790006029296172,-0.3784990727942967,-0.37920802443910634,-0.37979567775162193
182,0.87763816,-0.391438780672345,-0.3921341443172449,-0.3914702987064668,-0.37946275768126014,-0.37878104207357205,-0.37845326229293097,-0.38323813547208746,-0.38048274045254166,-0.3750052965057921,-0.37501734465673986,-0.3746584644870294,-0.37468373288085194,-0.37452341710459186,-0.3739791482548359,-0.3747965854066709,-0.3753909601728726
183,0.8821608,-0.3883508240879106,-0.38905461643382594,-0.38838196465829933,-0.3760792694954851,-0.3752395076104082,-0.3750719970134147,-0.37927811859078936,-0.3770680569272616,-0.37053054597984825,-0.3705436108538823,-0.3701568639347462,-0.3701890690212655,-0.37001103368025273,-0.3694233076285501,-0.3703523662052451,-0.3709532951390558
184,0.8866834,-0.385262894814574,-0.3859751157869581,-0.3852936668585558,-0.3726921249062107,-0.3717651825605203,-0.3717028504826342,-0.37535478926209526,-0.3736672167496385,-0.3660217075385805,-0.36603581414715874,-0.3656200636000427,-0.36566058801858164,-0.3654632766782787,-0.3648313929940119,-0.3658753121060501,-0.3664826169567749
185,0.891206,-0.3821749655412373,-0.3828956151400902,-0.38220537767928875,-0.3693012909480573,-0.36836418867197535,-0.36834604875750016,-0.37147557017185956,-0.3702805727445467,-0.3614787429748405,-0.3614939163374093,-0.36104779230269024,-0.3610982104092593,-0.3608798792800872,-0.36020315511097245,-0.36136529176183396,-0.36197878318476934
186,0.89572865,-0.3790870021290285,-0.3798160804475335,-0.3791170626788086,-0.36590672701308025,-0.36504255887160586,-0.36500179971259705,-0.3676481561890431,-0.3669084534191584,-0.3569016319772741,-0.3569178971031422,-0.3564397766271206,-0.3565018722489222,-0.3562605725190326,-0.3555383429428638,-0.3568221855524465,-0.35744166284664847
187,0.9002512,-0.3759991069945642,-0.3767366138463545,-0.37602882399995036,-0.36250854268669536,-0.36180631076592773,-0.36167044736825776,-0.3638806370317602,-0.36355131824727777,-0.35229058767247734,-0.3523079694897867,-0.3517959573420133,-0.351871741915289,-0.3516053022322615,-0.35083692275380196,-0.35224609976264876,-0.35287135034916783
188,0.90477383,-0.3729111572379042,-0.3736570927720733,-0.372940538456633,-0.3591065996802069,-0.3586609785943078,-0.35835208069248364,-0.3601809903136698,-0.3602093631409266,-0.3476455188229522,-0.34766404223663183,-0.3471159471963611,-0.3472076804646075,-0.3469136855202464,-0.3460985291816216,-0.3476368331398841,-0.3482676327345797
189,0.90929645,-0.3698232143090187,-0.37057757850692996,-0.36985226724544873,-0.3557009625402956,-0.35561195181750016,-0.3550469757911923,-0.35655750948573034,-0.3568829659291641,-0.3429666414752737,-0.34298633127691047,-0.34239964620471147,-0.3425098562375001,-0.34218562754406007,-0.3413230881289557,-0.34299448426762325,-0.34363059629076376
190,0.9138191,-0.36673525089680986,-0.3674980438143733,-0.3667639828037041,-0.3522915980533038,-0.35266408782432157,-0.35175530122493426,-0.3530183858465862,-0.35357238923239864,-0.33825407180779465,-0.33827495268377666,-0.33764683091417663,-0.33777833645700067,-0.33742090977612604,-0.33651040091825013,-0.33831904786772005,-0.3389602233727547
191,0.9183417,-0.36364732162347324,-0.3644185431675053,-0.36367573952136084,-0.34887856348078,-0.3498217700310305,-0.3484773005847605,-0.34957181038113805,-0.35027796404286393,-0.33350808562339407,-0.33353018209795166,-0.33285741533335034,-0.33301334822742823,-0.33261945157582945,-0.33166040847368433,-0.33361067266935973,-0.3342566499908833
192,0.9228643,-0.3605593923501367,-0.36133904252063753,-0.36058750302838216,-0.3454618180784571,-0.34708862710231136,-0.34521311044231034,-0.3462256675328213,-0.34699990647804124,-0.3287288587256255,-0.3287521951690704,-0.3280311884270875,-0.3282150183309118,-0.3277810470235037,-0.32677292549202674,-0.3288694042465206,-0.3295199089418082
193,0.92738694,-0.3574714357657023,-0.3582595146372186,-0.3574992457931997,-0.34204132850283836,-0.34446750271120674,-0.34196286257787845,-0.34298752438199215,-0.3437384205333676,-0.32391661269390154,-0.32394121329407227,-0.3231679603663499,-0.32338352006283844,-0.32290551153192826,-0.3218477885116652,-0.3240953300803489,-0.32475007472119116
194,0.93190956,-0.35438349283681675,-0.3551800003720752,-0.35441100857786983,-0.3386171370302774,-0.3419603719549177,-0.3387267479516885,-0.3398645541197838,-0.34049376203490384,-0.31907171308648113,-0.31909760179324315,-0.31826766124908645,-0.3185191723060288,-0.3179927808156017,-0.3168849558829541,-0.31928867743147116,-0.31994736134157586
195,0.9364321,-0.35129560453012687,-0.352100540580034,-0.3513228321528548,-0.3351892861321826,-0.3395681412224015,-0.33550494391763197,-0.3368633082319635,-0.3372661653278795,-0.31419456591317235,-0.31422176640876076,-0.31333023607515154,-0.3136223360783059,-0.3130428055980087,-0.3118844013967893,-0.3144497111201225,-0.31511202024441315
196,0.94095474,-0.3482076479456924,-0.349021012696615,-0.3482345934151908,-0.3317576362714462,-0.33729039183088855,-0.33229744425712066,-0.3339894051317272,-0.33405567310802997,-0.30928535731879564,-0.3093138930588707,-0.30835538023295445,-0.3086931536408724,-0.30805528642039054,-0.30684584636139084,-0.3095784757124949,-0.31024408267751113
197,0.94547737,-0.34511969818903254,-0.3459414916223339,-0.3451463672936991,-0.3283222677177191,-0.33512551819326125,-0.32910443624267244,-0.3312477062168287,-0.3308625139907089,-0.3043446271342806,-0.3043745212337907,-0.30334311961872545,-0.30373212484484047,-0.3030302552328856,-0.301769347125397,-0.30467536508455123,-0.30534392886791706
198,0.95,-0.34203174843237255,-0.34286197054805273,-0.34205814678369695,-0.32488316980104287,-0.33307037375454185,-0.32592600841055797,-0.3286418615184497,-0.3276868096639088,-0.2993728279273312,-0.29940410316442057,-0.2982933636329615,-0.2987396648710451,-0.29796762725120735,-0.2966548423410447,-0.29974068543334403,-0.30041185139104315
