,0,1,2,01,02,12,00,11,22
0,0.32923874,0.3374848,0.33369818,-0.004586719,-0.003299633,0.0025425525,0.004556227,0.003697874,-0.00990631
1,0.3164879,0.36403847,0.3342492,-0.031258415,-0.0069450773,0.027449165,0.018485177,0.030791882,-0.01549644
2,0.29963037,0.39244628,0.35596487,-0.059786826,-0.022914924,0.054192346,0.031475656,0.048859604,0.005115222
3,0.3007022,0.42204162,0.37336728,-0.087728314,-0.013737361,0.08002946,0.035934925,0.03242882,0.020676073
4,0.30505705,0.45256907,0.36376905,-0.11199356,-0.008472934,0.10772654,0.016186073,0.0076324884,0.005172398
5,0.32279968,0.4811974,0.3617379,-0.1401734,0.009227863,0.13504459,-0.0067993538,-0.012947591,0.0044894125
6,0.34373432,0.5097171,0.35956874,-0.1685638,0.020156652,0.16359511,-0.035457544,-0.03188707,0.00810503
7,0.3711825,0.5369431,0.35831812,-0.19479972,0.035779066,0.19226779,-0.06740518,-0.049050607,0.016468696
8,0.3990597,0.56464684,0.36247844,-0.22275308,0.04479464,0.22173476,-0.09377727,-0.06020876,0.030976925
9,0.41360223,0.59524393,0.3751576,-0.251685,0.02881732,0.25341034,-0.10831281,-0.06530387,0.05151292
10,0.42739746,0.62737674,0.3859163,-0.27975422,0.009574836,0.28686503,-0.12710351,-0.07201124,0.070593745
11,0.45080802,0.65638316,0.4058438,-0.31236747,-8.277013e-05,0.3173449,-0.14085823,-0.070390746,0.09730969
12,0.47848618,0.68621725,0.4202879,-0.34167206,-0.0041365856,0.34907842,-0.16142899,-0.07421112,0.118944444
13,0.5048544,0.7169268,0.43512303,-0.36963063,-0.0155701665,0.38133615,-0.18339407,-0.080772296,0.14046048
14,0.5343458,0.7470335,0.4530914,-0.40165192,-0.026111396,0.41242424,-0.20240009,-0.08277704,0.16356437
15,0.5673699,0.7765574,0.4691029,-0.43282127,-0.03303208,0.44273153,-0.22544748,-0.08438181,0.1844976
16,0.59838355,0.80661947,0.48480022,-0.46212426,-0.045482103,0.4733683,-0.2505391,-0.08889095,0.20483485
17,0.62580013,0.83783925,0.50094324,-0.49160278,-0.06305496,0.5044806,-0.27502882,-0.09438364,0.22513297
18,0.6582801,0.8670208,0.5164553,-0.52015114,-0.071401626,0.53378284,-0.30267805,-0.0997152,0.24517322
19,0.69178504,0.89388144,0.536834,-0.55014527,-0.07907319,0.5604117,-0.326668,-0.10086368,0.26956362
20,0.72261924,0.92240554,0.5546276,-0.5792113,-0.0912915,0.5882435,-0.34950748,-0.104088716,0.29106227
21,0.7533417,0.95066935,0.572929,-0.6075146,-0.10414926,0.61566836,-0.37305954,-0.107497595,0.3129182
22,0.78541064,0.97788703,0.5913391,-0.63480294,-0.11499025,0.64209926,-0.39891824,-0.110848576,0.3349511
23,0.81537163,1.0060841,0.6089702,-0.66231996,-0.12890318,0.66928345,-0.42404088,-0.11517586,0.3558429
24,0.84617424,1.0330385,0.62760025,-0.69017935,-0.1403686,0.6952544,-0.44855446,-0.11799045,0.37749842
25,0.87790966,1.058918,0.6453384,-0.71556675,-0.15096053,0.7204925,-0.47481072,-0.12234941,0.39859065
26,0.90824825,1.0860641,0.660361,-0.7430348,-0.16236004,0.74666494,-0.49824485,-0.12454551,0.41596586
27,0.9388334,1.1112616,0.6773491,-0.76899296,-0.1747706,0.7710715,-0.5228417,-0.1254362,0.4350277
28,0.96695226,1.1377563,0.6901108,-0.7919492,-0.18992697,0.79681116,-0.5489433,-0.13008197,0.44999096
29,0.9962037,1.1636382,0.70348656,-0.8167144,-0.20203741,0.82193077,-0.57212216,-0.13298121,0.4654411
30,1.0264411,1.1869451,0.7226896,-0.844686,-0.2119535,0.8442029,-0.59070337,-0.12921996,0.48602167
31,1.0537901,1.2127521,0.7330965,-0.8660973,-0.22501613,0.86924994,-0.61493087,-0.13423844,0.49856672
32,1.0818877,1.236575,0.74710363,-0.8882423,-0.23684551,0.89223754,-0.6370701,-0.13649172,0.5144178
33,1.1117642,1.2598475,0.76153654,-0.91203725,-0.2451781,0.9145392,-0.6577687,-0.1370067,0.5303897
34,1.1407516,1.2837284,0.7745389,-0.9356785,-0.25408036,0.9373729,-0.67807454,-0.13817894,0.5448028
35,1.1701477,1.3069179,0.7884863,-0.9576421,-0.26262146,0.95955443,-0.700058,-0.14066225,0.5600498
36,1.1989082,1.3309411,0.8010809,-0.9793419,-0.27051935,0.98234236,-0.72312045,-0.14429036,0.57403594
37,1.2268525,1.3545989,0.81440246,-1.0006927,-0.27930304,1.0047177,-0.7462101,-0.14764425,0.5888523
38,1.255184,1.3780318,0.82794416,-1.0222849,-0.2872166,1.026925,-0.7687682,-0.15095493,0.6038043
39,1.2844838,1.4011004,0.8415651,-1.0451217,-0.29246977,1.0486814,-0.7903707,-0.1525822,0.61863565
40,1.3133752,1.4239182,0.8551144,-1.0669745,-0.29855153,1.07032,-0.8123548,-0.1547363,0.63338286
41,1.341055,1.4469095,0.86873984,-1.0883244,-0.30628598,1.0921828,-0.8343829,-0.15754879,0.6480795
42,1.3688233,1.4701735,0.88061076,-1.1089634,-0.3128922,1.114483,-0.85749984,-0.16149953,0.66106695
43,1.3966222,1.4926198,0.89340276,-1.1297811,-0.31987172,1.1361936,-0.8795083,-0.16443497,0.67487293
44,1.4246355,1.5146681,0.9068148,-1.1516408,-0.32608718,1.1576539,-0.90032923,-0.16607676,0.6889048
45,1.4529067,1.536636,0.91890967,-1.1727477,-0.33209172,1.17949,-0.92179674,-0.16877013,0.701658
46,1.481007,1.558275,0.93131673,-1.1934175,-0.33791655,1.200986,-0.9433979,-0.17148805,0.71467197
47,1.509313,1.579586,0.9438299,-1.2151177,-0.34355393,1.2223879,-0.9634103,-0.17289492,0.72760767
48,1.5370215,1.6008791,0.95579386,-1.2348348,-0.3501793,1.2437326,-0.9851621,-0.17566597,0.7401107
49,1.5630434,1.622263,0.9683833,-1.2545524,-0.35863954,1.2649972,-1.0058835,-0.17814636,0.7532431
50,1.5900021,1.6430223,0.98104495,-1.2746994,-0.3649093,1.2856269,-1.0262079,-0.17940396,0.7662426
51,1.6163841,1.664025,0.9933115,-1.2947006,-0.37171388,1.3064095,-1.0460658,-0.18087271,0.77892464
52,1.6428815,1.6849078,1.00498,-1.3148859,-0.37799618,1.3272082,-1.0658978,-0.18175419,0.79106003
53,1.6677437,1.7057267,1.0181566,-1.3346167,-0.38684046,1.3476295,-1.0850894,-0.18231131,0.80491114
54,1.6930561,1.7260414,1.0318024,-1.35509,-0.3934901,1.3673364,-1.1033113,-0.18154448,0.81911397
55,1.717977,1.7461442,1.0447975,-1.3741091,-0.4011961,1.3869512,-1.1225104,-0.18149835,0.832634
56,1.7417525,1.766937,1.0560727,-1.3927959,-0.41029438,1.4073046,-1.1415877,-0.18211022,0.84428376
57,1.7655208,1.7874336,1.067308,-1.410546,-0.4194954,1.4274235,-1.1613703,-0.18335901,0.85610974
58,1.789891,1.8075882,1.0794873,-1.429076,-0.42775336,1.4472603,-1.1798768,-0.18419184,0.8687636
59,1.814015,1.8275362,1.0926069,-1.4487733,-0.43531266,1.4665619,-1.1969043,-0.18338491,0.88231355
60,1.8380215,1.8474479,1.1051228,-1.4675716,-0.44329113,1.4859612,-1.2145365,-0.18362258,0.89542884
61,1.8613036,1.8675724,1.1175451,-1.4859922,-0.45208493,1.5055764,-1.2327783,-0.18434773,0.9081115
62,1.88531,1.8877459,1.1282582,-1.5036551,-0.45828247,1.5251955,-1.252855,-0.1855752,0.9190542
63,1.9096965,1.907158,1.1403556,-1.5229295,-0.46483636,1.5443412,-1.2697958,-0.18507378,0.9314193
64,1.9338323,1.9265918,1.1519607,-1.5410575,-0.471971,1.5635644,-1.287612,-0.1855662,0.9433237
65,1.9565278,1.9466026,1.1629777,-1.5579697,-0.4808928,1.5832865,-1.3060375,-0.18789715,0.95459384
66,1.9800806,1.9659106,1.1739018,-1.5757564,-0.48767072,1.6024284,-1.323294,-0.1888486,0.9654839
67,2.004824,1.9840659,1.1849073,-1.5928546,-0.49243453,1.6207442,-1.3419232,-0.1894419,0.9764402
68,2.0281453,2.002693,1.1967407,-1.6114396,-0.49860123,1.6392797,-1.3579078,-0.1889886,0.9879255
69,2.0538116,2.020207,1.2076552,-1.6296394,-0.50065464,1.6568989,-1.3753122,-0.18787861,0.998714
70,2.0753746,2.039418,1.2177979,-1.6456513,-0.50994235,1.6762269,-1.3927667,-0.19034214,1.0086659
71,2.0986128,2.0577161,1.2274065,-1.6610118,-0.5159367,1.6947381,-1.4119568,-0.1925454,1.0181682
72,2.120705,2.0764153,1.2373799,-1.6774145,-0.5235403,1.7136002,-1.428804,-0.19417053,1.0277857
73,2.1445167,2.093771,1.248335,-1.6949406,-0.5274648,1.7311826,-1.4449954,-0.19379406,1.038494
74,2.168324,2.111095,1.2587624,-1.7125598,-0.53080356,1.7487501,-1.4612559,-0.19311483,1.04857
75,2.190568,2.1292121,1.2681131,-1.7280086,-0.5364318,1.7671093,-1.4790626,-0.19529386,1.0574988
76,2.2129598,2.1471686,1.2777147,-1.7435275,-0.5419607,1.7853291,-1.4970855,-0.1970641,1.0667306
77,2.23559,2.1648607,1.2872574,-1.7588903,-0.5470992,1.8034327,-1.5145804,-0.19918793,1.0759696
78,2.2605748,2.181123,1.2983668,-1.7771698,-0.5473142,1.820027,-1.5303361,-0.19683108,1.0864044
79,2.2837808,2.198276,1.307939,-1.7918909,-0.55112857,1.8375819,-1.5482982,-0.19898541,1.0956935
80,2.3055358,2.2159946,1.3168436,-1.8060343,-0.5570503,1.855633,-1.5663145,-0.20176974,1.1042961
81,2.3275898,2.233414,1.3250679,-1.8197417,-0.5614946,1.8732568,-1.5850196,-0.204114,1.1119742
82,2.3498073,2.2497652,1.3346324,-1.8346546,-0.56553745,1.8898287,-1.6013037,-0.20405634,1.120969
83,2.3728628,2.2658818,1.3437482,-1.8500854,-0.56804997,1.9062982,-1.6169955,-0.20369841,1.1295161
84,2.3959315,2.2813587,1.3530874,-1.8646879,-0.57092494,1.922327,-1.632889,-0.2036924,1.1384898
85,2.4173443,2.2975771,1.3618388,-1.8795316,-0.5759113,1.9391717,-1.6475359,-0.20431666,1.1464323
86,2.4402237,2.3131013,1.3696831,-1.8930198,-0.57852364,1.9554654,-1.6643956,-0.20546179,1.1534225
87,2.4609394,2.329493,1.3781443,-1.9068954,-0.58398175,1.9722136,-1.6795987,-0.20644464,1.1610607
88,2.482937,2.3451061,1.386492,-1.9208463,-0.5861234,1.9879231,-1.695372,-0.2065271,1.168956
89,2.503558,2.3614032,1.3951768,-1.935027,-0.590384,2.004319,-1.7103187,-0.20701362,1.1770205
90,2.5257075,2.376817,1.4037455,-1.9485971,-0.5923078,2.0201824,-1.7260904,-0.20820726,1.1850218
91,2.547741,2.392437,1.4117173,-1.9617018,-0.5942756,2.0362408,-1.7422326,-0.20995711,1.1925168
92,2.5684838,2.4084773,1.419988,-1.9750812,-0.5980842,2.0525656,-1.7571096,-0.21181358,1.2004383
93,2.5907428,2.423575,1.4287269,-1.9894173,-0.59916246,2.0680609,-1.772065,-0.21171395,1.2086682
94,2.6124377,2.4387918,1.4376563,-2.0031366,-0.60139334,2.0837402,-1.786937,-0.21246552,1.2170169
95,2.6341105,2.4542754,1.4457885,-2.0168495,-0.6028883,2.0995646,-1.8020618,-0.21326703,1.2246379
96,2.655793,2.4696333,1.4535292,-2.0302022,-0.6044817,2.1154237,-1.8172569,-0.21437404,1.2319369
97,2.6766171,2.4851532,1.460945,-2.0422904,-0.60710144,2.1313736,-1.8332852,-0.21642713,1.2389535
98,2.696489,2.500819,1.4681822,-2.0536904,-0.6112299,2.1474257,-1.8494513,-0.21864751,1.2457416
99,2.7171843,2.5158775,1.4758265,-2.066502,-0.6134284,2.162819,-1.8645009,-0.21881345,1.2527431
100,2.7384102,2.530144,1.4844139,-2.0805118,-0.6151483,2.177618,-1.8778743,-0.21741557,1.2607466
101,2.7582014,2.5453684,1.4923635,-2.0936604,-0.6188866,2.1932554,-1.8913263,-0.21767822,1.2682256
102,2.7787879,2.5598612,1.5000888,-2.1062496,-0.62098575,2.2082403,-1.905545,-0.21790409,1.2755986
103,2.7980309,2.574807,1.5078942,-2.1184494,-0.62561625,2.2237284,-1.9193774,-0.21868002,1.2829818
104,2.8177478,2.589641,1.5149692,-2.130296,-0.62915903,2.2391522,-1.9333674,-0.2198546,1.289628
105,2.8387616,2.6035557,1.5229403,-2.143839,-0.6302026,2.2535422,-1.946206,-0.21847892,1.2972023
106,2.8582566,2.6183164,1.5302154,-2.1557791,-0.63361984,2.268771,-1.959811,-0.21929011,1.3040366
107,2.8779,2.6331174,1.537093,-2.167675,-0.6364562,2.2840323,-1.9738246,-0.21999693,1.3103262
108,2.8978148,2.6476257,1.5437434,-2.179144,-0.6383436,2.2989204,-1.9883552,-0.22070792,1.3164954
109,2.9161456,2.6622787,1.551325,-2.1911185,-0.6427134,2.3138957,-2.0009272,-0.22100912,1.3236585
110,2.9358206,2.676085,1.558599,-2.2026608,-0.6445918,2.3280718,-2.0145266,-0.22087148,1.330542
111,2.9547393,2.6903272,1.5658821,-2.2144766,-0.64740133,2.3426394,-2.027389,-0.22084925,1.3373177
112,2.9740882,2.7043266,1.5732535,-2.2267041,-0.64928955,2.3569458,-2.0399203,-0.22046052,1.3443161
113,2.9933617,2.7182333,1.580802,-2.2385573,-0.65148544,2.3712585,-2.0525522,-0.2205092,1.3515048
114,3.0132596,2.731965,1.587531,-2.2500772,-0.6525902,2.3855524,-2.0659573,-0.22082385,1.357823
115,3.0319226,2.7462096,1.5941318,-2.260774,-0.65557885,2.4003015,-2.0793417,-0.22218607,1.3639444
116,3.0501416,2.7604854,1.6009738,-2.2714913,-0.65875983,2.4148514,-2.0925965,-0.22307177,1.3703538
117,3.0692964,2.7738976,1.6082789,-2.2827318,-0.6599107,2.4284368,-2.1054409,-0.22286323,1.3774624
118,3.087739,2.7879608,1.6151651,-2.2946408,-0.6621635,2.4428039,-2.117481,-0.22274928,1.3838269
119,3.1063592,2.8017886,1.6219057,-2.3054254,-0.6636942,2.4568968,-2.1306522,-0.2235741,1.390161
120,3.1254706,2.8151543,1.6287621,-2.316314,-0.66478777,2.4706688,-2.143844,-0.2238975,1.3966414
121,3.143066,2.829176,1.6355964,-2.3267756,-0.66838616,2.4851162,-2.1565204,-0.22512405,1.4030851
122,3.1612165,2.8430989,1.6417296,-2.3369205,-0.670807,2.4994369,-2.169878,-0.22641468,1.4088241
123,3.1801264,2.8563144,1.6486326,-2.348234,-0.67170966,2.5130775,-2.1820493,-0.22624107,1.4152722
124,3.198733,2.8690083,1.6566838,-2.3607793,-0.672886,2.5261292,-2.1926956,-0.22413616,1.4227883
125,3.2166455,2.8817537,1.6637176,-2.3712554,-0.6750353,2.5391946,-2.2050674,-0.22325176,1.42938
126,3.2331564,2.8945904,1.6695261,-2.380805,-0.67928493,2.5523577,-2.2171142,-0.22222343,1.4346684
127,3.2485893,2.9073975,1.674865,-2.3894525,-0.6844399,2.5651934,-2.2290766,-0.22121537,1.4397116
128,3.2639887,2.919587,1.6801841,-2.3980293,-0.6896895,2.5773635,-2.2400825,-0.21963935,1.4449556
129,3.2798586,2.931711,1.6849828,-2.4077876,-0.6933295,2.5894384,-2.2500043,-0.21704212,1.4493018
130,3.2960308,2.9435716,1.6898004,-2.417258,-0.69640243,2.6012983,-2.259935,-0.21484089,1.4536344
131,3.3113103,2.9558635,1.6951892,-2.427075,-0.70055073,2.6133347,-2.2688193,-0.21294035,1.4587884
132,3.3269947,2.9679515,1.7008479,-2.436723,-0.703825,2.6251357,-2.2782457,-0.21122153,1.4643297
133,3.3420358,2.98042,1.7067862,-2.4465258,-0.7080077,2.6373296,-2.2873266,-0.20994936,1.4701536
134,3.3583744,2.9923012,1.7125539,-2.4557097,-0.71032953,2.6490955,-2.2973802,-0.2092031,1.4758525
135,3.3733373,3.0050528,1.718409,-2.4649596,-0.7148534,2.6617115,-2.3068485,-0.20915444,1.4816566
136,3.389437,3.0174432,1.7237995,-2.473453,-0.71682775,2.6738353,-2.3177187,-0.20967379,1.4870464
137,3.4056008,3.0300214,1.7291071,-2.482298,-0.7183049,2.686045,-2.328367,-0.21011952,1.4922594
138,3.4217622,3.0425367,1.7348229,-2.4917204,-0.71923155,2.6980803,-2.3384988,-0.21013811,1.497787
139,3.4399545,3.0538392,1.7408259,-2.5022807,-0.71694523,2.7090871,-2.3485086,-0.20849569,1.5036278
140,3.4565563,3.0659475,1.7467703,-2.511927,-0.71720976,2.7208476,-2.3586087,-0.20816295,1.509468
141,3.4724693,3.078411,1.7523494,-2.5206592,-0.7188826,2.7331522,-2.3691933,-0.20902142,1.5149555
142,3.4893558,3.0904799,1.7572573,-2.5286083,-0.7187342,2.7451658,-2.3814046,-0.21007131,1.5196892
143,3.5049367,3.1031682,1.76203,-2.5362294,-0.72079647,2.7578886,-2.3930585,-0.21195494,1.5242618
144,3.521126,3.1155634,1.7669829,-2.5451944,-0.72154766,2.7703009,-2.4036143,-0.2126419,1.5289615
145,3.538787,3.1264274,1.7727454,-2.5543187,-0.72024375,2.781324,-2.414361,-0.21203353,1.5345649
146,3.555251,3.13799,1.7783853,-2.5634227,-0.7206043,2.7929559,-2.4244635,-0.21193999,1.5400255
147,3.5709982,3.1500695,1.7834508,-2.5720387,-0.7218884,2.8050773,-2.4347837,-0.21244374,1.5448377
148,3.5878108,3.161195,1.7886199,-2.580389,-0.72194964,2.8165128,-2.4457958,-0.2124098,1.5497961
149,3.602808,3.1736414,1.793187,-2.5878644,-0.7243258,2.8290694,-2.4570265,-0.2139763,1.5541087
150,3.6178493,3.1856213,1.7983066,-2.595316,-0.72661954,2.8411262,-2.46797,-0.21525007,1.559112
151,3.6341913,3.1966774,1.8039787,-2.6044135,-0.7265868,2.8522317,-2.4779062,-0.21437378,1.5646335
152,3.6500523,3.2079768,1.8094829,-2.612897,-0.7271979,2.8635027,-2.4879382,-0.21424653,1.5700823
153,3.665497,3.219554,1.8147942,-2.6217651,-0.7280788,2.8749754,-2.4975915,-0.21389972,1.5752288
154,3.6814942,3.2307622,1.8199093,-2.6299598,-0.72818005,2.8861268,-2.5079868,-0.21379505,1.5802039
155,3.697079,3.2418602,1.8257637,-2.6396933,-0.72866905,2.89718,-2.516691,-0.2123285,1.5857471
156,3.7124944,3.25302,1.8313555,-2.6488132,-0.7294843,2.9083736,-2.5258987,-0.21136142,1.5910741
157,3.7286503,3.263682,1.8365422,-2.6577363,-0.72995305,2.9194045,-2.5353487,-0.21032108,1.596078
158,3.742514,3.2758555,1.8406917,-2.6639912,-0.73364794,2.931781,-2.5465887,-0.21222016,1.6000301
159,3.75766,3.2871535,1.844895,-2.6714463,-0.7351825,2.9434328,-2.5570543,-0.21272086,1.6039226
160,3.772507,3.2981503,1.8497227,-2.678855,-0.73700184,2.954589,-2.5672793,-0.21261548,1.6085211
161,3.7882307,3.3084798,1.8550801,-2.688014,-0.73714334,2.9650667,-2.57584,-0.2109179,1.6136271
162,3.8032587,3.3192575,1.8601592,-2.6964233,-0.7387477,2.976128,-2.5845163,-0.21041402,1.618475
163,3.817426,3.3302882,1.8653839,-2.7039526,-0.7413691,2.9872775,-2.593895,-0.21040958,1.623469
164,3.8327966,3.3409307,1.8695616,-2.7114277,-0.7419466,2.9982,-2.6037018,-0.21041681,1.6273508
165,3.8473246,3.3517783,1.8743786,-2.7194388,-0.74322486,3.0090697,-2.6126864,-0.20982526,1.6318084
166,3.8618264,3.3620467,1.8799722,-2.727586,-0.7447288,3.0193553,-2.6212149,-0.2086547,1.6371765
167,3.8764048,3.372517,1.8844407,-2.7342951,-0.7457752,3.029823,-2.6311278,-0.20872687,1.6414622
168,3.891222,3.3829682,1.8883016,-2.7412648,-0.7463581,3.0403647,-2.6409771,-0.20843461,1.6450424
169,3.9050083,3.3936906,1.8925744,-2.7476017,-0.74856085,3.051109,-2.6505923,-0.20890233,1.6490366
170,3.9190893,3.4039953,1.8974115,-2.755447,-0.75042015,3.061553,-2.658833,-0.20786491,1.6534777
171,3.9338136,3.413921,1.9019569,-2.7620058,-0.75170726,3.0718315,-2.6680021,-0.20816706,1.6577778
172,3.9489558,3.4239118,1.9062161,-2.7698557,-0.7512331,3.0818856,-2.6765728,-0.20723276,1.6617187
173,3.9632115,3.4340506,1.9109616,-2.7772024,-0.75251186,3.092103,-2.6849723,-0.2067598,1.6662939
174,3.9763293,3.444448,1.9161294,-2.7842395,-0.75547826,3.1026103,-2.69323,-0.20659836,1.6711779
175,3.99064,3.454425,1.9203681,-2.7905269,-0.75601786,3.112652,-2.702764,-0.20677523,1.6751673
176,4.0048375,3.4645288,1.9244603,-2.7972713,-0.75632036,3.1226277,-2.711906,-0.20640437,1.6791227
177,4.018363,3.4746318,1.9290447,-2.8042767,-0.75788504,3.1326714,-2.720134,-0.205939,1.6834885
178,4.0322104,3.4839842,1.9341339,-2.8113894,-0.75888336,3.1419926,-2.7282176,-0.20464808,1.6883553
179,4.046393,3.4932094,1.9387566,-2.8184137,-0.75938916,3.1513214,-2.7364163,-0.20356107,1.6927103
180,4.059145,3.5036328,1.9416995,-2.823206,-0.7622771,3.1620178,-2.7461228,-0.2048867,1.6952589
181,4.070927,3.5143602,1.9451234,-2.8278024,-0.7661035,3.1726491,-2.7555332,-0.20634703,1.6984379
182,4.084702,3.5234137,1.9495845,-2.834543,-0.76660985,3.1815698,-2.763542,-0.20491639,1.7027291
183,4.099384,3.5317671,1.9549828,-2.8431745,-0.76539075,3.189667,-2.7699163,-0.20177734,1.7080319
184,4.113515,3.5405655,1.9600134,-2.850942,-0.7651709,3.198369,-2.7766814,-0.19997692,1.7128577
185,4.126809,3.550018,1.9645201,-2.8578954,-0.76661104,3.2078996,-2.7841067,-0.19911547,1.7169904
186,4.139965,3.5600882,1.967227,-2.862283,-0.76800686,3.2181277,-2.7939386,-0.20084159,1.7193477
187,4.1529484,3.5695934,1.9709594,-2.8680332,-0.7696566,3.2277386,-2.802496,-0.20061167,1.7227386
188,4.1651955,3.579446,1.9749359,-2.873127,-0.7719855,3.237469,-2.8111784,-0.20118919,1.7264605
189,4.1781673,3.5887427,1.9791957,-2.8794587,-0.7732931,3.2467382,-2.8187594,-0.20063646,1.730497
190,4.192597,3.597639,1.9825286,-2.8857753,-0.7723432,3.255804,-2.8269992,-0.2000927,1.7335731
191,4.20592,3.6062622,1.9872917,-2.8929052,-0.77293617,3.2644775,-2.8338294,-0.19841322,1.7380134
192,4.2192793,3.6150517,1.9916621,-2.8996177,-0.7732477,3.2732022,-2.8411825,-0.1970227,1.7421166
193,4.2319326,3.624815,1.9942766,-2.9044256,-0.7748675,3.28306,-2.8499584,-0.19785264,1.7445194
194,4.2439117,3.6337986,1.9986407,-2.9101813,-0.7776213,3.2920449,-2.8571784,-0.19704741,1.7486277
195,4.256522,3.642628,2.0023623,-2.915248,-0.77877575,3.3007193,-2.8654273,-0.1966342,1.7521597
196,4.2694983,3.651469,2.0060031,-2.9208643,-0.7789558,3.3093014,-2.873346,-0.19602293,1.7556202
197,4.282127,3.660521,2.009869,-2.9274764,-0.77966267,3.318231,-2.880123,-0.19503246,1.759105
198,4.29483,3.6694076,2.0139458,-2.9338925,-0.780652,3.3270795,-2.8868353,-0.19427814,1.7629976
199,4.3076925,3.6778216,2.018404,-2.9402552,-0.7814039,3.335583,-2.8937597,-0.19321157,1.7672017
200,4.3201356,3.6869566,2.0214891,-2.9442937,-0.78283167,3.3448112,-2.9027765,-0.19433409,1.7701772
201,4.3327904,3.6956208,2.025413,-2.9500513,-0.78365403,3.3534143,-2.9100122,-0.19382253,1.7740233
202,4.3447795,3.7047944,2.0291214,-2.9554002,-0.78527606,3.3624365,-2.9173272,-0.19390503,1.7775623
203,4.3569174,3.713948,2.0325453,-2.9604359,-0.7868583,3.3715446,-2.9247825,-0.19444299,1.7808605
204,4.3694115,3.7224379,2.036878,-2.9665606,-0.7876928,3.3798928,-2.9313436,-0.1935331,1.785053
205,4.3821096,3.7308133,2.0412452,-2.9732406,-0.7879739,3.3880842,-2.9375243,-0.19202797,1.7891825
206,4.3946157,3.739877,2.0439558,-2.979064,-0.78853714,3.3970497,-2.9443874,-0.191589,1.7916842
207,4.4060893,3.7479959,2.048209,-2.984772,-0.7903142,3.4049203,-2.9509993,-0.18964781,1.7955765
208,4.4174757,3.756444,2.051566,-2.9889493,-0.79237014,3.4132023,-2.9589515,-0.18919858,1.7987291
209,4.4292603,3.764931,2.0545483,-2.9934816,-0.79349464,3.4213765,-2.9666572,-0.18864949,1.8016953
210,4.4401712,3.773273,2.058583,-2.998342,-0.7962259,3.4295056,-2.9734008,-0.1878298,1.8056499
211,4.452385,3.7815225,2.0616882,-3.0034707,-0.7966881,3.4376092,-2.9805381,-0.18708095,1.8085729
212,4.464333,3.78921,2.065806,-3.0092876,-0.797534,3.4451666,-2.9867723,-0.185342,1.8124372
213,4.475807,3.7975368,2.069443,-3.0144053,-0.7990368,3.4532757,-2.993609,-0.18448707,1.8159302
214,4.487843,3.8058088,2.0723786,-3.0190055,-0.79964596,3.4613354,-3.0009804,-0.18417412,1.8188788
215,4.4989123,3.8139546,2.0761285,-3.0243132,-0.80159867,3.4693124,-3.0072765,-0.18291265,1.8223625
216,4.5095444,3.8222725,2.0798953,-3.0286155,-0.8046064,3.4775038,-3.0139437,-0.18273251,1.826031
217,4.5207253,3.830739,2.0829184,-3.033464,-0.8061953,3.4856827,-3.0206716,-0.18201679,1.8289043
218,4.5322204,3.838775,2.086428,-3.0389104,-0.8072858,3.4934423,-3.0266893,-0.18090981,1.8323272
219,4.54312,3.8468204,2.090438,-3.0439491,-0.8093627,3.5012002,-3.0326276,-0.18006527,1.8362482
220,4.554635,3.8550682,2.0932858,-3.049044,-0.8104813,3.5092356,-3.0387363,-0.17947246,1.8390298
221,4.5652575,3.8625789,2.0973728,-3.0534685,-0.81254137,3.5163896,-3.0452611,-0.17803304,1.842866
222,4.575928,3.8702142,2.1005945,-3.0577993,-0.81416863,3.5236955,-3.0520163,-0.17659086,1.8457619
223,4.58662,3.8779037,2.102574,-3.0614526,-0.8155093,3.5310109,-3.0591989,-0.17543285,1.847555
224,4.597313,3.8851366,2.1049972,-3.065396,-0.8169736,3.5378609,-3.0655851,-0.17384209,1.8498574
225,4.607815,3.8917456,2.108467,-3.070815,-0.81853664,3.544022,-3.0702229,-0.17074254,1.8531015
226,4.6168594,3.8993802,2.1113167,-3.0739036,-0.82230854,3.551165,-3.0762725,-0.16995737,1.8557363
227,4.6266413,3.9065776,2.1146264,-3.0787022,-0.8248335,3.557727,-3.0811758,-0.1676373,1.8589115
228,4.635958,3.9144795,2.1174824,-3.0821416,-0.8281177,3.5650957,-3.0869,-0.16723941,1.8616171
229,4.6462674,3.9216523,2.1213005,-3.0879996,-0.8299311,3.5716858,-3.0907545,-0.1648829,1.8654217
230,4.65683,3.9291914,2.1242778,-3.092588,-0.8315788,3.5787945,-3.0959349,-0.16392937,1.8684347
231,4.666978,3.9371653,2.1270716,-3.0964625,-0.83359134,3.5863647,-3.1018612,-0.16375138,1.8710887
232,4.6777425,3.9445713,2.1305537,-3.1014526,-0.8344879,3.5932863,-3.107062,-0.16248132,1.874503
233,4.689186,3.95169,2.134026,-3.1063972,-0.83430773,3.599975,-3.1125982,-0.1613619,1.87798
234,4.7005935,3.9591737,2.1369088,-3.1101835,-0.8341778,3.607113,-3.1194198,-0.16121835,1.8807788
235,4.7116914,3.9668903,2.1398263,-3.114666,-0.83459324,3.6145737,-3.1254623,-0.160826,1.8835512
236,4.7226744,3.9744601,2.1430805,-3.1193745,-0.8353281,3.6219563,-3.1311913,-0.16018555,1.8866434
237,4.7342315,3.9816608,2.1462162,-3.1235874,-0.83529764,3.62904,-3.1374233,-0.159844,1.8896844
238,4.745829,3.9892502,2.1486585,-3.1281934,-0.835078,3.636594,-3.1435962,-0.15937977,1.8918868
239,4.756315,3.9969497,2.151627,-3.1317353,-0.836634,3.6441634,-3.1499255,-0.15964001,1.8947196
240,4.76697,4.0046563,2.1545398,-3.1357217,-0.83757275,3.651618,-3.1560812,-0.15948236,1.897474
241,4.7780066,4.0122213,2.1572914,-3.1403773,-0.8378806,3.65902,-3.1618884,-0.1587212,1.8999566
242,4.7886186,4.0193295,2.1607838,-3.1441917,-0.8391001,3.665961,-3.167952,-0.1582215,1.9033633
243,4.7997475,4.026814,2.1626217,-3.1474679,-0.83919024,3.673352,-3.174916,-0.15824968,1.905018
244,4.8101845,4.034221,2.1650693,-3.1507728,-0.84058475,3.6807213,-3.1812184,-0.15827511,1.9072815
245,4.8204513,4.0413613,2.1680973,-3.1546984,-0.84184706,3.687683,-3.1869712,-0.15744987,1.9100357
246,4.83177,4.0477886,2.171362,-3.1599617,-0.8414814,3.6939507,-3.1918113,-0.15536025,1.9130313
247,4.842973,4.054799,2.1735601,-3.1642826,-0.8415301,3.7009676,-3.1973362,-0.1545067,1.9149815
248,4.853518,4.0616364,2.1764061,-3.1686437,-0.84281284,3.7079442,-3.2023625,-0.15353408,1.9175274
249,4.863575,4.068145,2.179917,-3.1727047,-0.84455806,3.7143736,-3.2074478,-0.15217172,1.920817
250,4.873836,4.0751743,2.1814706,-3.17503,-0.84568447,3.72133,-3.2141898,-0.15223269,1.9221797
251,4.8833604,4.082551,2.1831396,-3.1775143,-0.84748477,3.7285337,-3.2205443,-0.15230927,1.923507
252,4.8922396,4.0894675,2.1860757,-3.1812112,-0.84995294,3.7350368,-3.2253368,-0.15096313,1.9261875
253,4.902157,4.0953054,2.1896582,-3.1857123,-0.8509507,3.740424,-3.2296896,-0.14841738,1.9296914
254,4.912654,4.101399,2.191975,-3.1890368,-0.8509759,3.7461596,-3.2354195,-0.14693426,1.9318892
255,4.921704,4.1085954,2.1935282,-3.1913223,-0.853192,3.7531726,-3.2412794,-0.14708841,1.933222
256,4.9305067,4.1153674,2.195865,-3.1947293,-0.8553303,3.7595742,-3.2459595,-0.14599186,1.935319
257,4.9402595,4.1209617,2.198781,-3.1983135,-0.85614717,3.7647305,-3.2506843,-0.14389843,1.938152
258,4.9500227,4.1265526,2.2017388,-3.2022517,-0.856571,3.769786,-3.2549355,-0.14174804,1.9410115
259,4.958683,4.132956,2.204488,-3.2056932,-0.85893077,3.775691,-3.2588768,-0.14061673,1.9437457
260,4.966397,4.1403413,2.2067163,-3.208329,-0.8623107,3.7824879,-3.2634602,-0.14057134,1.9458781
261,4.975525,4.1469545,2.2090774,-3.2116325,-0.86364406,3.7885723,-3.2679818,-0.1398475,1.9481571
262,4.98544,4.153064,2.2116768,-3.215084,-0.8639703,3.7942245,-3.2726233,-0.1389018,1.950721
263,4.9950943,4.1595306,2.214312,-3.2188706,-0.86455756,3.800238,-3.2770152,-0.13806479,1.9532788
264,5.004319,4.166382,2.2168932,-3.2220678,-0.8657921,3.8066466,-3.2817829,-0.13788691,1.95575
265,5.013947,4.1732492,2.2192874,-3.2252336,-0.86627823,3.8130872,-3.2870555,-0.13772765,1.9579769
266,5.024514,4.1793733,2.2220201,-3.229112,-0.865366,3.818894,-3.2921069,-0.13677016,1.9605124
267,5.0347795,4.186005,2.224097,-3.231855,-0.8650631,3.825276,-3.2979996,-0.13699432,1.9625062
268,5.044022,4.193001,2.226541,-3.2349763,-0.86618423,3.831966,-3.3031783,-0.1369869,1.9648229
269,5.053677,4.1997113,2.2289562,-3.2374797,-0.8666373,3.8383048,-3.3090262,-0.13718839,1.9671531
270,5.0639844,4.2056537,2.232018,-3.2414513,-0.8661626,3.8439076,-3.3137877,-0.13597904,1.9701481
271,5.0742297,4.212091,2.2341456,-3.2445464,-0.865742,3.850103,-3.3193343,-0.13570836,1.9721321
272,5.083593,4.2190094,2.236006,-3.2462804,-0.8667381,3.8568497,-3.3255606,-0.13669595,1.9738315
273,5.093093,4.2251563,2.2387278,-3.249322,-0.867359,3.8627398,-3.3306944,-0.13604613,1.97637
274,5.1029434,4.231119,2.2414215,-3.2526512,-0.86712825,3.8682673,-3.335697,-0.13500763,1.978916
275,5.113142,4.2373204,2.2430947,-3.2551944,-0.8664808,3.874121,-3.3413868,-0.13480441,1.9805225
276,5.1222415,4.2433043,2.2459626,-3.258304,-0.86779296,3.8797832,-3.3458583,-0.13385294,1.9833055
277,5.1312776,4.249421,2.248616,-3.2614124,-0.8690866,3.885657,-3.3502667,-0.13317879,1.9857671
278,5.1401625,4.2563033,2.2499907,-3.2634392,-0.87019736,3.8921897,-3.355729,-0.1335859,1.9869602
279,5.149196,4.2622924,2.2521124,-3.2656941,-0.8710986,3.8978992,-3.3608234,-0.13326687,1.988836
280,5.1584826,4.267564,2.2551699,-3.2696998,-0.87167895,3.9028149,-3.3644185,-0.13116199,1.9917449
281,5.167698,4.2732167,2.2575958,-3.2723334,-0.8723093,3.9080057,-3.3690631,-0.13026395,1.9941599
282,5.1770186,4.2792177,2.2591643,-3.2746634,-0.87276703,3.9136665,-3.3739557,-0.12992042,1.9956362
283,5.185487,4.2854714,2.2611713,-3.2774928,-0.87401175,3.9194357,-3.3783436,-0.12903887,1.9973717
284,5.193335,4.2909317,2.264461,-3.280661,-0.87628376,3.9244046,-3.38207,-0.12709509,2.0003989
285,5.201975,4.2966514,2.2659492,-3.2825646,-0.8774244,3.929807,-3.3870623,-0.12627494,2.001625
286,5.21072,4.302309,2.2673452,-3.2846503,-0.87826085,3.9350169,-3.3918796,-0.12522578,2.00288
287,5.218658,4.308233,2.2689235,-3.286446,-0.88003117,3.94032,-3.3964903,-0.12449417,2.0044112
288,5.2258034,4.3138566,2.2714696,-3.2887928,-0.88298684,3.9453309,-3.3999808,-0.12320054,2.0068743
289,5.233563,4.318877,2.274583,-3.2926702,-0.88489175,3.9496527,-3.402509,-0.12040932,2.0098934
290,5.2415915,4.3242583,2.276783,-3.295349,-0.8867202,3.9545052,-3.4059684,-0.11893762,2.0120559
291,5.249781,4.3298955,2.2787561,-3.2983515,-0.88790655,3.9594984,-3.4093711,-0.1174868,2.0139437
292,5.258178,4.335642,2.2804604,-3.3002937,-0.8889083,3.964617,-3.4137638,-0.11695079,2.0156384
293,5.266109,4.3414125,2.282645,-3.3026333,-0.89076346,3.9698372,-3.4175985,-0.11617392,2.0177813
294,5.2738624,4.3471622,2.2851906,-3.3055627,-0.89282787,3.9750383,-3.420813,-0.11508631,2.0202584
295,5.2817907,4.3531055,2.2873733,-3.307424,-0.89474654,3.9804974,-3.4250028,-0.11500208,2.022386
296,5.2903786,4.3590584,2.289295,-3.3101645,-0.8955993,3.985951,-3.4289067,-0.11433072,2.0242503
297,5.299362,4.3644705,2.2917488,-3.3134904,-0.89577764,3.990786,-3.4323971,-0.11297079,2.0266888
298,5.3076844,4.370095,2.294267,-3.3158014,-0.8970307,3.9959066,-3.4364572,-0.11241444,2.0291793
299,5.316094,4.3761134,2.296129,-3.3185134,-0.89772093,4.001361,-3.4404595,-0.11173196,2.0308979
300,5.3247113,4.3820157,2.297807,-3.3203816,-0.8983874,4.0068045,-3.4450965,-0.11169179,2.032494
301,5.3326755,4.3881125,2.2996304,-3.3217516,-0.8998404,4.012342,-3.4500344,-0.111874476,2.0342844
302,5.340748,4.3934593,2.3024302,-3.3244317,-0.90092576,4.017024,-3.4538467,-0.11057739,2.0370073
303,5.349412,4.3987346,2.3045783,-3.3268168,-0.90105325,4.021733,-3.4582098,-0.10944646,2.038981
304,5.357864,4.4042068,2.3060794,-3.3287382,-0.90165526,4.0266905,-3.4626346,-0.1086986,2.0404165
305,5.3665843,4.409524,2.3075645,-3.3312488,-0.9014771,4.031369,-3.466853,-0.10728442,2.041756
306,5.3744187,4.4146943,2.3095322,-3.332692,-0.9028093,4.0359693,-3.4713905,-0.10642581,2.043572
307,5.381895,4.4199166,2.311999,-3.3351624,-0.9043515,4.040348,-3.47497,-0.10477197,2.0460413
308,5.389678,4.424938,2.3144855,-3.3373747,-0.9061144,4.0447197,-3.4783807,-0.1035863,2.0487025
309,5.3971663,4.430711,2.3164375,-3.339348,-0.9081151,4.049956,-3.482141,-0.10312912,2.0506227
310,5.405735,4.4360065,2.318464,-3.342353,-0.9085333,4.054739,-3.4854221,-0.10190578,2.052598
311,5.414256,4.4414062,2.3203032,-3.3446531,-0.90921247,4.059728,-3.4891915,-0.10130001,2.054404
312,5.4219346,4.4467382,2.3227978,-3.3469715,-0.91103953,4.0645685,-3.4926221,-0.100432225,2.0568767
313,5.42952,4.452198,2.3252058,-3.3495815,-0.9126075,4.0694017,-3.4960275,-0.09919562,2.059185
314,5.437208,4.4579377,2.32674,-3.3508763,-0.91393375,4.0744843,-3.500484,-0.099032655,2.0607052
315,5.445754,4.463398,2.3278506,-3.3520596,-0.9140602,4.0794272,-3.5052726,-0.09899312,2.0617163
316,5.4538307,4.4682374,2.3300512,-3.354885,-0.91470885,4.0836353,-3.508456,-0.09716327,2.0638165
317,5.461502,4.473004,2.3324163,-3.3568087,-0.9163245,4.0878997,-3.5118563,-0.096067056,2.0661438
318,5.4687133,4.4779744,2.334966,-3.3595245,-0.91805226,4.0920744,-3.5148258,-0.09410138,2.0686543
319,5.476529,4.4829483,2.3366413,-3.3610828,-0.91899437,4.096379,-3.5187912,-0.093210414,2.0703387
320,5.4837093,4.4886103,2.337838,-3.3613563,-0.92054147,4.101232,-3.5237372,-0.09341412,2.0715353
321,5.4911866,4.493857,2.3396504,-3.363013,-0.9217258,4.1056333,-3.5274193,-0.09262732,2.0733876
322,5.49838,4.498899,2.3421082,-3.365513,-0.9234163,4.109889,-3.53022,-0.09120945,2.0758579
323,5.50629,4.503609,2.3444734,-3.367702,-0.9240741,4.113847,-3.5334456,-0.090006866,2.0782185
324,5.514761,4.5085917,2.3459706,-3.3698804,-0.9239585,4.118178,-3.5370417,-0.08900135,2.07968
325,5.522158,4.513948,2.3478596,-3.3717132,-0.9252845,4.1228204,-3.54044,-0.0884557,2.0815697
326,5.528934,4.519664,2.3498065,-3.373303,-0.9272394,4.1277647,-3.543917,-0.088209584,2.0834622
327,5.5358987,4.524936,2.352056,-3.3748605,-0.928991,4.132244,-3.5475235,-0.08758382,2.0857217
328,5.5443473,4.52948,2.353915,-3.3766408,-0.9286163,4.136076,-3.551477,-0.086583085,2.0876186
329,5.5526524,4.5343175,2.3553877,-3.378008,-0.9284525,4.1403337,-3.5557537,-0.08608138,2.0890236
330,5.5599003,4.5397573,2.357079,-3.3799117,-0.9294731,4.1450305,-3.559329,-0.08539225,2.0906506
331,5.5667644,4.544719,2.359584,-3.3823287,-0.9312729,4.149312,-3.5620785,-0.08407878,2.0931196
332,5.574224,4.549503,2.3617089,-3.3840275,-0.93215555,4.1534014,-3.565772,-0.08307304,2.0951989
333,5.5827613,4.553957,2.3632052,-3.385739,-0.9316646,4.15728,-3.56977,-0.08206394,2.096721
334,5.590358,4.558797,2.3649004,-3.38713,-0.9324854,4.161519,-3.5736566,-0.08139041,2.0984313
335,5.5976295,4.563963,2.3665953,-3.388659,-0.9335655,4.1660433,-3.5774193,-0.080773,2.1000414
336,5.6045623,4.5688553,2.3689237,-3.390877,-0.93533695,4.170351,-3.5803106,-0.079563454,2.1023421
337,5.611706,4.5738416,2.3708768,-3.3924687,-0.936807,4.17476,-3.5838442,-0.078805886,2.104278
338,5.619601,4.5785985,2.3724003,-3.393885,-0.93714386,4.179007,-3.5877874,-0.07822713,2.1057425
339,5.626988,4.583622,2.3739746,-3.3949306,-0.9381369,4.183466,-3.5918365,-0.077969395,2.1072786
340,5.6346273,4.5885997,2.3754795,-3.396455,-0.93877697,4.187934,-3.5955033,-0.0774985,2.1086943
341,5.641783,4.593262,2.3778481,-3.3992794,-0.9401346,4.1920614,-3.5977337,-0.07594936,2.1109674
342,5.649249,4.59802,2.37973,-3.401307,-0.9411215,4.1963305,-3.6007757,-0.074954,2.1127355
343,5.6569896,4.602877,2.381251,-3.4033198,-0.9416434,4.2007356,-3.60405,-0.07407738,2.1141224
344,5.6648602,4.6075425,2.3829665,-3.405468,-0.9419114,4.204926,-3.6072924,-0.07299179,2.1157
345,5.672323,4.6122675,2.3848598,-3.4074743,-0.94286406,4.2092533,-3.610433,-0.072074234,2.1174557
346,5.67917,4.617452,2.3865535,-3.408191,-0.9448923,4.214078,-3.6143985,-0.072244786,2.1191058
347,5.6864147,4.622751,2.3877828,-3.4092112,-0.9459096,4.218924,-3.6184306,-0.07223727,2.1201713
348,5.694074,4.626997,2.390099,-3.412,-0.9463319,4.222667,-3.6210883,-0.07032953,2.1223342
349,5.701749,4.631868,2.3912163,-3.4133067,-0.9469202,4.2271905,-3.624889,-0.06988158,2.1233096
350,5.709072,4.636623,2.3926988,-3.4147637,-0.94803435,4.2316146,-3.628365,-0.06923494,2.1246357
351,5.7161202,4.640618,2.395194,-3.4165208,-0.94963986,4.235179,-3.6313095,-0.06779037,2.1271045
352,5.723688,4.645333,2.3959534,-3.417447,-0.95010316,4.2394953,-3.6354098,-0.067214,2.127675
353,5.731193,4.6493716,2.3976636,-3.4188232,-0.950776,4.24306,-3.6386304,-0.066167094,2.1293278
354,5.737504,4.6539254,2.399624,-3.419952,-0.95277005,4.2469716,-3.6418247,-0.06524486,2.1311917
355,5.7445135,4.65829,2.4013453,-3.4214616,-0.9538979,4.2507553,-3.6448417,-0.06417867,2.1328332
356,5.751682,4.66311,2.4023085,-3.4219315,-0.95478666,4.255026,-3.6487703,-0.06419495,2.133733
357,5.758477,4.66705,2.4045126,-3.4242532,-0.95604914,4.25839,-3.6509538,-0.06224463,2.1357632
358,5.765466,4.6709304,2.4066474,-3.426311,-0.95713025,4.261724,-3.6533172,-0.060551953,2.1377506
359,5.77273,4.6756096,2.4072683,-3.4267452,-0.95776737,4.265874,-3.657341,-0.060278848,2.1382618
360,5.779231,4.679618,2.409223,-3.4282596,-0.9594665,4.2692995,-3.6600108,-0.058766145,2.140109
361,5.785183,4.684085,2.4111626,-3.4295607,-0.9618726,4.273162,-3.6628265,-0.057541102,2.1419141
362,5.7915955,4.6889324,2.4119587,-3.4293363,-0.9638928,4.2776027,-3.6668677,-0.05783715,2.1426008
363,5.7982283,4.6931534,2.4135845,-3.4308367,-0.96530724,4.2812896,-3.669801,-0.056428924,2.1440718
364,5.8050947,4.696526,2.4160838,-3.432875,-0.9666482,4.284175,-3.6720455,-0.054356016,2.1464794
365,5.8120704,4.700956,2.41672,-3.433084,-0.96757704,4.288106,-3.6760874,-0.053912077,2.146998
366,5.8188963,4.705035,2.4180949,-3.434397,-0.9686988,4.2916117,-3.6789858,-0.05260571,2.1482782
367,5.8247175,4.7088747,2.420399,-3.4360583,-0.9709371,4.294739,-3.6812754,-0.05063809,2.1504483
368,5.831128,4.712697,2.4221702,-3.4370813,-0.97216046,4.29778,-3.6843214,-0.049141046,2.1521003
369,5.837714,4.7171226,2.4224267,-3.436746,-0.9733843,4.3016458,-3.6883488,-0.048985675,2.1522434
370,5.843868,4.7210026,2.4235837,-3.4374688,-0.97491175,4.3048615,-3.691329,-0.047651254,2.153196
371,5.8497543,4.724011,2.42578,-3.438508,-0.9771487,4.3072457,-3.6934798,-0.045694433,2.155282
372,5.8554997,4.7274847,2.4277365,-3.43989,-0.97928655,4.309929,-3.6955154,-0.04367339,2.1571622
373,5.8615713,4.731492,2.4283795,-3.4397788,-0.9809088,4.3132205,-3.69888,-0.042986464,2.157731
374,5.868215,4.735159,2.4292839,-3.440666,-0.98145145,4.3160186,-3.701686,-0.04150229,2.1585443
375,5.8735347,4.738609,2.43121,-3.4420707,-0.9841954,4.3186436,-3.7030404,-0.03963135,2.1604946
376,5.8783784,4.742356,2.433279,-3.443276,-0.9871886,4.3213754,-3.704701,-0.03777647,2.162535
377,5.8843346,4.745984,2.4348264,-3.4444268,-0.98849714,4.3240576,-3.7069724,-0.03608348,2.1639388
378,5.8908343,4.749616,2.4359686,-3.4452033,-0.9895154,4.3269444,-3.709567,-0.034912016,2.1650267
379,5.8964553,4.754092,2.4367704,-3.4453323,-0.9918047,4.330732,-3.7124221,-0.03460761,2.1657548
380,5.902101,4.758352,2.437838,-3.4457366,-0.9941817,4.3343964,-3.7147937,-0.03426137,2.166729
381,5.90769,4.762231,2.4395351,-3.4472375,-0.9963638,4.3375506,-3.7162912,-0.03291657,2.1683068
382,5.9134235,4.7657084,2.441644,-3.4486961,-0.9983579,4.340197,-3.7177784,-0.031406898,2.1704159
383,5.919686,4.769394,2.443206,-3.4498718,-0.99937356,4.342937,-3.719919,-0.030129388,2.1720119
384,5.926134,4.7733707,2.4442658,-3.4500582,-1.0003682,4.3461323,-3.7228255,-0.029899446,2.1730933
385,5.9327126,4.7774925,2.445313,-3.450996,-1.0008537,4.34947,-3.7255023,-0.029181749,2.1739812
386,5.939132,4.7808948,2.447228,-3.4524794,-1.0016555,4.352099,-3.727483,-0.027722422,2.1757789
387,5.94531,4.784765,2.448731,-3.4531212,-1.0029123,4.3553567,-3.7302442,-0.027050251,2.1770735
388,5.9516945,4.788936,2.4496055,-3.4529834,-1.00411,4.3589587,-3.7336352,-0.027096957,2.1778646
389,5.9585066,4.792847,2.4507003,-3.4537952,-1.0046751,4.3623033,-3.7364795,-0.026451496,2.1788392
390,5.9648075,4.796898,2.4520035,-3.454255,-1.0059203,4.3658023,-3.7393887,-0.026106447,2.1799915
391,5.9713154,4.800925,2.4533362,-3.4549658,-1.006817,4.369204,-3.7421253,-0.02565996,2.1812346
392,5.97768,4.8047442,2.455131,-3.4566846,-1.0079192,4.3724194,-3.7439697,-0.024493488,2.1829214
393,5.98411,4.8088427,2.456501,-3.4576285,-1.0090003,4.375919,-3.7464108,-0.024025427,2.184231
394,5.9912143,4.8127613,2.4575133,-3.458063,-1.0092045,4.379347,-3.7495465,-0.02388443,2.1851413
395,5.9982905,4.8163376,2.459003,-3.4592383,-1.0094365,4.3824277,-3.752044,-0.023056978,2.1865127
396,6.004602,4.8202686,2.46062,-3.4602118,-1.0106705,4.3858094,-3.7544434,-0.022443851,2.1880214
397,6.011277,4.824396,2.4617255,-3.460829,-1.0114763,4.389452,-3.7573357,-0.022196723,2.1890085
398,6.0175185,4.828706,2.4630256,-3.4614463,-1.012707,4.39318,-3.7601678,-0.021942321,2.190188
399,6.023912,4.8327556,2.4645019,-3.4624655,-1.0137653,4.396671,-3.762599,-0.021375425,2.1915615
400,6.0304976,4.8367558,2.465949,-3.4635613,-1.0146673,4.400177,-3.7651503,-0.02068576,2.1928868
401,6.03798,4.840538,2.4668145,-3.4636397,-1.0144354,4.4035244,-3.7687187,-0.02072907,2.1936803
402,6.044658,4.8441896,2.4684548,-3.4649951,-1.015072,4.406683,-3.7711282,-0.019584328,2.195134
403,6.0511174,4.847793,2.47009,-3.4655707,-1.0161946,4.4099045,-3.77379,-0.019155938,2.1966155
404,6.058022,4.8519783,2.4705863,-3.4659133,-1.0162823,4.41359,-3.7770774,-0.018985687,2.1968877
405,6.0648713,4.8554196,2.471572,-3.4657443,-1.0166707,4.416654,-3.7806005,-0.018685056,2.197659
406,6.0707817,4.8585014,2.4735353,-3.466337,-1.0182401,4.419142,-3.783156,-0.01732131,2.1995394
407,6.0769796,4.8621264,2.4745934,-3.466976,-1.0191091,4.4220405,-3.7858179,-0.016220784,2.2005534
408,6.0828767,4.865925,2.4756625,-3.467125,-1.0202067,4.4250536,-3.7886555,-0.01566337,2.2015684
409,6.089004,4.869305,2.4771483,-3.4681706,-1.0209763,4.4276576,-3.790841,-0.014290554,2.2029471
410,6.095336,4.8722477,2.4789395,-3.4692683,-1.0217788,4.429903,-3.79273,-0.012849722,2.2047086
411,6.101735,4.8757334,2.4801877,-3.4699612,-1.022427,4.4327216,-3.79516,-0.011978295,2.2058778
412,6.108301,4.87941,2.4812014,-3.4702091,-1.0229183,4.435815,-3.798069,-0.011595533,2.2067554
413,6.113826,4.8834467,2.482523,-3.4704964,-1.024989,4.4393306,-3.800509,-0.011311677,2.2079532
414,6.1190853,4.887531,2.4840045,-3.4705555,-1.0274943,4.4428735,-3.8029385,-0.011245921,2.2093909
415,6.125431,4.8913655,2.485167,-3.4715319,-1.0281652,4.4461036,-3.8052797,-0.010421502,2.210378
416,6.1318803,4.8950934,2.486293,-3.4720736,-1.0286975,4.4492545,-3.80786,-0.009986102,2.2113533
417,6.1383185,4.898167,2.488157,-3.4732676,-1.0293779,4.451744,-3.8099189,-0.008615134,2.2131054
418,6.1450453,4.9018874,2.4889014,-3.4738293,-1.029526,4.454927,-3.8127615,-0.007989239,2.2136965
419,6.1511154,4.9054866,2.4902139,-3.4742506,-1.03056,4.457933,-3.815434,-0.0072863842,2.2148898
420,6.1571183,4.909134,2.491597,-3.4747534,-1.0318708,4.4610114,-3.8179188,-0.0066403165,2.2162375
421,6.1633058,4.912358,2.4933836,-3.4757404,-1.0328443,4.4636793,-3.820137,-0.005406337,2.2178917
422,6.1695466,4.9165435,2.4935207,-3.4747937,-1.0336987,4.4674315,-3.8240628,-0.005856867,2.2178483
423,6.1753144,4.919909,2.494786,-3.4753542,-1.0353879,4.4703445,-3.8263545,-0.004742653,2.2190142
424,6.181103,4.9227734,2.4966578,-3.4764569,-1.0370194,4.472583,-3.8279188,-0.0031000793,2.2209272
425,6.1871915,4.9262724,2.4974625,-3.476616,-1.0379317,4.4754333,-3.8303752,-0.0025335103,2.2216785
426,6.1928353,4.929755,2.4987183,-3.4772923,-1.0391703,4.478138,-3.8323061,-0.0014869812,2.2227883
427,6.198284,4.93301,2.5003552,-3.4783154,-1.0408899,4.4806175,-3.8336742,-0.0001726331,2.224393
428,6.203936,4.9365687,2.5015535,-3.4788537,-1.0422574,4.4834094,-3.8355637,0.0006062763,2.2255142
429,6.209509,4.9401364,2.502861,-3.4792924,-1.0437999,4.486295,-3.8374405,0.0011582826,2.2267137
430,6.215289,4.9440937,2.503702,-3.4793355,-1.0450655,4.489528,-3.8398695,0.0012697852,2.2275205
431,6.2206354,4.9468765,2.505974,-3.4804583,-1.0469824,4.491602,-3.8412328,0.002983059,2.229703
432,6.2266493,4.950601,2.505871,-3.4795368,-1.0476679,4.4947643,-3.8448544,0.0031141005,2.2293558
433,6.232095,4.95383,2.5068092,-3.4793077,-1.0488992,4.4971995,-3.8475668,0.004072443,2.2301366
434,6.236716,4.956473,2.5090384,-3.480247,-1.0510693,4.4988008,-3.8489747,0.0063127596,2.2323449
435,6.2422147,4.9595737,2.5099368,-3.4804995,-1.0519376,4.5008683,-3.8513377,0.007815392,2.2332294
436,6.247839,4.9626555,2.510963,-3.4806368,-1.0528386,4.5029597,-3.8536172,0.008991371,2.23428
437,6.2526336,4.965738,2.5125604,-3.4808817,-1.0550022,4.505202,-3.8555305,0.010248011,2.2358117
438,6.258513,4.968402,2.5140274,-3.4815087,-1.0560243,4.507155,-3.8573205,0.011683851,2.2372422
439,6.2641296,4.972036,2.5146089,-3.4815164,-1.0572114,4.5100694,-3.8597686,0.012295575,2.2377303
440,6.269284,4.97513,2.5160477,-3.4815872,-1.0592641,4.512523,-3.8616998,0.013110719,2.2391183
441,6.2737036,4.9786477,2.5177166,-3.481864,-1.0619797,4.515258,-3.8634443,0.014014694,2.2406917
442,6.278923,4.982572,2.5180445,-3.4813492,-1.0636016,4.51852,-3.8660753,0.01406728,2.2408938
443,6.284593,4.985134,2.5194094,-3.4816177,-1.0643907,4.520272,-3.8681746,0.015484683,2.242135
444,6.2904058,4.987543,2.5211084,-3.4824257,-1.0649424,4.5217867,-3.8699737,0.01734258,2.2437556
445,6.2963214,4.9905305,2.5218835,-3.4822483,-1.0657198,4.5240483,-3.872399,0.018105503,2.2445233
446,6.3017178,4.993918,2.522752,-3.4823961,-1.0670561,4.5267324,-3.8745213,0.01886962,2.2452712
447,6.3062196,4.9967337,2.5246327,-3.482721,-1.0695987,4.528893,-3.876048,0.020157667,2.2469616
448,6.310955,5.00028,2.5253468,-3.4817917,-1.0719106,4.5318046,-3.878774,0.02036709,2.2475662
449,6.3166337,5.0035305,2.5259392,-3.4816842,-1.0727863,4.53431,-3.881254,0.021161042,2.2480843
450,6.3224416,5.0058937,2.5274503,-3.482061,-1.0733532,4.5358,-3.883172,0.022649681,2.249574
451,6.328034,5.008458,2.5291781,-3.4831824,-1.0739273,4.5373383,-3.88458,0.024576627,2.2512643
452,6.333388,5.011636,2.5302188,-3.4834297,-1.0750942,4.539648,-3.8864126,0.025440903,2.2523184
453,6.3384976,5.0150933,2.5311835,-3.4831808,-1.0765429,4.542303,-3.8886733,0.025856324,2.2531788
454,6.34375,5.0182495,2.5323768,-3.4828188,-1.0781385,4.5448284,-3.8909707,0.02624893,2.254258
455,6.349512,5.0215583,2.5331457,-3.482528,-1.0789516,4.547473,-3.893524,0.026578931,2.2549443
456,6.3549004,5.024464,2.5347843,-3.483379,-1.0803846,4.5497355,-3.8948555,0.027765963,2.2565002
457,6.360488,5.0278487,2.5356972,-3.483783,-1.0813893,4.5525155,-3.8967597,0.028439112,2.257238
458,6.365606,5.031306,2.5368626,-3.484011,-1.0831474,4.5553994,-3.8985834,0.028948653,2.258271
459,6.3714967,5.034265,2.5379927,-3.4841878,-1.0839279,4.5578356,-3.900702,0.029594267,2.2592573
460,6.3773484,5.03739,2.5390277,-3.4844189,-1.0846418,4.5603404,-3.902843,0.030256927,2.260208
461,6.382925,5.040496,2.5402968,-3.4847264,-1.085706,4.5628614,-3.9048233,0.030983303,2.261344
462,6.388871,5.0439925,2.540853,-3.4847717,-1.0861672,4.565751,-3.907266,0.03136248,2.2617717
463,6.393725,5.0465646,2.5427997,-3.4854236,-1.088136,4.567729,-3.9086435,0.032872036,2.2635558
464,6.3988557,5.0498643,2.5431924,-3.4846206,-1.0898479,4.5705423,-3.9112532,0.033172257,2.2638135
465,6.404634,5.052829,2.5436003,-3.4844675,-1.0905938,4.5729785,-3.9135506,0.03394676,2.2640698
466,6.4089756,5.0553813,2.5451765,-3.4844644,-1.0933133,4.57492,-3.9148917,0.0351983,2.265555
467,6.4140506,5.0580077,2.5463076,-3.4847336,-1.0947467,4.576713,-3.9162967,0.036531806,2.2666545
468,6.4188533,5.0610332,2.547395,-3.4853098,-1.0963362,4.578844,-3.917383,0.037733156,2.2676818
469,6.424015,5.063946,2.5484262,-3.4854503,-1.0975217,4.58081,-3.9188194,0.03860309,2.2687411
470,6.4286876,5.0663505,2.5503833,-3.4867308,-1.099312,4.5822697,-3.919268,0.04065708,2.2706409
471,6.43352,5.069931,2.5506701,-3.486006,-1.1008005,4.5850067,-3.9216657,0.040929448,2.270795
472,6.4377613,5.073317,2.551684,-3.4855294,-1.1029754,4.5874467,-3.923629,0.041502174,2.2717087
473,6.442054,5.0760694,2.553397,-3.485725,-1.1049737,4.5891237,-3.925107,0.04298221,2.273363
474,6.44712,5.0790358,2.5541642,-3.4853761,-1.106065,4.5911765,-3.9272711,0.043842148,2.2740612
475,6.452499,5.081966,2.5547855,-3.4850917,-1.1067419,4.593222,-3.92951,0.044712048,2.2745903
476,6.457702,5.0842805,2.5562074,-3.4855385,-1.1077716,4.5946884,-3.9310405,0.046416294,2.2759173
477,6.462711,5.0869966,2.557444,-3.4858623,-1.1093216,4.5966897,-3.9325113,0.047645714,2.277088
478,6.4680524,5.0899005,2.558395,-3.4857717,-1.1105161,4.5989347,-3.9343665,0.048322614,2.2779684
479,6.472784,5.093037,2.5595748,-3.4857345,-1.1122462,4.6013412,-3.9361906,0.049099963,2.2789845
480,6.4780693,5.096054,2.560489,-3.4851804,-1.1135858,4.603761,-3.9384303,0.049360093,2.2798333
481,6.4832077,5.099215,2.5615199,-3.485177,-1.1148685,4.60621,-3.9403725,0.05003592,2.280751
482,6.4890933,5.101958,2.562526,-3.4855132,-1.1153979,4.6084046,-3.9421105,0.05083656,2.2816381
483,6.4941177,5.1046147,2.5640688,-3.485774,-1.1169975,4.610479,-3.9436624,0.0518761,2.2830338
484,6.4991126,5.108353,2.5641458,-3.4848201,-1.1183563,4.6135707,-3.9464216,0.051820345,2.2829351
485,6.504018,5.1108756,2.5653625,-3.4846044,-1.1199211,4.615417,-3.9481902,0.052774996,2.2840803
486,6.5090933,5.112754,2.567204,-3.4856858,-1.121062,4.616434,-3.9489784,0.05502243,2.2858777
487,6.514591,5.115448,2.5670807,-3.4842398,-1.1219374,4.618581,-3.9516022,0.055060964,2.2856703
488,6.5192385,5.117407,2.568421,-3.4848065,-1.1234641,4.6196504,-3.9524202,0.05706618,2.2869415
489,6.5230045,5.1198835,2.569839,-3.4844313,-1.1259048,4.620998,-3.9537153,0.058382522,2.2883508
490,6.526895,5.122749,2.5708663,-3.4834707,-1.1282986,4.6227474,-3.9553783,0.05891776,2.2894359
491,6.5313654,5.1257405,2.5716157,-3.4832058,-1.1297624,4.624613,-3.9568899,0.05978549,2.2901647
492,6.536197,5.1280837,2.5728798,-3.483446,-1.1311953,4.6260552,-3.9578974,0.061096534,2.291393
493,6.540428,5.1307054,2.574378,-3.4837463,-1.1335424,4.6278768,-3.9586263,0.06221959,2.2928288
494,6.5450077,5.13395,2.574962,-3.4834962,-1.135105,4.6302843,-3.9602308,0.06281322,2.2932382
495,6.549637,5.1370316,2.5757601,-3.4831471,-1.136722,4.632594,-3.9619346,0.06335957,2.2938929
496,6.554368,5.1395783,2.5771532,-3.4832668,-1.138282,4.634301,-3.9633405,0.064553194,2.2952325
497,6.559664,5.1420484,2.5783014,-3.4832501,-1.1393169,4.63604,-3.9649637,0.06552264,2.2963593
498,6.5650215,5.1449256,2.5790496,-3.4829342,-1.1399102,4.638101,-3.9671128,0.06618949,2.2970057
499,6.570205,5.1475306,2.5802448,-3.4831474,-1.1409113,4.6400023,-3.9686668,0.06724525,2.2980776
500,6.575114,5.150241,2.581467,-3.4829361,-1.1425345,4.642114,-3.9703472,0.06789792,2.2992215
501,6.580033,5.153751,2.5818255,-3.4822023,-1.1439384,4.64498,-3.9726882,0.06794562,2.2994556
502,6.584468,5.1560955,2.5834246,-3.481848,-1.1460605,4.6466975,-3.9743183,0.06890245,2.3009436
503,6.589733,5.158794,2.5841935,-3.4816682,-1.1467252,4.648664,-3.9764092,0.06987754,2.3015366
504,6.5954847,5.161264,2.5847242,-3.4813168,-1.1470681,4.650493,-3.9784756,0.070635244,2.3019962
505,6.60008,5.1631875,2.5865119,-3.4820085,-1.1485865,4.651558,-3.9793277,0.07266267,2.3036723
506,6.604961,5.165838,2.5871503,-3.4814556,-1.149793,4.6533957,-3.9812913,0.073500715,2.304236
507,6.609596,5.1685677,2.5880039,-3.480988,-1.151295,4.6552873,-3.9830356,0.07427599,2.3050296
508,6.6130676,5.1713142,2.589598,-3.4803958,-1.1543134,4.6571503,-3.9845126,0.075131,2.3065853
509,6.617889,5.174327,2.5898213,-3.4795225,-1.1555324,4.6593847,-3.9867105,0.07556534,2.3067276
510,6.6222925,5.176597,2.5911112,-3.4794517,-1.1573902,4.6609197,-3.987975,0.076841444,2.3079355
511,6.6272593,5.1788917,2.592232,-3.4795702,-1.1582614,4.662323,-3.9894052,0.07823141,2.3089619
512,6.63236,5.1811795,2.5932536,-3.4792259,-1.1590719,4.663731,-3.9910612,0.07914766,2.309952
513,6.6372046,5.183948,2.5941195,-3.479006,-1.1602904,4.665721,-3.99271,0.079922035,2.3107224
514,6.6417303,5.186311,2.5956132,-3.479074,-1.1620587,4.667306,-3.9938302,0.081039,2.3121688
515,6.646665,5.189517,2.5958538,-3.4783244,-1.1630441,4.6697655,-3.9960759,0.0813478,2.3122458
516,6.6506715,5.191822,2.597478,-3.4783936,-1.1654677,4.6713777,-3.9970844,0.082692385,2.3137314
517,6.6554766,5.1946816,2.5977778,-3.4775333,-1.1667717,4.673593,-3.99921,0.0831591,2.3138673
518,6.6600437,5.1970115,2.5987976,-3.4772255,-1.1683491,4.675202,-4.000667,0.08421093,2.314777
519,6.6647067,5.1989694,2.600337,-3.4776504,-1.1698447,4.6763573,-4.001572,0.08593622,2.3162537
520,6.6694975,5.2017984,2.6007097,-3.476904,-1.1710619,4.678405,-4.003568,0.08652637,2.3165407
521,6.6739902,5.203758,2.602209,-3.4773595,-1.1725596,4.679531,-4.004464,0.08836417,2.3179228
522,6.678428,5.2065997,2.6027222,-3.4764564,-1.1742003,4.6815825,-4.006342,0.0887874,2.318371
523,6.6828375,5.2090673,2.6037564,-3.4762704,-1.1761078,4.6833124,-4.007504,0.089769185,2.3193655
524,6.687174,5.211664,2.6047106,-3.4757028,-1.1781809,4.6852183,-4.0087805,0.090298444,2.3202715
525,6.6916294,5.2142806,2.6057267,-3.4759722,-1.1799691,4.687104,-4.00952,0.09133938,2.3212047
526,6.69653,5.216868,2.6065192,-3.4760036,-1.1810704,4.688879,-4.0106606,0.09222305,2.3219485
527,6.7002525,5.2193475,2.6080418,-3.4756126,-1.1837939,4.6905985,-4.011656,0.09306807,2.3233702
528,6.7055564,5.2222157,2.6080122,-3.4750266,-1.1842649,4.692704,-4.0135856,0.09359361,2.323201
529,6.7093315,5.2236986,2.6098754,-3.4753072,-1.1866505,4.693363,-4.0142045,0.095809564,2.324918
530,6.713692,5.225939,2.6104932,-3.4744983,-1.1878374,4.6945295,-4.0160666,0.09702056,2.325475
531,6.717708,5.2287426,2.6108074,-3.4728358,-1.1895052,4.6962028,-4.018476,0.09739418,2.3258252
532,6.720677,5.230456,2.6127887,-3.4727051,-1.1924669,4.6967278,-4.019211,0.0995218,2.3277955
533,6.7248225,5.232732,2.6132793,-3.471896,-1.1937407,4.6979136,-4.0209374,0.10073892,2.3281872
534,6.7294426,5.235155,2.6134298,-3.4704854,-1.1945418,4.6993003,-4.023194,0.1012951,2.328256
535,6.7322555,5.2368126,2.6152287,-3.4700801,-1.1978256,4.69994,-4.0239615,0.10327767,2.3299673
536,6.7364016,5.238605,2.6160238,-3.4697723,-1.1993712,4.700784,-4.02504,0.10497708,2.3306732
537,6.740552,5.2409835,2.6162732,-3.468613,-1.2009823,4.702271,-4.0267224,0.10567528,2.330862
538,6.7433066,5.2428927,2.6178675,-3.4684076,-1.2041628,4.703113,-4.0271316,0.10743447,2.3323767
539,6.747633,5.2447486,2.6186752,-3.4677677,-1.2053373,4.703898,-4.028454,0.108713865,2.3331485
540,6.75194,5.2470922,2.619241,-3.4668791,-1.2065355,4.70521,-4.030052,0.10950061,2.3336475
541,6.756107,5.248972,2.6203475,-3.4663987,-1.2082378,4.7062097,-4.031132,0.11068114,2.334701
542,6.7604747,5.250939,2.621379,-3.4663575,-1.2098796,4.707445,-4.031778,0.111820966,2.335659
543,6.764115,5.2541084,2.6218135,-3.46553,-1.2122037,4.7098236,-4.033134,0.11207014,2.3359382
544,6.767568,5.2565284,2.6230805,-3.4655466,-1.214949,4.711478,-4.033388,0.113005124,2.3371265
545,6.772208,5.259065,2.6235545,-3.4651442,-1.2158237,4.713161,-4.034707,0.11370825,2.337427
546,6.776408,5.260951,2.624871,-3.4647396,-1.2174864,4.714286,-4.035637,0.11465229,2.3385935
547,6.7813816,5.2628775,2.625703,-3.4642174,-1.2181534,4.7153587,-4.037008,0.115512975,2.3393986
548,6.7860503,5.2654643,2.6262035,-3.4640384,-1.2190189,4.717062,-4.0382752,0.11636663,2.339824
549,6.7901225,5.267267,2.6277144,-3.463934,-1.2205342,4.7179527,-4.039134,0.11772248,2.3412046
550,6.794232,5.2700953,2.6281064,-3.4624727,-1.2220273,4.7198944,-4.0413575,0.117893204,2.3414905
551,6.798799,5.2725835,2.6285768,-3.4612727,-1.2232531,4.72161,-4.0433054,0.11816089,2.3419294
552,6.80256,5.2743545,2.630229,-3.461202,-1.2253797,4.722492,-4.044021,0.11968632,2.3435287
553,6.806734,5.2770734,2.630303,-3.4594884,-1.2268322,4.72439,-4.0462155,0.11970813,2.34349
554,6.810779,5.279035,2.631351,-3.4596007,-1.2282562,4.7253833,-4.046841,0.12125546,2.3444123
555,6.814267,5.28111,2.6327407,-3.4595008,-1.2303907,4.726355,-4.047489,0.12273995,2.345801
556,6.818728,5.2831235,2.6335683,-3.4587295,-1.231404,4.727359,-4.048864,0.12355804,2.3466575
557,6.823281,5.2853775,2.6343012,-3.458427,-1.2320946,4.728548,-4.050219,0.1247049,2.3473265
558,6.826837,5.2877393,2.6354697,-3.4575698,-1.2342931,4.7299867,-4.0514727,0.12538965,2.3484182
559,6.8305087,5.290442,2.6362336,-3.4564798,-1.236566,4.731876,-4.0529084,0.12567759,2.3491397
560,6.8355603,5.2927504,2.636699,-3.456176,-1.2370476,4.733453,-4.054292,0.12647577,2.3494856
561,6.839348,5.294508,2.6384284,-3.456693,-1.2391963,4.734469,-4.0544543,0.12820466,2.3510976
562,6.84338,5.2972302,2.6387494,-3.4553158,-1.2409538,4.736455,-4.056261,0.12836033,2.3513079
563,6.8475227,5.29982,2.6392963,-3.4547591,-1.2424145,4.738196,-4.0575757,0.12912527,2.351758
564,6.851755,5.3010335,2.6409175,-3.4547575,-1.2439201,4.738521,-4.058146,0.13088739,2.3533854
565,6.8558874,5.3035893,2.6410747,-3.45364,-1.2454138,4.7402477,-4.059702,0.13135849,2.353478
566,6.859823,5.305663,2.641911,-3.452954,-1.2471272,4.7414737,-4.060723,0.1322352,2.3542273
567,6.863847,5.3074765,2.6429973,-3.4524298,-1.2485814,4.742343,-4.0616274,0.13331759,2.355223
568,6.8671684,5.309904,2.6440332,-3.4520388,-1.2508967,4.7437754,-4.0622478,0.13423856,2.356218
569,6.871459,5.312582,2.6440575,-3.450978,-1.251918,4.745563,-4.063637,0.13437529,2.35614
570,6.8742805,5.313984,2.6458066,-3.4509687,-1.2546939,4.746046,-4.0636435,0.13627294,2.3577003
571,6.8787847,5.3155065,2.6461875,-3.4499695,-1.2554133,4.746745,-4.0650535,0.13734663,2.3579073
572,6.8830624,5.3174095,2.6464818,-3.4487295,-1.2564095,4.747723,-4.0666494,0.1380959,2.3581424
573,6.886179,5.3193645,2.6476195,-3.4477754,-1.2585999,4.7485323,-4.067779,0.13928543,2.3592398
574,6.8894773,5.321371,2.6488218,-3.4475067,-1.2605596,4.74944,-4.068443,0.14070362,2.360374
575,6.893524,5.323702,2.6490273,-3.4458916,-1.2618269,4.75085,-4.0702696,0.14093249,2.3605144
576,6.896914,5.3258147,2.650019,-3.4454906,-1.2637955,4.752002,-4.0710444,0.14217024,2.3613687
577,6.9004555,5.327878,2.651028,-3.4444156,-1.2659601,4.7532406,-4.072188,0.14277394,2.3623326
578,6.9048095,5.329932,2.651739,-3.4439569,-1.2670746,4.754515,-4.0732946,0.14370391,2.3629515
579,6.909276,5.3321166,2.6522205,-3.4429724,-1.2681086,4.7560205,-4.0747514,0.14409299,2.363309
580,6.9131556,5.3335814,2.6538649,-3.4435232,-1.2697788,4.7566786,-4.0748153,0.14594333,2.3648474
581,6.9169507,5.3361487,2.6542058,-3.442398,-1.2713965,4.7584767,-4.076347,0.14634803,2.3650281
582,6.921324,5.3383756,2.654613,-3.441893,-1.2722106,4.7598515,-4.0776114,0.14726977,2.365311
583,6.9249873,5.339858,2.65594,-3.4416473,-1.2739891,4.7604494,-4.078273,0.1488744,2.366571
584,6.9285936,5.3415294,2.6571927,-3.4412565,-1.2757317,4.76118,-4.079086,0.1503033,2.367758
585,6.93298,5.3436913,2.6572013,-3.4395397,-1.2765172,4.7625017,-4.0812197,0.1506182,2.3676767
586,6.936504,5.3457327,2.6580026,-3.4388204,-1.2786056,4.7637415,-4.0821495,0.15160218,2.368429
587,6.9394445,5.347542,2.659494,-3.4384274,-1.281398,4.7646866,-4.0826015,0.15294875,2.3699002
588,6.9433002,5.349815,2.66002,-3.437743,-1.2828934,4.766149,-4.0837846,0.15381259,2.3703072
589,6.947641,5.351889,2.6605146,-3.4368627,-1.2839868,4.7675037,-4.085139,0.1544437,2.3707182
590,6.951358,5.3536177,2.661773,-3.436641,-1.2858564,4.768438,-4.085763,0.15577632,2.3719249
591,6.9551644,5.355791,2.6626148,-3.4361603,-1.2875605,4.7698684,-4.086671,0.15665033,2.37266
592,6.9591637,5.358241,2.6630578,-3.4350703,-1.2889214,4.771572,-4.0881643,0.15696228,2.3729784
593,6.9634814,5.3599677,2.6640625,-3.4348664,-1.2899934,4.7725263,-4.0889487,0.1581161,2.373922
594,6.9677343,5.3621225,2.6648226,-3.4345493,-1.2912055,4.773953,-4.0899024,0.15901002,2.37461
595,6.971759,5.3642635,2.6657364,-3.4337928,-1.2926985,4.775409,-4.0911345,0.15962413,2.3753986
596,6.9757285,5.366659,2.6665075,-3.4332042,-1.294164,4.77715,-4.0923386,0.16021125,2.3759818
597,6.979955,5.3692584,2.666849,-3.432216,-1.2954378,4.77913,-4.093855,0.16041932,2.3761716
598,6.983942,5.3710785,2.6681404,-3.4324956,-1.2969052,4.780263,-4.094232,0.16180217,2.3772993
599,6.988666,5.373173,2.6685667,-3.4317605,-1.2973716,4.7816887,-4.0957007,0.16239858,2.3775392
600,6.99328,5.3748374,2.6694787,-3.4315858,-1.2982444,4.7827225,-4.096541,0.1634799,2.3783717
