,x,eq_complex_1,eq_complex_3,eq_complex_4,eq_complex_6,eq_complex_8,eq_complex_13,eq_complex_14,eq_complex_16,eq_complex_17,eq_complex_18,eq_complex_19,eq_complex_20,eq_complex_21,eq_complex_22,eq_complex_23,eq_complex_24,eq_complex_30,eq_complex_31
0,0.054522615,0.21415833364331602,0.4063295729478668,0.8406995838997747,1.0709806098990184,1.023354279656849,0.9831493133800937,1.0494798257452436,0.9612594566712751,0.9218093649528423,0.9897375191382574,0.9861458931413887,0.9564315195967006,0.9385063845342427,0.9467992123638654,0.9451661233652808,0.965354928288719,0.938448213522062,0.9455390421851836
1,0.059045225,0.21415833364331602,0.4043981287533205,0.8676249857971292,1.1049017711149767,1.0650046586428146,1.0304923560950976,1.0919206589217065,1.019082094340265,0.9637397786846683,1.0073424474868777,1.0041591839453328,0.9792711721326165,0.9625959997510506,0.9707452550102141,0.9683879856267973,0.9892366174846035,0.9671877931849474,0.9724863549044518
2,0.06356784,0.21415833364331602,0.40246668242345385,0.8899400328399951,1.1325837877530907,1.1006830639037948,1.070882171867893,1.1272113245546085,1.0599937000586488,0.9944122583138193,1.0210081844359955,1.0182807214156036,0.9982141053960305,0.9829395318329268,0.9909493610735156,0.987774276734255,1.00956436201076,0.9918663345097217,0.9955240420223611
3,0.068090454,0.21415833364331602,0.40053523652065126,0.9074872524645237,1.153832718774527,1.1301390187183162,1.1031099579304018,1.154802489005859,1.0859863926497209,1.0155332635436887,1.0308287076210152,1.0285952780457608,1.0133401289802446,0.9995894431804427,1.0074654757346861,1.0033983478435524,1.0263929388925048,1.0123344861166241,1.0145511305576438
4,0.07261306,0.21415833364331602,0.3986037940343612,0.9201428331459851,1.1684997147813456,1.1531657496225787,1.126185267238735,1.174264474526594,1.10078215289029,1.0288662186673614,1.0368863326505051,1.0351758786229315,1.0247189447062317,1.0125874928422902,1.0203368909027783,1.0153224985240734,1.0397631639484612,1.028463650380739,1.0294699180675
5,0.07713568,0.21415833364331602,0.39667234556917425,0.9278175389512432,1.1764821001484358,1.1696017341211675,1.1393885686174827,1.1852944319231014,1.1078163591015395,1.0358334280973527,1.0392503155857877,1.0380824650866662,1.0324084617441396,1.021963244942664,1.0295947469355722,1.0235963941376143,1.0497005772377346,1.0401494375628944,1.0401901914759546
6,0.08165829,0.21415833364331602,0.3947409013746279,0.930457176175156,1.1777239119181915,1.1793315147468277,1.1423050927711005,1.1877207264504421,1.109231345375177,1.0373079941109689,1.0379758281168407,1.037360905723565,1.0364533643199088,1.0277327433170333,1.0352567047723986,1.0282556995137004,1.0562142306510096,1.047314111098998,1.0466332467059707
7,0.0861809,0.21415833364331602,0.3928094571800816,0.928043144210581,1.1722164770203807,1.1822868433790013,1.1348430473540403,1.1815056669285653,1.10551126982143,1.0334888364409807,1.0331034674777644,1.0330425461930646,1.0368844008531641,1.0298979305330942,1.0373263590165154,1.0293214341548544,1.0592961854218093,1.0499087043300015,1.0487361803157418
8,0.09070352,0.21415833364331602,0.39087800871489464,0.9205924524718404,1.159998337322112,1.1784469610390578,1.1172371824900695,1.1667458567836682,1.095424246690679,1.0238714196649839,1.0246590139651155,1.0251439876542672,1.0337177904026897,1.0284461211880889,1.0357927085001113,1.0267994148881616,1.0589210043557307,1.0479139093682464,1.046455445074089
9,0.09522613,0.21415833364331602,0.3889465645203483,0.9081576998428734,1.1411551274948573,1.167838836228047,1.0900392075238732,1.1436710077942451,1.0761871338557838,1.0073213201661049,1.012653692044311,1.0136673660592248,1.0269551416243188,1.0233499803703303,1.0306301307482335,1.0206801992270578,1.05504569812343,1.0413402644769776,1.0397699694280065
10,0.099748746,0.21415833364331602,0.3870151177634176,0.8908265786050124,1.1158187753499225,1.1505368973809413,1.0540927701417189,1.112640308426168,1.0440619529584885,0.9822351654125822,0.9970845497997561,0.9986007625525403,1.016583604759495,1.0145677758430924,1.021798627178359,1.0109392687132002,1.047609931524647,1.0302273074945734,1.0286833253446734
11,0.10427135,0.21415833364331602,0.3850836761312557,0.8687214412854767,1.0841668599698133,1.126662665929943,1.010491857793117,1.0741370933063705,0.9957708380359839,0.9468021042224039,0.9779355038353257,0.9799192685007827,1.0025765333789296,1.002044106700449,1.0092445447348102,0.9975377007789897,1.036536640227304,1.014641922277315,1.013224998974869
12,0.10879397,0.21415833364331602,0.3831522276660687,0.8419981011112595,1.046420880575202,1.0963835556232175,0.9605193483809865,1.028759920700699,0.9309871180390531,0.8996180780084777,0.9551782651220767,0.9575859572785442,0.9848942014532103,0.9857107700532846,0.9929014307595047,0.9804229200119201,1.0217328066113653,0.9946754175141492,0.993450131550837
13,0.11331658,0.21415833364331602,0.3812207834715224,0.8108452402950701,1.0028454295703157,1.0599122519415898,0.9055696819837826,0.9772120556436285,0.8553583839360633,0.8414492044776455,0.9287743899983038,0.9315539756682327,0.9634854426456438,0.9654885341872524,0.9726917917068508,0.9595303569970132,1.0030910759333307,0.9704402706954152,0.9694385210926559
14,0.11783919,0.21415833364331602,0.37928933927697606,0.7754825937619862,0.9537456497961545,1.0175046812896775,0.847057181138231,0.9202858003963775,0.7817894380444321,0.7788566629287764,0.8986768950937735,0.901768235287346,0.9382890710798116,0.9412888105528889,0.9485287448507265,0.934784929478426,0.980491338945711,0.9420652775255548,0.9412915239110824
15,0.12236181,0.21415833364331602,0.37735789081178917,0.7361595601436207,0.899465330012223,0.9694583835081266,0.7863219053572721,0.8588442760232574,0.7271373535192504,0.7271682639334434,0.8648328896375184,0.868168129550469,0.9092361804053247,0.9130162338763482,0.9203185730340534,0.9061034082193937,0.9538032056001272,0.9096903645149317,0.9091280244758744
16,0.12688442,0.21415833364331602,0.37542644661724284,0.6931537442254043,0.8403849108966343,0.9161108003509962,0.7245423671034976,0.7937996697996653,0.7049565799111619,0.704956578890376,0.8271868459356567,0.83069091679582,0.8762530983855396,0.8805719921156852,0.8879640214281443,0.8733974732396188,0.9228892773842965,0.8734608625893443,0.8730792329892849
17,0.13140704,0.21415833364331602,0.3734949981520559,0.646768370955443,0.7769179557329423,0.8578361359918224,0.6626634517857888,0.7260866169970651,0.716834727657013,0.7154993987545687,0.7856836349306118,0.7892749014658207,0.8392642216711942,0.8438571486476485,0.8513675805068318,0.836576697557221,0.887608522590704,0.8335204737824086,0.8332815434953373
18,0.13592964,0.21415833364331602,0.3715635582281502,0.5973310148265326,0.7095094456829036,0.7950438122032104,0.6013498808345787,0.6566350098532361,0.7411935367600498,0.7294433843444331,0.7402735101296735,0.7438645892383525,0.7981966505727909,0.802777854786144,0.8104366476118674,0.7955533708165036,0.8478215979418116,0.7900051787565193,0.7898697280536768
19,0.14045227,0.21415833364331602,0.3696321054923226,0.545189911716211,0.63863078259896,0.7281738533149509,0.5409626041993696,0.5863376313970358,0.7347641983303549,0.707235415145041,0.6909157555975394,0.6944145441304115,0.7529837308551858,0.7572496006216058,0.7650877233639518,0.7502462969395187,0.8033954250477453,0.7430351447982053,0.7429676255030089
20,0.14497487,0.21415833364331602,0.3677006655684169,0.4907136160795295,0.5647793661830791,0.6576964935956109,0.4815638734310167,0.5160219480649938,0.6747498526345882,0.6427409330938394,0.6375863170426532,0.6408972644879172,0.7035723083685007,0.7072053064930877,0.7152544282837777,0.7005883722866698,0.7542117127682368,0.6927100028424774,0.6926818151892395
21,0.14949748,0.21415833364331602,0.3657692213738706,0.434286002235837,0.48847184837480956,0.5841058040298366,0.42293703521112436,0.44641635404298097,0.5770828590521438,0.5516884070846539,0.5802819869483125,0.5833076420169199,0.6499269584581492,0.6526004946284251,0.6608926048190082,0.6465312132009124,0.700172906233576,0.6391007708817908,0.6390917539502934
22,0.1540201,0.21415833364331602,0.3638377729086837,0.3763051654232935,0.41024270263881024,0.5079182871777892,0.3646259321317597,0.37812384485835704,0.45916856594628774,0.44615208110888654,0.5190292051670968,0.5216720736614548,0.5920385733837785,0.5934229554418077,0.6019898914377969,0.588054234269832,0.6412128404165038,0.5822465811842062,0.5822447538482276
23,0.15854271,0.21415833364331602,0.3619063287141373,0.31718042700602966,0.33064022252549635,0.42966902795778905,0.3059827492985167,0.3115963881372218,0.3406859779768139,0.33829978313415027,0.45389204298682706,0.45605678019749285,0.5299323721455318,0.5297019266170195,0.5385748076974184,0.5251732413796266,0.5773073034924938,0.5221516412667011,0.5221515061593236
24,0.16306531,0.21415833364331602,0.3599748887902316,0.25732892872237556,0.25022198247029737,0.3499072574550219,0.2462237826304973,0.24711314775634308,0.24973832481671565,0.24971346691111876,0.3849805465597095,0.3865764911099585,0.46367638342770967,0.46151778256787035,0.47072634762725096,0.45794958017131404,0.5084854973748982,0.4587843716146556,0.4587843715711907
25,0.16758794,0.21415833364331602,0.35804343605440403,0.1971724029385195,0.16955055166821592,0.26919210026039214,0.1844932370110105,0.1847637542826415,0.1854423700940317,0.18543882522802582,0.31245988789127405,0.31340393034158737,0.39339084153465514,0.38901262901886613,0.398584477915313,0.38650027667006026,0.4348428154719393,0.392080117245862,0.39208009530804844
26,0.17211054,0.21415833364331602,0.3561119961304983,0.13713606036645892,0.08919205176844823,0.1880911510537283,0.11993825205257455,0.12443854273372777,0.12282736983993175,0.12344584978790948,0.23656268222582255,0.2367824650088647,0.3192608429325589,0.312404163044631,0.32236389367198215,0.31101155194688845,0.3565573794660669,0.32195081271065246,0.3219505215754718
27,0.17663316,0.21415833364331602,0.3541805476653114,0.07764280643905572,0.009708459286921794,0.10717275265868209,0.05178955888425543,0.0658187163893679,0.04504078857345456,0.051970575389697043,0.15759589161798826,0.15703322898111058,0.24154395301315534,0.231994121327727,0.24236240437708045,0.23174723366287375,0.2739014908925065,0.24829519662666438,0.24829496999164996
28,0.18115577,0.21415833364331602,0.3522491034707651,0.019112772612656287,-0.0683429618061635,0.027005395321960557,-0.0205421900128592,0.008376790476085638,-0.040580244503846286,-0.02126358516375884,0.07595407621394265,0.07456855459925807,0.16058420298022996,0.14818300128270312,0.1589755833338983,0.1490636605015692,0.18725981911631218,0.17102213618503048,0.17102669606956222
29,0.1856784,0.21415833364331602,0.3503176507349375,-0.038041482727963705,-0.1444160167231881,-0.051848763200273595,-0.09736890647869256,-0.04862162710086648,-0.11120693246136037,-0.08634042897789806,-0.007873572171573251,-0.010101010399595628,0.07682024546852914,0.06147828479680373,0.07270498284656554,0.06341857824175348,0.09714117509863492,0.09007731360365964,0.09010325624315987
30,0.190201,0.21415833364331602,0.3483862108110318,-0.09341610077031448,-0.21797702784832967,-0.12883539319993575,-0.17862697287600848,-0.10610376471742522,-0.1527028583566405,-0.13634596192185272,-0.09329260631730463,-0.09635624250924574,-0.00920268407375166,-0.027494014570037112,-0.01583030498042362,-0.02461620609060436,0.004193760426497689,0.005484288291099482,0.005570980806893916
31,0.1947236,0.21415833364331602,0.34645477088712606,-0.14662078960398683,-0.28851125888564955,-0.20341466805619846,-0.26380356707235386,-0.16516421336996817,-0.17498818461189636,-0.17059424050251465,-0.1796003632826238,-0.1834667464194979,-0.09682817342184658,-0.11798618843939357,-0.10589038274001067,-0.11434990396308325,-0.09078848827178354,-0.08260941200937288,-0.08238702637649908
32,0.19924621,0.21415833364331602,0.3445233266925798,-0.1972802912826757,-0.3555248063624675,-0.27506328469041763,-0.351897249631971,-0.22700856715317547,-0.20599025719303543,-0.20592696157854995,-0.2659812749365489,-0.270586972157887,-0.18528204988154146,-0.2091244917157723,-0.19661005697811473,-0.2049660833580529,-0.18685887366454107,-0.17387180516326772,-0.17339161516311735
33,0.20376883,0.21415833364331602,0.34259187822739284,-0.2450371759680317,-0.41854825606572965,-0.343278331647067,-0.4414366215437888,-0.2928503238610448,-0.2713282687348884,-0.27132840482025056,-0.35150827973242627,-0.3567586773038659,-0.2736716390207571,-0.299911806724906,-0.2870012635795586,-0.2955223618670475,-0.2829191255786051,-0.26772062974878147,-0.2668078770092845
34,0.20829144,0.21415833364331602,0.3406604340328465,-0.2895542992816612,-0.47713988834386367,-0.40758071675544816,-0.530563890460272,-0.3637308057629196,-0.3812164242548749,-0.38022514632469095,-0.43514901853035315,-0.4409185026349266,-0.36098961617096237,-0.3892360144528684,-0.3759611203236307,-0.3849552607778368,-0.37772789585370137,-0.3632554836821661,-0.36168974238500706
35,0.21281406,0.21415833364331602,0.33872898556765957,-0.33051778036539337,-0.5308895614240711,-0.4675193938865312,-0.6171789807654717,-0.44023413591172733,-0.5242136458221114,-0.5140508369145771,-0.5157793966439682,-0.5219132267604869,-0.4461251993873452,-0.47588677170373295,-0.4622883046889408,-0.4720930883475186,-0.469919816017231,-0.4591992871297842,-0.456740539361394
36,0.21733667,0.21415833364331602,0.33679754137311324,-0.36763843353515924,-0.5794205538324113,-0.5226733979861743,-0.6991171498524521,-0.5220866431816156,-0.6709214943733192,-0.6403067853010332,-0.5922013502924455,-0.5985194442503675,-0.5278794731899812,-0.558577156274139,-0.5447042524066843,-0.5556735729916413,-0.5580316628983275,-0.5538583217777721,-0.5502969479282451
37,0.22185928,0.21415833364331602,0.3348660971785669,-0.4006544605985338,-0.6223930596921784,-0.5726557492905435,-0.7743312793566561,-0.6077051576268954,-0.7944295334536757,-0.7410895562369132,-0.6631705055652299,-0.6694732676248282,-0.604990933518407,-0.6359759934508786,-0.6218849949180341,-0.6343724307410583,-0.6405419371190759,-0.6451239857960283,-0.6403545792155765
38,0.2263819,0.21415833364331602,0.33293464871337997,-0.4293329860761381,-0.6595061579988636,-0.6171157215001215,-0.841038488469249,-0.6938683298292838,-0.8857845334783139,-0.8155759100248621,-0.7274289934448722,-0.7335051222361303,-0.6761664853660571,-0.7067454306192835,-0.6924982603883549,-0.7068378546803946,-0.7159179699452745,-0.7305283752350448,-0.7246393785410159
39,0.2309045,0.21415833364331602,0.33100320878947426,-0.4534715029019838,-0.6904996683438309,-0.6557409818191905,-0.8978083210129011,-0.7757973980045909,-0.9490739718509904,-0.8688211715786776,-0.7837445728266331,-0.7893805984850564,-0.7401192797945931,-0.7695845310618264,-0.7552466455155114,-0.7717321428721052,-0.7826709641492136,-0.8073684127410539,-0.8007299846307181
40,0.23542711,0.21415833364331602,0.32907176459492793,-0.47289988451908105,-0.7151567255735107,-0.6882607008641097,-0.9435869333194671,-0.8478683444471424,-0.9912154225270242,-0.9056758672516356,-0.8309562438155504,-0.8359472966485031,-0.7956140446987938,-0.823278742599608,-0.8089167614873793,-0.8277808281485313,-0.8394180910390421,-0.8729020453310545,-0.8662266680248651
41,0.23994973,0.21415833364331602,0.32714031612974104,-0.48748102857963393,-0.733304579373901,-0.7144465866321975,-0.9776630319140953,-0.9048015908556879,-1.0177603504224482,-0.9297653958091878,-0.8680196460101417,-0.8721807698536281,-0.8415128274135608,-0.8667475235112267,-0.8524266903342959,-0.8738217641709614,-0.8849424423668022,-0.9245940561316293,-0.9189427730058546
42,0.24447234,0.21415833364331602,0.32520887193519465,-0.49711199807711504,-0.7448160348089076,-0.7341147287779511,-0.9996019615014651,-0.9427296512976215,-1.0326802698467856,-0.943759678424674,-0.8940535718751002,-0.8972307158217894,-0.8768230249298314,-0.8990914536074992,-0.8848731021453669,-0.9088557286916417,-0.9182511291230753,-0.960381733262567,-0.9570967786895459
43,0.24899496,0.21415833364331602,0.32327742347000776,-0.5017248870745308,-0.7496105116223394,-0.7471271660210062,-1.0091718745729765,-0.9595290729977202,-1.0386410900388787,-0.9494829797030682,-0.9083826714122307,-0.9104623972060386,-0.900742778757613,-0.9196336099283282,-0.9055728347337271,-0.9320932065236351,-0.9386248387847651,-0.9789095554071128,-0.979471793821213
44,0.25351757,0.21415833364331602,0.3213459792754614,-0.501287130432763,-0.7476544062168454,-0.753392508600848,-1.0062840747387616,-0.954445484703289,-1.0368780807500173,-0.9477807192314327,-0.9105721172137669,-0.911489138033853,-0.9126990218188231,-0.9279507632308237,-0.9140944767177999,-0.9429924016877851,-0.9456532972741338,-0.9796826352579031,-0.9855142423489975
45,0.2580402,0.21415833364331602,0.31941452653963387,-0.4958017969946642,-0.7389613847089,-0.7528667998831582,-0.9909644303248386,-0.9276925179448012,-1.0270123755607083,-0.9383938286227513,-0.9004526697512671,-0.9001944222075482,-0.9123770820612562,-0.9238936099425967,-0.9102791435962518,-0.9412872546431572,-0.9392552411187176,-0.9631073756542439,-0.9753586424775182
46,0.26256278,0.21415833364331602,0.3174830951570094,-0.48530772132835664,-0.7235925371682396,-0.74555380531562,-0.9633626570514977,-0.8805921632505793,-1.0071159252381745,-0.9200016986799473,-0.8781331938160948,-0.876741008521948,-0.8997377675860339,-0.9075931313206356,-0.8942474693214009,-0.9270015558074487,-0.9196799900111625,-0.9304120906595963,-0.9497774748041439
47,0.26708543,0.21415833364331602,0.3155516338799006,-0.4698786307628521,-0.7016550630677315,-0.7315046156114209,-0.9237950117984957,-0.8160600354863712,-0.973923286143636,-0.8903807375863362,-0.8439977676540824,-0.8415643777342612,-0.8750202014290387,-0.8794519029398233,-0.8663916057315892,-0.9004474997424139,-0.8874896332912126,-0.8834673696264337,-0.9100691362878115
48,0.27160805,0.21415833364331602,0.31362018541471365,-0.4496236560744714,-0.6733030192080954,-0.7108180612397605,-0.8728155974039913,-0.7387138188227397,-0.9227832978073061,-0.8464526309671496,-0.7986923417211957,-0.795356122155517,-0.8387325753661785,-0.8401245962979957,-0.827356337825589,-0.8622116751131486,-0.8435278906464232,-0.8245556164453527,-0.8579132743042146
49,0.27613065,0.21415833364331602,0.31168874549080794,-0.42468573465115544,-0.6387350377640277,-0.6836394018606399,-0.8112878461125901,-0.6541508878384655,-0.8473537684311563,-0.7840396015079674,-0.7430947040053345,-0.739031017780376,-0.7916273094894597,-0.7904840536065207,-0.778005721457591,-0.8131249638970706,-0.788872348789093,-0.7561263432534342,-0.795210838989791
50,0.28065327,0.21415833364331602,0.309757297025621,-0.39524058830653985,-0.5981929420314913,-0.6501591608125085,-0.7404384729037787,-0.5677314850483252,-0.7410958529761329,-0.6978714217167202,-0.6782758454464108,-0.6736864246212544,-0.7346659449293929,-0.7315799937464351,-0.7193821879407832,-0.7542226258261719,-0.7247794721964349,-0.6805849583007524,-0.7239376000685736
51,0.2851759,0.21415833364331602,0.3078258442897935,-0.3614959795491284,-0.5519607371048822,-0.6106123436874445,-0.661867924109193,-0.48356069577892724,-0.6045428757434136,-0.5843985613791212,-0.6054553150187468,-0.6005566234437837,-0.6689770939455015,-0.6645936999677735,-0.6526614673152418,-0.686698201224298,-0.6526268607601264,-0.6001368550181183,-0.6460250497220399
52,0.28969848,0.21415833364331602,0.305894412907169,-0.32369048434763137,-0.5003629363997726,-0.5652771250418817,-0.5774977733538292,-0.4040801685478741,-0.4554779463004228,-0.45111087214635204,-0.5259522424192637,-0.5209637746383897,-0.5958091618833554,-0.5907903989337726,-0.5791050454216287,-0.6118532096901039,-0.5738553448664513,-0.5166911977894132,-0.5632730979499792
53,0.2942211,0.21415833364331602,0.303962964441982,-0.28209009007987496,-0.44375994464334945,-0.5144708247554861,-0.4894490064606556,-0.33021052244572324,-0.32494268039342156,-0.32483887919094634,-0.4411321457044398,-0.4362655507745332,-0.5164780000266015,-0.511469262992498,-0.5000101081211128,-0.531042933683203,-0.4899113532592254,-0.43181567793020115,-0.477291272523768
54,0.29874372,0.21415833364331602,0.3020315159767951,-0.23698861300370822,-0.3825486664105616,-0.45855042164280957,-0.39988037483855776,-0.26177302046206796,-0.23568717738599076,-0.23572990281133394,-0.3523651929805711,-0.3478149256142923,-0.4323243352489522,-0.42792536351746935,-0.41667129480656606,-0.4456333765881608,-0.40220483670979557,-0.34674268041952105,-0.389477012458571
55,0.30326632,0.21415833364331602,0.3001000760528894,-0.18870447353123143,-0.31715814929191466,-0.3979086919488578,-0.3108009082873052,-0.19792888183143564,-0.18864594648822347,-0.1875708517855057,-0.26098250409621876,-0.25691844601993363,-0.34466902707733715,-0.34141076538278203,-0.33034153912711384,-0.3569569608235059,-0.312068746452726,-0.26239574671191274,-0.30100801160519086
56,0.30778894,0.21415833364331602,0.29816862758770246,-0.13757789955930483,-0.24804583829037619,-0.3329707362876628,-0.2239029079549994,-0.1375277654107569,-0.16545297315762075,-0.15611397484205586,-0.16824108524727266,-0.16480337334145595,-0.2547760745283482,-0.253104110722732,-0.24220135064893877,-0.26627688811893985,-0.22072962555579684,-0.1794334463895808,-0.2128515100016144
57,0.31231153,0.21415833364331602,0.2962371919344373,-0.08397016948240044,-0.17569659524923303,-0.2641930719152913,-0.14044747688951514,-0.07934359680002062,-0.13708007243067333,-0.11537023965116827,-0.0753006790564208,-0.07259670892602188,-0.1638269876177788,-0.1640915086891519,-0.15333938869469926,-0.1747634777254593,-0.1292915095137131,-0.0983024326642512,-0.1257866003588768
58,0.31683415,0.21415833364331602,0.2943057434692504,-0.02825878625678177,-0.10061622577830032,-0.19205752865313958,-0.06120743920009303,-0.022212350137829656,-0.08171131479230098,-0.057692326153341855,0.016798489621651758,0.01869501396561013,-0.07289604679835532,-0.0753479300835897,-0.0647335732990742,-0.08347164090819109,-0.03872133950278034,-0.019283174447513457,-0.040424353541243296
59,0.32135677,0.21415833364331602,0.2923742950040634,0.029162846889248334,-0.02333109446684828,-0.11707086078194195,0.013519581648350792,0.03488752806783946,-0.0013123582969518932,0.012165886227139516,0.10714223310898513,0.10819055770358764,0.017058970084212144,0.012266937894092805,0.02275332073128436,0.006666044967616497,0.05015026844997056,0.05746179249577735,0.042762993098263063
60,0.3258794,0.21415833364331602,0.2904428422682359,0.08788973932534574,0.05561763673271783,-0.03975921713879199,0.08385545084528459,0.09279649721851244,0.0831023367795129,0.08601514151812495,0.19494903445586553,0.19513922864230404,0.10520592722809154,0.09801361195642899,0.10837878672504518,0.0948462881338377,0.13662905332092273,0.1318520673416304,0.12341999650584547
61,0.330402,0.21415833364331602,0.2885114023443302,0.14750703601145337,0.13567627271712224,0.03933406702805242,0.1502524125743523,0.15215344109439657,0.15317847508284743,0.15323499517684191,0.2795667292747446,0.2789165862080632,0.1908373790891567,0.18126883993377008,0.1915167729088207,0.18039216896555152,0.22014836986206457,0.2038567163821845,0.2012838441606889
62,0.3349246,0.21415833364331602,0.2865799624204245,0.20759451385851316,0.21628457246682706,0.11965435656362026,0.21339574335418182,0.21338949074228183,0.21338521590081572,0.21338521589652332,0.3604689228677992,0.3590202049828748,0.27336909311733676,0.26152204196783785,0.27165422942117207,0.2627500253122189,0.30026137197830927,0.27347170618436195,0.27616649639352253
63,0.33944723,0.21415833364331602,0.28464850968459693,0.26772864500465454,0.29687845944230723,0.20063843661674896,0.27410490840319546,0.27672642625108057,0.28755443032327116,0.2871614455583461,0.4372445170575794,0.4350588969287622,0.3523313632472033,0.338365572011478,0.3483814380538104,0.3414794767955439,0.37662759970399207,0.34070010971882825,0.34793610872310643
64,0.34396985,0.21415833364331602,0.28271706121941,0.32748463982724385,0.3768927078981595,0.2817171793409647,0.33324350202021635,0.3421800617324507,0.39364323335817997,0.387313474190371,0.5095855201097641,0.5067404695410298,0.42735822888681535,0.4114836398619909,0.42138096697440763,0.41624170502690294,0.44899893715590555,0.40553760905296043,0.4165013397801899
65,0.34849244,0.21415833364331602,0.2807856255661449,0.38644065286346746,0.45576652422241326,0.36232114996916603,0.3916418884417607,0.4095705824008381,0.5154796982829406,0.4962753363376851,0.5772764752430986,0.5738612714996512,0.49817808138910674,0.48064313214002974,0.49041849277130367,0.4867894220220604,0.5172081125196448,0.4679646162786003,0.48180060131730196
66,0.35301507,0.21415833364331602,0.2788541728303173,0.444181644841007,0.5329486568121415,0.4418858424967439,0.4500293142673424,0.47853759653524275,0.6256390669047194,0.5962451870234354,0.6401826771950219,0.6362946774985866,0.5646028112535154,0.5456834326679518,0.5553326019332888,0.5529556440622787,0.5811567857013537,0.5279413101579281,0.5437927630358455
67,0.3575377,0.21415833364331602,0.27692272009448976,0.5002997136057155,0.6078977833145734,0.5198520840888212,0.5089709533547888,0.5485558309062751,0.7086884604713102,0.6769455633559341,0.6982347707354519,0.6939760729719846,0.6265128683955925,0.6065025205775401,0.6160208639421342,0.6146386114646425,0.6408005177643803,0.5854018814706419,0.6024459824336954
68,0.3620603,0.21415833364331602,0.27499128017058405,0.5543985813981062,0.6800884572430086,0.5956721424827554,0.5688167730557809,0.6189600617361246,0.7441423443609833,0.723351520323834,0.751418808964178,0.7468933026637965,0.6838477805981193,0.6630485579638099,0.6724313773923227,0.6717923109461623,0.6961396064020726,0.6402554867548462,0.6577328222968688
69,0.3665829,0.21415833364331602,0.27305984024667834,0.6060969508511453,0.7490155340218493,0.6688143740534238,0.629658549457923,0.6889728585461157,0.7309146789024538,0.7255072184662121,0.7997656845189892,0.7950765236656065,0.7365958449652943,0.7153107601346881,0.7245535965749518,0.7244162967150082,0.7472095656345007,0.6923877940090972,0.7096254734936505
70,0.37110552,0.21415833364331602,0.2711283917814914,0.655030292152579,0.8141965026173346,0.738765708801263,0.6912977352231774,0.7577330781772138,0.707789969722386,0.707620377127183,0.8433401668692169,0.8385876612374414,0.7847831633014656,0.7633096167802166,0.7724085122522665,0.7725449406898619,0.7940712647267887,0.7416624609333368,0.7580907743048876
71,0.37562814,0.21415833364331602,0.2691969433163045,0.7008531361490147,0.875174495394148,0.8050348373807803,0.75323110047163,0.8243263690947686,0.7106998858568165,0.7107324301079118,0.8822318035284205,0.8775116927879756,0.8284644456153053,0.8070887904743069,0.8160405108294237,0.8162384923175822,0.8368029312088348,0.7879243360389077,0.8030870843597492
72,0.38015077,0.21415833364331602,0.26726549058047694,0.7432422828065097,0.931522515716232,0.8671567575914281,0.8146600422781859,0.8878171961288587,0.7490720704180788,0.7484922065628759,0.9165478132268813,0.9119498868904856,0.86771582289099,0.8467089278694487,0.8555111464357468,0.8555761680087514,0.8754941762676351,0.8310044996185435,0.8445632535542751
73,0.38467336,0.21415833364331602,0.26533405492721185,0.781898237074412,0.9828453060704492,0.9246948034058939,0.8745232711058222,0.9472772448056576,0.8145640289361612,0.8076355751842815,0.9464056465084638,0.9420126669607716,0.9026270939876303,0.8822407888842351,0.8908922404627768,0.890648676231295,0.9102394583221732,0.8707242077374265,0.882457000905304
74,0.38919598,0.21415833364331602,0.2634026064620249,0.8165488832923554,1.0287841901419599,0.9772460275499056,0.9315583821346117,1.0018150857072832,0.8910835922683179,0.8695373749086374,0.9719284713391497,0.9678153656349768,0.9332971476263563,0.9137614584805246,0.922262059434278,0.9215539132888371,0.9411346223063694,0.9069016265512443,0.9166966224411431
75,0.3937186,0.21415833364331602,0.26147115799683796,0.846949484794561,1.0690170349110182,1.024441182278975,0.9843788060947782,1.0505973386579068,0.9628662758552292,0.9229773221705787,0.9932388663383189,0.9894721271998341,0.9598271149304296,0.9413481178439089,0.9496990702838776,0.9483903557064773,0.9682710827578854,0.939355116430132,0.9472001889319925
76,0.39824122,0.21415833364331602,0.259539709531651,0.8728855589850479,1.1032620324112938,1.0659490107609493,1.0315677394528144,1.0928709413610296,1.0202823490159858,0.9646176956740375,1.0104557531380212,1.0070930234930575,0.9823171301945902,0.9650753531487881,0.9732792259742268,0.9712540452958571,0.9917334688955706,0.9679096082324066,0.973878590411579
77,0.4027638,0.21415833364331602,0.25760827814902654,0.8941739541752669,1.1312790964614,1.1014778877589189,1.0717714296617162,1.127979253642934,1.06079284364708,0.9950346399216896,1.0236908622447403,1.0207806569663653,1.0008623896891673,0.9850116270961893,0.9930724244504822,0.990234834313804,1.011596433935986,0.992401111407394,0.9966377576057017
78,0.40728644,0.21415833364331602,0.25567682114255835,0.9106649147719069,1.1528725599732756,1.1307791841598285,1.1037865344334667,1.1553765410030878,1.0864657455599533,1.015945282622068,1.033046639923576,1.0306281973915117,1.0155509391049673,1.0012174615270708,1.0091406742643614,1.005414352755063,1.0279231303262357,1.0126822408886662,1.0153828092164607
79,0.41180903,0.21415833364331602,0.25374538548929326,0.9222416784570657,1.1678906290559872,1.153646507821194,1.126627900184145,1.1746354784634803,1.1010347555741617,1.0291075556927884,1.0386134004808936,1.0367165821731028,1.026460082773656,1.0137419936302665,1.021534653137882,1.016862514587542,1.0407620096317154,1.0286246059007809,1.0300202383495671
80,0.41633165,0.21415833364331602,0.2518139370241063,0.9288228058722657,1.1762284197097381,1.1699198025974746,1.1395834831571068,1.1854566975097094,1.1079124810107817,1.0359327003582437,1.040468741900453,1.0391140377215329,1.033655942133663,1.022622861740357,1.030293575286378,1.0246372250455493,1.0501469112516193,1.0401241625058044,1.0404637209879937
81,0.42085424,0.21415833364331602,0.24988250137084123,0.9303617791459279,1.1778274207249695,1.179484634036056,1.142246165778051,1.1876717403291963,1.1092032497316215,1.0372784313471604,1.0386760350967457,1.0378745777528289,1.0371912321071746,1.0278840120246655,1.0354430030555581,1.028782201634029,1.0560949935155788,1.0471027476540935,1.0466371610642822
82,0.42537686,0.21415833364331602,0.24795105290565428,0.9268477609051657,1.172676453219227,1.1822739946125365,1.1345321413151297,1.1812461958856129,1.1053491477036683,1.0333264009534013,1.033283990759317,1.0330376342967618,1.037104816036142,1.0295354555822018,1.0369945931542994,1.0293266234393608,1.058606607407295,1.049510819466518,1.0484794522014027
83,0.42989948,0.21415833364331602,0.24601960444046733,0.9183055163195148,1.1608115637653649,1.1782682203602213,1.116684073839755,1.1662799406369249,1.0950773028363254,1.0235554044260258,1.0243264776755674,1.0246278761351162,1.0334209630880076,1.0275725294389508,1.0349453593853166,1.0262844059601837,1.0576645691510254,1.0473282489071576,1.045947900273055
84,0.43442208,0.21415833364331602,0.24408816451656165,0.9047953833114356,1.1423159553777071,1.1674954898109222,1.0892612361645808,1.1430059590182398,1.0755716932834247,1.0068173729348948,1.011822714455103,1.0126554347174435,1.0261493498718972,1.021976008298845,1.0292777775065838,1.0196542486412454,1.053234278511738,1.0405648747785254,1.03902166370007
85,0.4389447,0.21415833364331602,0.24215671605137468,0.886412559272657,1.1173190156801267,1.150031320176869,1.0531138029663043,1.111786410013198,1.0430844514965014,0.9815000581251359,0.9957775300472987,0.9971161924667006,1.0152850734025465,1.0127122086506826,1.0199598835612778,1.0094196799065864,1.0452637951536847,1.0292596781660315,1.027703967129396
86,0.44346732,0.21415833364331602,0.24022526758618776,0.8632867876856779,1.0859959010849707,1.1259983229749047,1.0093411373650292,1.0731075131014949,0.9943756888382375,0.9457925866813092,0.9761825377511534,0.9779929689974876,1.0008093850847808,0.9997337652541353,1.0069460448860892,0.995549795550237,1.033684506213025,1.01347939728161,1.0120236975084655
87,0.44798994,0.21415833364331602,0.23829381912100084,0.8355812257013088,1.0485660120167895,1.095565182777968,0.9592301115539927,1.027570772301155,0.9292298801941404,0.8983161630505678,0.9530171269970787,0.9552565569815449,0.9826904770560476,0.9829805615472657,0.9901778789848712,0.9780000801224566,1.0184119753820586,0.9933159222951806,0.9920355452105284
88,0.45251256,0.21415833364331602,0.2363623706558139,0.803491341848587,1.0052915233473527,1.0589455059545938,0.9041765101947411,0.9758815846418015,0.8534703357859257,0.8399281109744312,0.92625008402546,0.9288673871202302,0.9608847842128851,0.9623811782462343,0.9695856885894347,0.956713737693895,0.9993472732947702,0.968882888306212,0.9678189743224359
89,0.45703515,0.21415833364331602,0.23443093500254877,0.7672437906473772,0.9564758894671925,1.0163966226633203,0.845594472821185,0.9188347126081939,0.7801601580983263,0.777384558336513,0.8958417853863418,0.8987777824691296,0.9353388537013967,0.937854964218987,0.9450905137610262,0.9316236044994071,0.9763789271567455,0.9403115736249916,0.9394760041884572
90,0.46155778,0.21415833364331602,0.23249948226672124,0.727093732655774,0.9024602636942545,0.9682165014751843,0.7848203218105516,0.8572939896458752,0.7261700463234018,0.7262105666570728,0.86174571308497,0.8649335647915491,0.9059907113017982,0.9093137046254922,0.9166057771403182,0.9026535951207231,0.9493845432226046,0.9077449272504546,0.9071265511459627
91,0.4660804,0.21415833364331602,0.2305680338015343,0.6833248392896336,0.8436235389769742,0.9147437883990354,0.7230280235448595,0.7921728519243288,0.7048719801100531,0.7048719483179682,0.8239128931161743,0.8272785846534351,0.8727737840320609,0.8766658508243688,0.8840414815493036,0.8697227002405775,0.9182349123411853,0.8713331947452883,0.8709047232462972
92,0.470603,0.21415833364331602,0.22863659387762858,0.6362460397071683,0.7803780077486163,0.8563539697272943,0.6611564807708756,0.7244066122918901,0.7174301560987502,0.7159831711598669,0.7822943199424348,0.7857572916715483,0.83561922832088,0.8398193354317082,0.8473069879051921,0.8327474663540361,0.8827969016445103,0.8312265781841296,0.8309515287410321
93,0.4751256,0.21415833364331602,0.22670515395372287,0.5861892959686865,0.7131664148888148,0.7934566475737932,0.5998624879035054,0.6549239111394723,0.741584479111476,0.7294421170294242,0.736844968121041,0.7403189071890172,0.7944596729049692,0.798685858787292,0.8063152562275885,0.7916459159490763,0.842937857443976,0.7875684498533839,0.7874075174792172
94,0.47964823,0.21415833364331602,0.2247737012178953,0.5335074083909117,0.6424590553015384,0.7264928297461662,0.5394998128455942,0.5846165595347195,0.7339267138589757,0.7061122501556008,0.6875286278709034,0.6909224545887005,0.7492338003284771,0.7531861314826891,0.7609880330003632,0.746342363169767,0.7985310970756264,0.7404886331485067,0.7404049529154317
95,0.48417085,0.21415833364331602,0.2228422527527084,0.47857250656294315,0.5687517947167514,0.6559330912755331,0.48012332352552994,0.514309689596264,0.6727170190004185,0.6407678162553241,0.634324294505993,0.6375433828783439,0.6998924696643372,0.7032567964615738,0.7112627049195523,0.6967738438200195,0.749463253560736,0.690097682566996,0.6900605711947917
96,0.48869348,0.21415833364331602,0.22091080001688082,0.4217719266180467,0.49256058667735836,0.5822723723983958,0.42151026940611624,0.44472926414772596,0.5743912782674224,0.5492449175510419,0.5772309989675698,0.5801786607525995,0.6464035148455668,0.648856133490225,0.6570979337531971,0.6428952919586045,0.695640681917257,0.6364795400539618,0.6364664802829862
97,0.49321607,0.21415833364331602,0.21897936436361573,0.36350704999904265,0.4144199671642571,0.5060285271008211,0.3631998316575959,0.3764756200282569,0.4561602862612337,0.4434733854411107,0.5162763833939026,0.5188556541003977,0.5887601223618499,0.5899734824395706,0.5984829902038034,0.5846883885380871,0.6369998107041928,0.5796880655275631,0.5796849103349351
98,0.4977387,0.21415833364331602,0.21704791162778816,0.30418791936224265,0.33487588732879403,0.42773535578513167,0.30453888678345975,0.3099952358223429,0.33805376092261624,0.33581468242779355,0.4515218754330821,0.45363760627914645,0.5269861454619513,0.5266356283519236,0.5354440595184564,0.5221674039501576,0.5735148217528565,0.519741281831276,0.519740919750068
99,0.5022613,0.21415833364331602,0.21511647170388246,0.2442339537324088,0.2544867283186436,0.34794358747768545,0.24474208797228844,0.24556388058670442,0.24793203799028166,0.24791184824378182,0.3830750970824415,0.38463640646666714,0.46114840473715996,0.45892036661833424,0.46805769371784645,0.45539217642680885,0.5052128645792437,0.4566239966971525,0.4566239930010675
100,0.5067839,0.21415833364331602,0.21318503177997677,0.18406774667948184,0.17381504143756116,0.2672127524267492,0.18295292650960482,0.18326650856602744,0.18399818369238655,0.18399424005059165,0.3110956615363789,0.3120186979669507,0.3913628791171744,0.38696381137914204,0.39645803837907534,0.38447499160047827,0.4321834419393986,0.3902868355997322,0.39028683287700405
101,0.5113065,0.21415833364331602,0.21125359185607104,0.12411377961418381,0.0934258805165662,0.1861094851617545,0.11831876785363697,0.12298761805357283,0.12113092556495343,0.12180727628566089,0.2358067865658399,0.23601781520891865,0.3178066058537653,0.3109734691864282,0.32084980495508136,0.30959329672203006,0.35459398990789415,0.32065437717734224,0.32065425127491465
102,0.51582915,0.21415833364331602,0.20932213057896226,0.064794385818947,0.013881447806565417,0.10520214295956543,0.05007349395517047,0.06440332873706048,0.042961232327286436,0.05015404908126492,0.1575040537006387,0.15694279018875917,0.24072703221189473,0.2312385214600039,0.2415184781448805,0.2309998690586244,0.2727030570846249,0.24763572900628322,0.24763560155734093
103,0.52035177,0.21415833364331602,0.20739068211377532,0.00652912842588807,-0.06425968242941693,0.02506003522680017,-0.022365898629903874,0.006981695915709518,-0.042579301227492594,-0.022984107613864074,0.07656850920198194,0.07519165455880317,0.16045584550124853,0.14814444649831782,0.15884486086883354,0.14903755014640513,0.1868782953532092,0.17114588395922747,0.1711490160030288
104,0.5248744,0.21415833364331602,0.20545922937794778,-0.05027143872886802,-0.14045087344079793,-0.05375504105546369,-0.09930339606384547,-0.050016743016968956,-0.11258193107839559,-0.08776564120123576,-0.006528257438364465,-0.008743486729515304,0.07741514057465151,0.06217929152540824,0.07331133934455161,0.06414612124833483,0.0976061346659844,0.09112814643667265,0.09114739568153146
105,0.529397,0.21415833364331602,0.20352778945404204,-0.10520608650702695,-0.21415779327618711,-0.13068920922405752,-0.180665315229444,-0.10752382021839013,-0.15338384219206086,-0.13734583018121477,-0.09121241457376866,-0.09426486538632461,-0.007869639553974628,-0.02605361858004998,-0.014485411553520844,-0.023124022175387615,0.005508163624881435,0.00759312704890619,0.0076609575095781535
106,0.53391963,0.21415833364331602,0.2015963367182145,-0.15788796614963335,-0.2848651422972294,-0.20520349574529423,-0.2659277276210188,-0.16663805040799867,-0.17551759097262043,-0.1713337578042019,-0.17680495987302558,-0.18066652820022444,-0.09476522536975296,-0.11583244194117881,-0.10383110085062797,-0.11210702184701371,-0.08865243434831643,-0.07933876189127936,-0.07915783286491246
107,0.5384422,0.21415833364331602,0.19966490960623062,-0.20794437822736483,-0.35207628982951755,-0.27677344703305734,-0.3540753056115771,-0.2285653624960574,-0.20709893879841457,-0.2070564231706084,-0.262513640376169,-0.26712686399421715,-0.18252056069257921,-0.2063087594838885,-0.19388564604615705,-0.20201136489102978,-0.18395984789703151,-0.16937704106666274,-0.1689741892875295
108,0.5429648,0.21415833364331602,0.1977334696823249,-0.2550231884607064,-0.41532183524379696,-0.3448981789162515,-0.4436276755001788,-0.2945187458144011,-0.2734819164326388,-0.2734819459394696,-0.34743962180857335,-0.35271629488401524,-0.2702715086681379,-0.2965156022630846,-0.2836909533595696,-0.29192506002923213,-0.27935226193771456,-0.2620040848818028,-0.26121847342804905
109,0.54748744,0.21415833364331602,0.19580201267585673,-0.2987922793355936,-0.47415882541565135,-0.4090996007682647,-0.5327198097188887,-0.3655327577128722,-0.38441140602152957,-0.3833316592823076,-0.43057779535204543,-0.4363988266106449,-0.35703881925762104,-0.3853694714657785,-0.3721726668796055,-0.38081434488954724,-0.37362337625220676,-0.35640331037484774,-0.35502489933849835
110,0.55201006,0.21415833364331602,0.1938705642106698,-0.33894224885578683,-0.5281743321603535,-0.4689262141807513,-0.619246265049714,-0.442174529349296,-0.5278905049525561,-0.5173440169459582,-0.5108281108638454,-0.5170449928997511,-0.4417370304286201,-0.47168454445774666,-0.4581539992834862,-0.467534084668636,-0.4654382946009671,-0.4513973257550691,-0.44918687200530516
111,0.5565327,0.21415833364331602,0.19193910720420165,-0.37519018298759366,-0.5769904819947597,-0.5239586288188047,-0.701044190028282,-0.5241447424887758,-0.6742937284054643,-0.6431034253214416,-0.5870163201277608,-0.5934544723134493,-0.5231929961893869,-0.5541974118145023,-0.5403800197277249,-0.5508485472406578,-0.5533624837766175,-0.5454069910951923,-0.5421387420518332
112,0.5610553,0.21415833364331602,0.19000766728029592,-0.4072798922094759,-0.6202647356796812,-0.5738098842000124,-0.7760701190191935,-0.609821761178524,-0.7970461064146235,-0.7432072860925923,-0.657915155062922,-0.6643792521345138,-0.6001646636532548,-0.6315924276140058,-0.6175425445846879,-0.6294529155684541,-0.6358934150926803,-0.6364362115290747,-0.6319649849227229
113,0.5655779,0.21415833364331602,0.18807622735639024,-0.4349853171637267,-0.6576944398799541,-0.6181305922751203,-0.8425496347816148,-0.6959434498827222,-0.8876375216922117,-0.817108447621439,-0.7222793743984511,-0.7285606787280069,-0.6713744869535594,-0.7025417966819657,-0.6883197351653355,-0.7020101556914534,-0.7115098628688088,-0.7221159627025043,-0.7164630863453627
114,0.57010055,0.21415833364331602,0.18614476607928143,-0.45811122173587615,-0.6890177350241883,-0.6566100664228495,-0.899062441164721,-0.7777006684388491,-0.9503304589421571,-0.8699008394814576,-0.7788820171468194,-0.7847674871466821,-0.7355442730812808,-0.7657463307637458,-0.7514164263212801,-0.767189536850857,-0.7787235488991763,-0.7998073760851396,-0.793250825707245
115,0.5746231,0.21415833364331602,0.18421334750857876,-0.476493761739734,-0.7140142884815056,-0.6889770529628305,-0.9445615570345613,-0.8494595238839253,-0.9920311724936863,-0.9064042563805861,-0.82655528801475,-0.8318380796749045,-0.7914350633752307,-0.8199799779951962,-0.8056083108546621,-0.8237102683196014,-0.8361358212367715,-0.8667739971856416,-0.8599192614797044
116,0.5791457,0.21415833364331602,0.18228190758467308,-0.49000393320014335,-0.7325099481825692,-0.7150055476084021,-0.9783451026110523,-0.9059669951819564,-1.0182500638356806,-0.9302185208769052,-0.8642423671179988,-0.8687329977734604,-0.8379000977457731,-0.864145098101373,-0.8497969955562783,-0.8703980335593848,-0.882505822828386,-0.9204244662029548,-0.9142286308873828
117,0.58366835,0.21415833364331602,0.18035044630756433,-0.4985462568800255,-0.7443749462830428,-0.7345126482366887,-0.999983997342093,-0.9433976137994688,-1.0329246942890977,-0.9439926471124647,-0.8910380754256932,-0.8945755241256252,-0.8739259971768667,-0.8973135309828417,-0.8830510405380567,-0.9062288517713835,-0.9168025430722813,-0.958568511702782,-0.954295240726736
118,0.588191,0.21415833364331602,0.1784189850304555,-0.5020602875962731,-0.7495259334858603,-0.7473611119771023,-1.009249961467391,-0.9596666957405846,-1.038688330257355,-0.9495287097937013,-0.9062339977976439,-0.9086957720250795,-0.8986803527062222,-0.9187709792089636,-0.9046504877800265,-0.9303784112411131,-0.938258268789979,-0.979666597973359,-0.9787643072549714
119,0.5927136,0.21415833364331602,0.17648754510654985,-0.5005212777387862,-0.7479268845996343,-0.7534607259616866,-1.0060574403869658,-0.9540470260134406,-1.0367384066857392,-0.9476462151749501,-0.90935593982416,-0.9106661660052844,-0.9115526164088918,-0.9280516672974479,-0.9141218618599138,-0.9422632922328027,-0.9464085694686666,-0.9830107980850991,-0.9869280892928052
120,0.5972362,0.21415833364331602,0.17455610518264408,-0.49394015197019103,-0.7395890941136234,-0.7527688572104778,-0.9904352898947049,-0.9267755457450164,-1.026656391334849,-0.9380590055413789,-0.9001908496107178,-0.9003255583240091,-0.9121854379446552,-0.9249608110614491,-0.9112611496149357,-0.9415710715984646,-0.9411155667209754,-0.9687975499003183,-0.9787704170072338
121,0.60175884,0.21415833364331602,0.17262464817617593,-0.48236321682952743,-0.7245708008506236,-0.7452902657840654,-0.9625360084065238,-0.879206268758332,-1.006478680452488,-0.9194219777524681,-0.878801239011225,-0.8777903350295231,-0.9004936404690651,-0.9095831260443745,-0.8961429235372076,-0.9282766302509053,-0.9225726359897573,-0.9380783067418732,-0.9549338735827939
122,0.60628146,0.21415833364331602,0.17069319971098895,-0.4658722703196557,-0.7029773540750858,-0.731077497105064,-0.9226818486719657,-0.8143000462279795,-0.9729092649756355,-0.889491840145467,-0.8455275524574417,-0.8434532254345584,-0.8766714778128335,-0.8822788808810822,-0.8691170564552095,-0.902645530439135,-0.8912925233361644,-0.8926053796677178,-0.916623418282545
123,0.610804,0.21415833364331602,0.16876178541092696,-0.4445840374850982,-0.6749605030937456,-0.710230717360677,-0.8714338305755711,-0.7367104687944844,-0.9212589999889076,-0.8451677620520974,-0.8009757495522183,-0.7979673958287306,-0.841185480018537,-0.843665783152381,-0.8307912627784519,-0.8652220523924534,-0.848077823651483,-0.8346073408089265,-0.8654653025865093
124,0.61532664,0.21415833364331602,0.16683032840445877,-0.4186478338441796,-0.6407153343716814,-0.6828953754109903,-0.8096615807545071,-0.6520410200119187,-0.8451453077668354,-0.7822391735176267,-0.7459883474677331,-0.742214473794817,-0.7947505764141456,-0.7945856172108936,-0.7819983218157368,-0.8168000647683933,-0.7939739349226758,-0.766538791996248,-0.8033443811821552
125,0.61984926,0.21415833364331602,0.16489887993927188,-0.38824720851984007,-0.6004824576365123,-0.6492638866404762,-0.7386029569643037,-0.5656341400222885,-0.7380880753350737,-0.695425851943145,-0.6816134592582291,-0.677271481698472,-0.7383019777251991,-0.7360695327817042,-0.7237617708033689,-0.7583901802198403,-0.7302210188066962,-0.690863162303608,-0.7322579957105722
126,0.6243719,0.21415833364331602,0.1629674229328037,-0.353596377453961,-0.5545433279404086,-0.6095720110317656,-0.6598664524563189,-0.48155550546052306,-0.6009352455156088,-0.5813072688903751,-0.6090553571871328,-0.6043600368441931,-0.672949623824689,-0.6692881364760704,-0.6572463060727433,-0.6911696911638463,-0.6581906118316508,-0.6098719155957275,-0.6541811250216906
127,0.62889445,0.21415833364331602,0.16103600436210103,-0.31494074372367376,-0.5032209627914916,-0.5640994386645866,-0.5753811627661707,-0.40220707569378134,-0.4519387442131706,-0.4477989105518799,-0.5296295166779712,-0.5248011504610427,-0.5999345954989987,-0.595507028006781,-0.5837134159206148,-0.6164357992004718,-0.5793305289670005,-0.5255758997344511,-0.5709736865303291
128,0.63341707,0.21415833364331602,0.15910455589691408,-0.27255169097817356,-0.4468730673117317,-0.5131637666431299,-0.48726977031952545,-0.32847583397448077,-0.3222196246763449,-0.3221323131742465,-0.44470532066801727,-0.4399585486262497,-0.5205732357009369,-0.5160326210980044,-0.5044671879890514,-0.5355474694770099,-0.4951020241064883,-0.439642367841069,-0.48430934304685935
129,0.6379397,0.21415833364331602,0.15717310316108654,-0.22672874594160808,-0.3858949400810321,-0.45712303659926434,-0.39768992215914856,-0.260162295148046,-0.2340755537583265,-0.23412178153117896,-0.3556667261847609,-0.35120074294904213,-0.4362168635564715,-0.4321760254240521,-0.42081800267419,-0.449884472292002,-0.40693913349551825,-0.3533956621812657,-0.39565093489184966
130,0.6424623,0.21415833364331602,0.1552416632371808,-0.17779562435551066,-0.3207142642274554,-0.39637111748007436,-0.3086451695938476,-0.1964167065493152,-0.18790118061850436,-0.18673132370180529,-0.26386550323463615,-0.2598561568918419,-0.3482042739328457,-0.3452111256065582,-0.3340403776454719,-0.3608000476647495,-0.3162043672782626,-0.2678367909855531,-0.30623665873521444
131,0.6469849,0.21415833364331602,0.15331022331327515,-0.12609726365236446,-0.2517871993222549,-0.3313340603463033,-0.22181856886308987,-0.13608460535809896,-0.16494372225816456,-0.1553016755001294,-0.17058400995990913,-0.16717809806593759,-0.2578226882895604,-0.2563420766305096,-0.24534016627228528,-0.2695830409691689,-0.22415669691885964,-0.18368517812388835,-0.2170864214027846
132,0.6515075,0.21415833364331602,0.1513787833893694,-0.07199840334556307,-0.17959653559322053,-0.262468348055353,-0.1384587529228587,-0.07793945265007796,-0.13609454855517278,-0.1141562998584078,-0.07700905101243077,-0.07432084169019243,-0.16627918529971164,-0.16668139527222592,-0.15583233181060213,-0.17743120623893416,-0.13193231230978458,-0.10143126864374552,-0.1290220416873804
133,0.6560301,0.21415833364331602,0.14944734346546373,-0.01588071882510858,-0.10464792270111495,-0.19025733607423984,-0.05932764933771156,-0.020820725045470917,-0.07998524453267547,-0.05610251612488082,0.01578867986207591,0.017678834536039023,-0.07467757339824077,-0.07723311124483334,-0.0665238012958223,-0.08543029068589275,-0.040531723503777595,-0.021387058506489476,-0.04269058674531173
134,0.66055274,0.21415833364331602,0.14751588645899555,0.04186038808625914,-0.027465637064348264,-0.11520718511318379,0.015289413525482548,0.03628994788927126,0.000804581431884277,0.013963163804695006,0.10686759025296415,0.10791281690852131,0.01599729348111839,0.011117412970973212,0.021696978169826436,0.005459303243031843,0.04918565195355626,0.05626761251783463,0.041410437759857366
135,0.6650754,0.21415833364331602,0.14558442091124615,0.1008173130307332,0.051409399249446236,-0.03784494554159362,0.08552294904858004,0.09422791762732691,0.08502231166558344,0.08777770218030892,0.19541836746394253,0.19560338946048295,0.10488533762652616,0.09760490001552945,0.10806167902980016,0.09440606394614914,0.1364978279201528,0.13144275530389737,0.12290570457715692
136,0.66959804,0.21415833364331602,0.14365296390477797,0.16057357777767514,0.13142400984507346,0.04128569823064779,0.15183205039699207,0.15362704568343055,0.15469708153050876,0.15474367510901357,0.28076426378500235,0.2801024294180151,0.19125394754041086,0.18158348777948016,0.19192159036725473,0.18070802416223894,0.22081471885724538,0.20410561152912685,0.20151930338459334
137,0.67412066,0.21415833364331602,0.14172151543959102,0.22070757786412956,0.21201772199288374,0.12162931353878355,0.21490600090265777,0.214912938696318,0.21491907890509193,0.2149190789006382,0.36235700173698593,0.3608865850417995,0.2744960742642079,0.2625225284900136,0.27274353463522116,0.2637891226195558,0.30166947723316945,0.27425515671540085,0.2770547621337451
138,0.6786433,0.21415833364331602,0.1397900584331229,0.2807955831421036,0.2926267304346372,0.20262268388416815,0.27556656967564214,0.27830241160637126,0.2897544669388224,0.28931786643213087,0.4397679267095871,0.4375480439660235,0.3541232788438953,0.3399983488690007,0.35010170250052225,0.3431908662068889,0.3787063741439697,0.3419017923545232,0.34937667548829104
139,0.68316585,0.21415833364331602,0.13785863986242025,0.34041221211902617,0.3726844708717044,0.28369535857847955,0.33467653755597176,0.3438053164304442,0.3965664294228371,0.38997135868994925,0.5126738405652203,0.5097802857821665,0.4297530023893772,0.4136811324229699,0.4236645771526484,0.4185585820124895,0.45166452747891367,0.4070497585418367,0.4183922246398267
140,0.68768847,0.21415833364331602,0.1359271913972333,0.39913896756224865,0.4516330184917974,0.36428116412058675,0.39306689330927547,0.41123982482278565,0.518388140003782,0.4988717651663904,0.5808515663419017,0.5773726842229325,0.5011045893457584,0.48333092152865514,0.4931909327042933,0.48963671378349194,0.5203713510820528,0.46969297555773076,0.48404468916421106
141,0.6922111,0.21415833364331602,0.13399573866140574,0.45656071768733686,0.5289183078744235,0.4438133975065749,0.4514619004228919,0.4802394185844825,0.6280591195309749,0.5984940856919496,0.6441570639371567,0.6401899537998124,0.5679790418392627,0.5487782216185775,0.5585104367550255,0.5562481818260085,0.5847213764553068,0.5298013417815824,0.546295129366086
142,0.6967337,0.21415833364331602,0.13206429873750003,0.5122718442654797,0.6039983320264399,0.52173314032611,0.5104220590442339,0.5502750806238643,0.7102088662450958,0.6785623033283732,0.7025168037700316,0.6981638380817211,0.6302511684324149,0.6099169761348557,0.6195165897392344,0.6182863255091665,0.6446679079648752,0.5873207527597928,0.6051174486014238
143,0.7012563,0.21415833364331602,0.1301328588135943,0.5658796828102408,0.6763477219359102,0.5974940202556438,0.5702922640788846,0.6206794196133609,0.7443041902009281,0.7239198836434526,0.7559159904156025,0.7512817434853385,0.6878582931859352,0.6666943981115637,0.6761565163754861,0.6757035952920742,0.7002120140874859,0.6421724511237517,0.6604918154431814
144,0.7057789,0.21415833364331602,0.1282014188896886,0.6170060221621336,0.7454597161661867,0.670564285944887,0.6311571219441217,0.690672139997051,0.730273572210272,0.7251307178180612,0.8043857627370031,0.7995743810150203,0.7407876080875466,0.7190995561286968,0.7284195115642628,0.7284990274238562,0.7513907010950862,0.6942524044707853,0.712397672974993
145,0.7103015,0.21415833364331602,0.12626997896578288,0.6652901585022499,0.8108502291772359,0.7404310709582529,0.692810462257398,0.7593901413863358,0.7074612623318526,0.7073156039494211,0.8479932549059754,0.8431062478411732,0.7890663310790512,0.7671547210649194,0.7763283426371151,0.7767086046893726,0.7982681103067173,0.7434339046311241,0.7608098657592023
146,0.71482414,0.21415833364331602,0.12433852195931469,0.7103918240363795,0.8720617636459013,0.8066045610270649,0.7547424473109441,0.8259190765354172,0.7112230662036583,0.711259472700566,0.8868326594694933,0.8819670901336948,0.8327527629733193,0.8109075655568877,0.8199314055396103,0.8203965715626211,0.8409277822344895,0.7895712932370376,0.805695915165524
147,0.7193467,0.21415833364331602,0.12240709911797146,0.7519916710133915,0.9286640105515053,0.8686185982507727,0.8161457995888322,0.8893214087718806,0.7504054264024995,0.7497633839967331,0.921015490550479,0.9162625258676014,0.8719261878173166,0.8504221012250569,0.8592936301982359,0.8596456165467435,0.8794638636567143,0.8325021672319686,0.847012106335884
148,0.7238693,0.21415833364331602,0.12047565919406573,0.7897973553037848,0.9802620683472199,0.926039616413841,0.8759557920923328,0.9486717739928044,0.8163730678875494,0.8091798445623399,0.9506667959219488,0.9461105827636642,0.9066833045601114,0.8857760592322113,0.8944938135189234,0.8945535957817679,0.9139787150553849,0.8720560845670033,0.8847063245146399
149,0.72839195,0.21415833364331602,0.11854419791695697,0.8235421181064969,1.0264944840923427,0.9784645712352407,0.9329051388443412,1.0030789894197654,0.8929485746191136,0.8709705440161605,0.9759162152067354,0.9716330287632886,0.93712864126059,0.9170521030994644,0.9256158144853315,0.9252242252236181,0.9445745790171828,0.9080561259382718,0.918714594018454
150,0.73291457,0.21415833364331602,0.11661274945177001,0.8529872598727257,1.0670365737609844,1.025524539089048,0.9856047657693298,1.0517108082852769,0.9644639209408719,0.9241378942985204,0.9968936039490459,0.992951218483398,0.9633698890405742,0.9443338198056974,0.9527445201620803,0.9517626651980172,0.9713499393530302,0.9403247284723818,0.9489625591030297
151,0.7374372,0.21415833364331602,0.11468129671594247,0.8779253265845098,1.1016047577964367,1.0668896616959924,1.0326387973873021,1.0938168098285697,1.021472114043263,0.9654887452833728,1.013725997398124,1.0101832602743483,0.9855147874835511,0.967703212428893,0.9759633111984138,0.9742726493471145,0.9943973638526413,0.9686905565632994,0.9753687658351042
152,0.7419598,0.21415833364331602,0.11274985679203679,0.8981801857599538,1.1299566418233795,1.1022692768243079,1.0726561065225515,1.1287428482735216,1.061583337726137,0.9956515697982478,1.026533232035634,1.0234397760430831,1.0036661821391184,0.9872361733257812,0.9953495259813036,0.9928517330211908,1.013799356690747,0.9929920570522279,0.9978457720692926
153,0.74648243,0.21415833364331602,0.11081840405620921,0.9136092030607726,1.151894012219289,1.1314155274211402,1.1044576421099943,1.1559457462365743,1.0869385061815822,1.016352706372378,1.0354259143138846,1.0328220047480876,1.0179198665101692,1.0030007360763982,1.0109726945553135,1.0075893221969463,1.0296269144589822,1.0130832519886663,1.0163043364475266
154,0.75100505,0.21415833364331602,0.1088869555910223,0.9241033553115993,1.16726297406549,1.154123540928473,1.1270648108244057,1.1750016017382194,1.1012829458203708,1.0293452431646064,1.0405028032294377,1.0384192556560956,1.028361390683703,1.0150541010388174,1.0228915615921195,1.018563605395371,1.041936825173495,1.0288369008571956,1.030656127116668
155,0.7555276,0.21415833364331602,0.10695553702031965,0.9295885976804127,1.1759558497667006,1.1702338064339874,1.1397722016905207,1.1856137894133065,1.1080053346199157,1.036028717877246,1.0418497075832451,1.0403078796738965,1.0350647190225997,1.0234415226719933,1.0311529640832675,1.0258403311965496,1.050770760254543,1.0401487874469424,1.0408183742489507
156,0.76005024,0.21415833364331602,0.10502408001385147,0.9300263910949177,1.1779120133784282,1.1796337730512934,1.1421809975145596,1.187617564101277,1.1091721546646451,1.0372457263867494,1.039538302936449,1.0385501657638492,1.038091002464434,1.028195331240866,1.0357908418718125,1.0294717030544862,1.0561544940474428,1.0469410224610822,1.046718381335538
157,0.76457286,0.21415833364331602,0.10309263154866452,0.9254135191522148,1.173117559376565,1.182257079749097,1.1342150533317805,1.1809815225046374,1.1051832127477228,1.0331604624833475,1.0336254767484705,1.0331936624888391,1.0374870209410965,1.0293333050980091,1.036824619483677,1.0294948264291586,1.0580963328488164,1.0491631253663805,1.048296691554576
158,0.7690955,0.21415833364331602,0.10116117454219635,0.9157824861411946,1.1616060280746738,1.1780853368942261,1.1161249291443824,1.1658088010232213,1.0947247051797433,1.0232350782082453,1.0241531313979773,1.0242710582821275,1.0332851670055012,1.0268588987158618,1.0342594192284107,1.0259317966684312,1.0565874490517024,1.046794306129887,1.0455117818783963
159,0.7736181,0.21415833364331602,0.09922973461829067,0.9012014014301263,1.1434582476469677,1.1671479255298012,1.0884775466960652,1.1423357354502437,1.0749480891484526,1.006307992111862,1.0111485437332073,1.0118005329072854,1.025503201424137,1.0207609771673332,1.02808579779881,1.018789457917166,1.0516015900748314,1.0398436863280232,1.038343201789108
160,0.7781407,0.21415833364331602,0.09729829469438492,0.8817730736453884,1.1188012595541177,1.1495216064309923,1.0521298640006758,1.1109276946553925,1.0420967084556447,0.9807584242248534,0.9946244277149087,0.9957858656888604,1.0141442437254953,1.0110139542045928,1.0182798754227091,1.008059449452823,1.043095231199136,1.0283497455616106,1.026794044753288
161,0.78266335,0.21415833364331602,0.09536683341727617,0.8576342801827089,1.0878073933886294,1.1253297922535743,1.0081859987703692,1.0720732703545428,0.992969648215206,0.9447753919213064,0.9745798020208328,0.9762173156833766,0.9991972318036091,0.9975782964342494,1.00480383581977,0.9937186751978432,1.0310080032926714,1.0123788009179941,1.010892466736765
162,0.78718597,0.21415833364331602,0.0934353849520892,0.8289557206115147,1.0506942490776474,1.094742666272731,0.9579372200947913,1.0263772970293843,0.9274649492816099,0.8970067300876836,0.9510019068375076,0.9530735564149375,0.9806383861801746,0.9804020491974141,0.9876074434004839,0.9757307735803382,1.015264084592172,0.9920233444268528,0.9906928471176527
163,0.7917085,0.21415833364331602,0.09150397492266778,0.7959402821769985,1.0077225096121187,1.057975568340538,0.9027817400281261,0.9745483932897586,0.8515842129684592,0.8384045908949996,0.9238672927769779,0.9263228265663777,0.9584321804135605,0.9594220091025185,0.9666292003388677,0.9540471414666355,0.9957733121862191,0.9673985384535709,0.9662747693976715
164,0.79623115,0.21415833364331602,0.08957251364555902,0.7588193231468832,0.959191118407677,1.0152847973911494,0.8441299341678985,0.9173804130556843,0.7785420049971986,0.7759184604645177,0.893141879675567,0.895923063136544,0.9325313745646464,0.9345640027627085,0.9417966104889143,0.9286070354667945,0.9724314478525419,0.9386362860672074,0.9377391268574645
165,0.8007538,0.21415833364331602,0.08764105236845027,0.7178555625601956,0.9054410781985324,0.9669708931483851,0.7833174622877762,0.8557408612401676,0.7252224153127166,0.7252710239027572,0.8587870342101223,0.8618280063748689,0.9028821578778804,0.905748126758074,0.9130313960355846,0.899342709466024,0.9451251314313692,0.905883718558234,0.9052080343665893
166,0.8052764,0.21415833364331602,0.08570961244454453,0.6733385228103019,0.8468495551792524,0.9133735897069323,0.7215133726501413,0.7905441595935777,0.7048087809774424,0.7048086265996424,0.8207602057130945,0.8239879727207136,0.86942495095289,0.8728900021954719,0.8802507221961654,0.8661803575814245,0.9137332189644292,0.869295599458225,0.8688180853136529
167,0.80979896,0.21415833364331602,0.0837781896032013,0.6255822817299008,0.7838269553624246,0.8548691107702788,0.6596498697960194,0.7227255846237158,0.7180340000996172,0.7164691185522986,0.7790181043033573,0.7823531537773794,0.8320973007853188,0.8359040761493111,0.843370464504815,0.8290431296842579,0.8781300968648731,0.8290278881822722,0.8287141087391604
168,0.8143216,0.21415833364331602,0.08184673259673311,0.5749224624807729,0.7168129888147384,0.7918664781485748,0.5983751281945164,0.6532117041057444,0.7419552956899483,0.7294165001212345,0.7335198706228623,0.7368769354268057,0.7908368364856665,0.7947070818983185,0.8023086288423819,0.7878542502961376,0.8381892562559294,0.7852303938623294,0.7850413933744741
169,0.8188442,0.21415833364331602,0.07991529267282738,0.521717781633902,0.6462787688678746,0.7248095055676529,0.5380374917602838,0.5828953370227139,0.733054621586175,0.7049628682864364,0.6842351504244426,0.6875241565347483,0.7455887863412757,0.7492261815081637,0.7569934313382634,0.7425447519708396,0.7937915689399588,0.738043407561626,0.7379413237223279
170,0.8233668,0.21415833364331602,0.0779838527489217,0.46634317028080485,0.5727177671236263,0.6541683153288103,0.4786836324235489,0.5125983359812503,0.6706630929046117,0.6387800540296014,0.6311455058875316,0.634272746020353,0.6963075764622457,0.699401333670344,0.7073656151366376,0.693055372191119,0.7448281753326798,0.6875873835987596,0.6875396423734569
171,0.8278894,0.21415833364331602,0.07605241282501599,0.4091893044221272,0.4966452315885308,0.5804387246444457,0.4200847259462174,0.4430441942169294,0.5716897055022143,0.5467947506726109,0.5742523520332719,0.5771219095561779,0.642964423410364,0.6451937475141503,0.6533868278150681,0.6393444986829759,0.6912094968164484,0.6339587166869438,0.633940503797927
172,0.832412,0.21415833364331602,0.07412097290111022,0.35065941295987835,0.4185940019651096,0.5041382276281374,0.36177404518671685,0.3748290590381161,0.4531521109583576,0.4407936807669272,0.513583349808951,0.5160988073584554,0.5855536711658077,0.5865932052443026,0.5950468650502456,0.5813949462046492,0.6328734510748733,0.5772242522645802,0.5772191920346811
173,0.8369346,0.21415833364331602,0.07218953297720454,0.2911664328584211,0.3391107774488333,0.4258023631009027,0.30309552550475893,0.30839661886199676,0.33544251004295145,0.33334438085192025,0.4491999641664023,0.45126642203024764,0.5241003303958577,0.5236266828763043,0.5323722035330145,0.5192220201513849,0.5697952678129368,0.5174176772266682,0.5174168884902719
174,0.84145725,0.21415833364331602,0.07025807170009576,0.2311294306321318,0.25875139627028854,0.34598006711785206,0.24325973989625266,0.2440164581285154,0.2461432804847986,0.24612704637033656,0.38120500277751135,0.3827314169646632,0.4586677210750427,0.4563671205985237,0.46543468162498014,0.4528817599537796,0.5019978069104221,0.4545373619089096,0.4545373337942291
175,0.84597987,0.21415833364331602,0.06832662323490885,0.17097303716230117,0.17808014393723362,0.26523300296308644,0.18141077356967478,0.18177034298046732,0.18255394429657884,0.18254963740228983,0.30975432487815646,0.3106561954513647,0.38936927899331264,0.38494647480215316,0.39436444283215094,0.38248347806586647,0.4295665891054662,0.3885503795277907,0.38855037949756943
176,0.8505025,0.21415833364331602,0.06639517049908122,0.11112113977804326,0.0976613683496966,0.18412721960367773,0.11669653182592837,0.12153719131203955,0.11942333247464891,0.12016129108313724,0.23506261907085277,0.23526495932669073,0.3163748236092522,0.30956301206762293,0.31935715467698705,0.30819674609831554,0.35265943934977995,0.3193944358737788,0.31939439162541833
177,0.8550251,0.21415833364331602,0.06446373057517557,0.05199652988172873,0.018059061646811536,0.10323270317930495,0.048355531782338534,0.06298915747084224,0.04087715766406333,0.048337385152903006,0.15741630067285847,0.15685689682577492,0.23992387513833474,0.23049570104521916,0.24068830261932664,0.23026557280838303,0.27152370389966607,0.24699108813112974,0.24699102174994952
178,0.85954773,0.21415833364331602,0.06253227783934803,-0.005984438133070813,-0.06017026071877207,0.023116172020857723,-0.024191652064018132,0.005587368650021546,-0.0445678092740997,-0.02469887529290357,0.07718031227711139,0.07581314073213072,0.1603332435052916,0.14811244019356,0.15872136787762267,0.14901676941781805,0.18650756516297004,0.17125953681432743,0.17126160746768837
179,0.8640703,0.21415833364331602,0.06060085072736415,-0.06241156301348705,-0.13647711628268,-0.05565847190505818,-0.1012387985722974,-0.05141089221752915,-0.113936905829783,-0.08918028739626649,-0.0051881971459845355,-0.007389444295572062,0.0780116180630831,0.06288513700058895,0.07392284770145147,0.06487541703229438,0.09807866799193234,0.09214483612124515,0.09215878619901033
180,0.8685929,0.21415833364331602,0.058669410803458416,-0.11688788014554424,-0.21032855992227306,-0.13253990332667492,-0.1827041652621434,-0.108943544057097,-0.1540520685347071,-0.13833446209243833,-0.0891374834639847,-0.09217603386400836,-0.006536792111838663,-0.024607069126835412,-0.01313448756255553,-0.021630932854876772,0.00683064804326175,0.009645207984481374,0.00969742318142014
181,0.87311554,0.21415833364331602,0.05673795379699026,-0.16902912095611172,-0.2812074083762815,-0.20698862448390465,-0.2680513293132334,-0.16811196662462458,-0.17605230461552462,-0.17207272193551776,-0.17401006110118206,-0.17786296812146024,-0.09269966668953206,-0.11366598723660237,-0.10175974286758405,-0.10985908035641057,-0.08650154813942973,-0.07614100779643662,-0.07599559335393352
182,0.87763816,0.21415833364331602,0.05480650533180334,-0.2184667116996606,-0.34861623710570977,-0.2784810865563891,-0.3562536283944985,-0.23012414719145324,-0.20822890085225543,-0.20820482185749556,-0.25903888385492263,-0.2636545161459669,-0.17975095125989698,-0.20347057936584367,-0.19113998181147973,-0.19904435358431932,-0.18103497764613086,-0.1649628764659734,-0.1646281902263122
183,0.8821608,0.21415833364331602,0.052875048325335156,-0.2648522937502585,-0.41208347765842657,-0.3465161204840471,-0.4458190609602263,-0.2961906657847906,-0.2756638922045073,-0.27566389320084966,-0.34335023848776547,-0.3486466829834025,-0.26685181226815413,-0.29308086511177844,-0.2803439203676286,-0.2883018547661613,-0.2757408239141574,-0.2563593591637654,-0.2556887515947817
184,0.8866834,0.21415833364331602,0.05094360840142945,-0.3078580148705977,-0.47116376652498626,-0.4106153214912046,-0.5348734200257976,-0.36733746104359954,-0.38762571378620303,-0.3864522255229005,-0.42596427373285184,-0.4318289107390656,-0.35304887484534353,-0.38143997180701417,-0.36832372198032437,-0.37662533167388457,-0.3694456497744122,-0.349589975536016,-0.34838545479829075
185,0.891206,0.21415833364331602,0.04901216847752371,-0.34718088764251964,-0.5254438633151476,-0.4703294070980377,-0.6213095980305087,-0.44411711669956033,-0.5315669088508382,-0.5206294617226362,-0.5058084979276221,-0.512099123718409,-0.4372855174850251,-0.4673905315853678,-0.4539310261130257,-0.4628998988170753,-0.4608492452531959,-0.4435758529456355,-0.4416025041517615
186,0.89572865,0.21415833364331602,0.047080707200414934,-0.3825438515503994,-0.574544083379586,-0.5252398344325507,-0.702965778953863,-0.5262036511808263,-0.6776483161758837,-0.6458818138717561,-0.5817320800677441,-0.5882797939953961,-0.5184138063953644,-0.5496924450532793,-0.5359343047006838,-0.5459159160696457,-0.5485457289208842,-0.5368484630166351,-0.533870105459044
187,0.9002512,0.21415833364331602,0.04514928862971229,-0.4136963139482429,-0.6181189758518637,-0.5749594644575029,-0.777801953723885,-0.6119364143905136,-0.7996400006662576,-0.7453068627274936,-0.6525255178678446,-0.6591395655563864,-0.5952116545083116,-0.6270465116231269,-0.6130420420645357,-0.6243887174095909,-0.6310528232145508,-0.627524413152509,-0.6233635897713523
188,0.90477383,0.21415833364331602,0.043217835893884726,-0.4404197535375447,-0.6558650918482757,-0.6191413315338314,-0.8440538557389898,-0.6980146948716703,-0.8894726090730138,-0.8186274604278554,-0.7169591347068335,-0.7234337596626524,-0.6664200604535089,-0.6981383826471832,-0.6839461822491032,-0.6969992833690131,-0.7068647827301136,-0.7133410928257891,-0.707960103620329
189,0.90929645,0.21415833364331602,0.04128638742869781,-0.4625249973980665,-0.6875171566428618,-0.6574743227770078,-0.9003082710075709,-0.7795953720581101,-0.95157280818739,-0.8709693882216005,-0.7738099732157749,-0.7799330924007684,-0.7307677908128095,-0.761669275716893,-0.7473524322511609,-0.7624223257210445,-0.7744929307584499,-0.7917308823765064,-0.7853222689289175
190,0.9138191,0.21415833364331602,0.03935492615158903,-0.47985625131583676,-0.7128537024145934,-0.689689680575441,-0.9455292555594317,-0.8510416580476745,-0.9928378240796341,-0.9071251750027549,-0.8219097463101841,-0.8274731000560465,-0.7870191041672179,-0.8164086610986641,-0.8020325581565206,-0.8193779250160134,-0.8325307946429299,-0.8599849570508755,-0.8530500914055776
191,0.9183417,0.21415833364331602,0.037423486227683295,-0.49229096586154897,-0.7316968565218962,-0.7155607621670302,-0.9790200934781832,-0.9071212274133049,-1.0187330750046273,-0.930665811430101,-0.8601869915141995,-0.8649971937212462,-0.8340155846244279,-0.8612391332663838,-0.8468690175723523,-0.8666768684941548,-0.8797112480463514,-0.9154686549162314,-0.9088576927271419
192,0.9228643,0.21415833364331602,0.035492046303777613,-0.49974163055295584,-0.7439149500480894,-0.7349063737320572,-1.0003584314677036,-0.9440525115106175,-1.0331637369130167,-0.9442206197631298,-0.887715789383932,-0.8916054466593661,-0.8707263786587527,-0.8952070141946822,-0.8809054765598683,-0.9032738853648659,-0.9149690010338918,-0.9558837716561355,-0.950772036420918
193,0.92738694,0.21415833364331602,0.03356058929730943,-0.502155678859642,-0.7494224219086973,-0.7475908144970468,-1.0093205336547855,-0.9597910814897423,-1.0387310046833154,-0.9495700254445016,-0.9037577449801306,-0.9065957813178074,-0.8962920428030501,-0.9175637467798832,-0.9033883106178084,-0.9283134334727834,-0.9374914326224271,-0.9795215760040796,-0.9773097017084551
194,0.93190956,0.21415833364331602,0.03162914083212248,-0.49951601380741406,-0.7481805779848294,-0.7535248417567093,-1.0058235203550134,-0.9536358359932378,-1.0365940425936253,-0.9475072484843381,-0.9078003604551423,-0.9095006280109319,-0.9100658227762315,-0.927801774871192,-0.9138027736256793,-0.9411716780251174,-0.9467607277416499,-0.9854653030953089,-0.9876104097187308
195,0.9364321,0.21415833364331602,0.02969772653206046,-0.4918414606441265,-0.7401983564739919,-0.7526669515093771,-0.9898992948834149,-0.925847209711451,-1.026294769847045,-0.9377191297407053,-0.8995874964357238,-0.9001147778688989,-0.9116483246948544,-0.9256809743166039,-0.9118998933604834,-0.9414903520956699,-0.9425823338559205,-0.9736965622319116,-0.9815035620440973
196,0.94095474,0.21415833364331602,0.027766269525592302,-0.4791858267324527,-0.7255313065129405,-0.7450230860998113,-0.9617034089266576,-0.8778119415021026,-1.0058344306384903,-0.9188363957005876,-0.8791358465242909,-0.8785085658629441,-0.9009091941236036,-0.9112399309299655,-0.8977083559839172,-0.9291960159872159,-0.9250933618846231,-0.9450777179963425,-0.9594944069816629
197,0.94547737,0.21415833364331602,0.025834816789764764,-0.4616385592894474,-0.7042823195253388,-0.7306468803069572,-0.9215630773910475,-0.8125343454503078,-0.9718856454214435,-0.8885953711004435,-0.8467407332627657,-0.8450302523809319,-0.8779968050648301,-0.8847948704051927,-0.8715340676903072,-0.9045062580343644,-0.8947546923914673,-0.9012239052421864,-0.9226826774067092
198,0.95,0.21415833364331602,0.0239033640539372,-0.4393234359980491,-0.6766002080473318,-0.7096392299400156,-0.8700451343373956,-0.7347019993823378,-0.9197194497478465,-0.8438712684266862,-0.8029658557932551,-0.8002921427513705,-0.8433339704214275,-0.8469239596664673,-0.8339451338991124,-0.8679206758934159,-0.8523243800578664,-0.844290368013733,-0.8726288008884195
