,x,eq_complex_1,eq_complex_3,eq_complex_4,eq_complex_5,eq_complex_6,eq_complex_7,eq_complex_8,eq_complex_10,eq_complex_13
0,0.054522615,-0.9886523824025881,-0.9883227900303038,-0.9883251005173193,-0.9886380200750093,-1.0053416328512992,-1.0076002767295165,-1.0068469739831691,-1.0073699367796005,-0.9989943127078951
1,0.059045225,-0.979093647588213,-0.9787673676998914,-0.978769654965947,-0.9790791394502993,-0.9954476879311751,-0.9976625938473933,-0.997352255883798,-0.9978829359565582,-0.9902458048974327
2,0.06356784,-0.9695349022061186,-0.9692119348054216,-0.9692141988504916,-0.9695202452667244,-0.9855571616460925,-0.9877287277406654,-0.9878378733036144,-0.9883729214537411,-0.9814675165669802
3,0.068090454,-0.9599761589375677,-0.9596565040237632,-0.9596587448478531,-0.9599613501127575,-0.9756700662253202,-0.9777986915933343,-0.978303791085833,-0.978839846197435,-0.9726571662929853
4,0.07261306,-0.9504174325773684,-0.9501010901445968,-0.9501033077477476,-0.9504024686865722,-0.9657864160651521,-0.9678725007634603,-0.9687499975002523,-0.969283693587027,-0.963812567307976
5,0.07713568,-0.9408586766275544,-0.9405456466860695,-0.9405478410682093,-0.9408435543884619,-0.9559061621975762,-0.9579501069731811,-0.9591764407238823,-0.9597044139401445,-0.9549315769782167
6,0.08165829,-0.9312999418131793,-0.9309902243556569,-0.9309923955168371,-0.9312846578390175,-0.9460293561621924,-0.9480315628823306,-0.9495831874660565,-0.9501020831866374,-0.9460122518660483
7,0.0861809,-0.9217412069988042,-0.9214348020252445,-0.9214369499654651,-0.921725757792601,-0.9361559752130368,-0.9381168465471954,-0.9399702537368049,-0.940476733544398,-0.9370526984989891
8,0.09070352,-0.9121824510489902,-0.9118793585667173,-0.9118814832859268,-0.9121668329987411,-0.9262859966346475,-0.9282059360579169,-0.9303376765566786,-0.9308284252091981,-0.9280511468334862
9,0.09522613,-0.9026237162346151,-0.9023239362363049,-0.9023260377345548,-0.9026079256093402,-0.9164194631787406,-0.9182988752426764,-0.9206855779857099,-0.921157310484152,-0.9190060170012513
10,0.099748746,-0.8930649687389769,-0.8927685012290234,-0.892770579506283,-0.8930490016820167,-0.9065563390399012,-0.9083956290473922,-0.9110140244018545,-0.9114634927689966,-0.9099157938961002
11,0.10427135,-0.8835062466058654,-0.8832130915754801,-0.8832151466318106,-0.8834900991305448,-0.896696662571492,-0.8984962368793417,-0.9013231757630848,-0.9017471760521605,-0.9007791726581154
12,0.10879397,-0.8739474906560512,-0.8736576481169527,-0.8736596799522722,-0.87393115863787,-0.8868403718407465,-0.8886006374552426,-0.891613114270962,-0.8920084930880061,-0.89159490246792
13,0.11331658,-0.8643887558416761,-0.8641022257865403,-0.8641042344009002,-0.8643722350141627,-0.8769875226224844,-0.8787088876713274,-0.8818840585776531,-0.8822477200976055,-0.8823619930692246
14,0.11783919,-0.8548300210273012,-0.8545468034561279,-0.854548788849528,-0.8548133069738664,-0.8671380922251921,-0.8688209656431276,-0.8721361705713009,-0.8724650829214764,-0.8730795361139463
15,0.12236181,-0.845271265077487,-0.8449913599976004,-0.8449933221699897,-0.8452543532242967,-0.8572920579878023,-0.8589368495200296,-0.8623696322450907,-0.8626608339745543,-0.8637467806534116
16,0.12688442,-0.8357125302631121,-0.8354359376671883,-0.8354378766186177,-0.8356954158728933,-0.8474494625576032,-0.8490565830117243,-0.852584710450011,-0.8528353171628256,-0.854363197830303
17,0.13140704,-0.8261537743132978,-0.8258804942086608,-0.8258824099390794,-0.8261364524756012,-0.8376102615146299,-0.8391801224254478,-0.8427816053885391,-0.8429888156502756,-0.8449283377514709
18,0.13592964,-0.8165950606343619,-0.8163250930063632,-0.8163269855158735,-0.8165775262593951,-0.8277745192205752,-0.8293075332622599,-0.8329606451694411,-0.8331217470980112,-0.8354420174194916
19,0.14045227,-0.8070362835491087,-0.8067696284197212,-0.806771497708169,-0.8070185313549953,-0.8179421260534803,-0.8194387063875823,-0.8231220034471887,-0.8232343798643997,-0.8259040488904412
20,0.14497487,-0.7974775698701728,-0.7972142272174236,-0.7972160732849631,-0.7974595943786646,-0.8081132115627772,-0.8095737727273615,-0.8132661119978095,-0.8133272474020379,-0.8163146381831077
21,0.14949748,-0.787918835055798,-0.7876588048870112,-0.7876606277335911,-0.7879006305772933,-0.7982876879013294,-0.799712645006097,-0.8033932036550155,-0.8034006887783927,-0.8066739415208415
22,0.1540201,-0.7783600791059837,-0.7781033614284838,-0.7781051610540528,-0.7783416397306187,-0.7884655541990238,-0.7898553232491792,-0.7935036164902292,-0.7934551541817498,-0.7969823586315627
23,0.15854271,-0.7688013442916088,-0.7685479390980716,-0.7685497155026806,-0.7687826638788193,-0.778646852998911,-0.7800018510478093,-0.7835977503509057,-0.783491161114543,-0.7872404893092821
24,0.16306531,-0.7592426306126727,-0.7589925378957738,-0.7589942910794747,-0.7592237027779203,-0.7688315833860375,-0.7701522283765956,-0.7736759790033982,-0.7735092058430177,-0.7774490445404454
25,0.16758794,-0.7496838535274197,-0.7494370733091318,-0.7494388032717703,-0.7496646716268156,-0.7590196576800359,-0.7603063681462376,-0.7637386053955146,-0.7635097181289754,-0.767608798006169
26,0.17211054,-0.7401251398484836,-0.739881672106834,-0.7398833788485641,-0.7401056969703996,-0.7492112051600508,-0.7504644009779913,-0.7537861688896168,-0.7534933701773998,-0.7577208864372784
27,0.17663316,-0.7305663838986696,-0.7303262286483068,-0.730327912169026,-0.730546672842546,-0.7394061164848631,-0.7406262180504324,-0.7438189833198994,-0.7434606115788065,-0.7477863475050313
28,0.18115577,-0.7210076490842945,-0.7207708063178946,-0.720772466617654,-0.7209876623492542,-0.7296044558145929,-0.730791884636103,-0.7338375543949374,-0.7334120891358125,-0.7378065289407043
29,0.1856784,-0.7114488719990413,-0.7112153417312523,-0.7112169788099494,-0.7114286017631397,-0.7198061572515102,-0.7209613355132425,-0.7238422708581194,-0.7233483357781978,-0.7277827755650257
30,0.190201,-0.7018901583201054,-0.7016599405289548,-0.7016615543867435,-0.7018695964269757,-0.7100113282184641,-0.711134679350931,-0.7138337131207451,-0.71327008104039,-0.7177167322128928
31,0.1947236,-0.6923314446411695,-0.6921045393266572,-0.6921061299635376,-0.6923105825752967,-0.7002199028181515,-0.7013118509274074,-0.703812299145804,-0.7031778942715763,-0.7076099822211503
32,0.19924621,-0.6827727098267946,-0.6825491169962448,-0.6825506844121656,-0.6827515386935046,-0.6904318585212006,-0.6914928285359399,-0.6937785047923186,-0.6930724062251548,-0.6974642613341102
33,0.20376883,-0.6732139538769804,-0.6729936735377173,-0.6729952177326273,-0.6731924643803051,-0.680647194459717,-0.6816776122019188,-0.6837328413441355,-0.6829542861885998,-0.6872814284297588
34,0.20829144,-0.6636552190626053,-0.6634382512073049,-0.663439772181255,-0.6636334014822467,-0.6708659530133356,-0.6718662453303457,-0.673675877342655,-0.6728242637185717,-0.6770634806246218
35,0.21281406,-0.6540964631127912,-0.6538828077487777,-0.653884305501717,-0.6540743072748598,-0.661088090037151,-0.6620586845331462,-0.6636081046206974,-0.6626829934312484,-0.6668124095638746
36,0.21733667,-0.6445377282984162,-0.6443273854183653,-0.6443288599503447,-0.6445152235498977,-0.6513136478811368,-0.6522549731814675,-0.6535301156163149,-0.6525312333278015,-0.6565303737102282
37,0.22185928,-0.6349789934840413,-0.6347719630879529,-0.6347734143989727,-0.6349561286598044,-0.6415426040319918,-0.6424550895855041,-0.6434424470164701,-0.6423696870197309,-0.6462195312536105
38,0.2263819,-0.625420237534227,-0.6252165196294255,-0.6252179477194342,-0.6253970009236658,-0.6317749360066782,-0.6326590120893054,-0.6333456458418889,-0.6321990700129951,-0.6358820990807741
39,0.2309045,-0.6158615238552911,-0.6156611184271279,-0.6156625232962283,-0.6158379031696559,-0.6220107076968084,-0.6228668056607238,-0.6232403582587998,-0.6220201988821228,-0.6255204357398034
40,0.23542711,-0.6063027890409163,-0.6061056960967155,-0.6061070777448563,-0.6062787713692666,-0.6122498534325376,-0.6130784053319069,-0.613127105607892,-0.6118337653753034,-0.615136803719448
41,0.23994973,-0.5967440330911022,-0.5965502526381883,-0.5965516110653182,-0.596719604860354,-0.6024923723475812,-0.6032938111282453,-0.6030064847331678,-0.6016405379174625,-0.6047335664042968
42,0.24447234,-0.5871852982767272,-0.5869948303077759,-0.586996165513946,-0.5871604452074981,-0.5927383067030221,-0.5935130663193227,-0.5928791451932316,-0.5914413383490944,-0.5943131568780986
43,0.24899496,-0.5776265423269129,-0.5774393868492487,-0.5774406988344076,-0.5776012493796943,-0.5829876124757891,-0.5837361276524828,-0.5827456542637646,-0.5812369056722799,-0.5838779309544468
44,0.25351757,-0.568067807512538,-0.567883964518836,-0.5678852532830356,-0.5680420588368722,-0.5732403318973665,-0.5739630383634546,-0.5726066754138783,-0.5710280754952686,-0.5734303428603593
45,0.2580402,-0.5585090304272848,-0.558328499932194,-0.5583297654753312,-0.558482809297077,-0.5634963994340136,-0.5641937336367309,-0.5624627659624757,-0.560815575983765,-0.5629727290877329
46,0.26256278,-0.5489503590192271,-0.5487731409861261,-0.5487743833084575,-0.5489236477780772,-0.5537559649780808,-0.5544283646407868,-0.5523147128034527,-0.5506003655621523,-0.5525076468736694
47,0.26708543,-0.5393915396630957,-0.5392176341432544,-0.5392188532444209,-0.5393643196322273,-0.5440187692163978,-0.544666672291328,-0.542162881079814,-0.5403829769619515,-0.5420371952829564
48,0.27160805,-0.5298327837132817,-0.5296621906847272,-0.5296633865648825,-0.5298050351372796,-0.5342850266050243,-0.5349088724792378,-0.5320081335412306,-0.5301644423388917,-0.5315639562507011
49,0.27613065,-0.5202740700343457,-0.5201067894824296,-0.5201079621416765,-0.5202457719831735,-0.5245547146782616,-0.5251549435654923,-0.5218510893208999,-0.5199455468645511,-0.5210902233906889
50,0.28065327,-0.5107153140845315,-0.5105513460239023,-0.5105524954621383,-0.510686444354658,-0.5148277464897106,-0.5154047992817601,-0.5116923026440926,-0.5097270084028397,-0.5106181799129734
51,0.2851759,-0.5011565369992784,-0.5009958814372603,-0.5009970076544339,-0.5011270720149431,-0.505104142693698,-0.5056584612247468,-0.5015324418463508,-0.4995096573093267,-0.5001500771767403
52,0.28969848,-0.4915978655912207,-0.4914405224911923,-0.49144162548756026,-0.4915677802959812,-0.49538403135810705,-0.4959160586446046,-0.49137228873993016,-0.48929443537993283,-0.4896882280670587
53,0.2942211,-0.4820391096414065,-0.4818850790326649,-0.48188615880802194,-0.48200837734957874,-0.48566721815375596,-0.4861773976534094,-0.4812122885895342,-0.4790819431236979,-0.479234538333354
54,0.29874372,-0.4724803536915924,-0.4723296355741377,-0.4723306921284837,-0.4724489459637214,-0.4759537881791016,-0.47644256443485694,-0.4710531784507013,-0.4688730712523264,-0.46879114877423733
55,0.30326632,-0.46292164001265657,-0.4627742343718401,-0.4627752677052778,-0.4628895264952088,-0.4662437834806712,-0.46671160201308615,-0.46089564947483885,-0.45866866080181834,-0.45836008278754453
56,0.30778894,-0.45336288406284236,-0.45321879091331285,-0.4532198010257395,-0.4533300323024797,-0.4565371172929105,-0.45698442432289166,-0.45074025640473303,-0.4484694120305309,-0.44794314969944876
57,0.31231153,-0.4438041915193456,-0.44366341083912997,-0.44366439773069966,-0.4437705667804183,-0.44683389603153456,-0.4472611388907668,-0.44058775373336273,-0.4382762218080077,-0.4375422861549289
58,0.31683415,-0.4342454355695315,-0.4341079673806028,-0.43410893105116144,-0.4342110005947556,-0.4371339900811902,-0.4375416167204669,-0.43043864596345704,-0.42808973170436915,-0.4271590917887875
59,0.32135677,-0.4246866796197173,-0.4245525239220755,-0.4245534643716231,-0.4246513943973864,-0.4274374629330248,-0.42782592232280947,-0.42029363592033175,-0.4179107778747156,-0.416795285922126
60,0.3258794,-0.4151279025344642,-0.41499705933543346,-0.41499797656391874,-0.41509172401197836,-0.4177442922732887,-0.4181140342280434,-0.4101533322474907,-0.4077400971330742,-0.40645240564200036
61,0.330402,-0.4055691888555283,-0.4054416581331359,-0.40544255214071284,-0.40553207063389946,-0.4080545629252881,-0.40840603830671074,-0.40001845056354124,-0.39757852851007663,-0.39613200933148013
62,0.3349246,-0.3960104751765923,-0.3958862569308382,-0.39588712771750684,-0.39597236713868283,-0.3983682096955664,-0.39870187012416625,-0.3898895437849983,-0.3874267425657864,-0.3858354003791206
63,0.33944723,-0.38645169809133917,-0.3863307923441962,-0.38633163990980246,-0.38641254599369196,-0.3886851674804535,-0.389001465347328,-0.3797671585553267,-0.3772853981430675,-0.3755637861823317
64,0.34396985,-0.37689294214152497,-0.3767753488856688,-0.37677617323026413,-0.3768526871661543,-0.37900552105908375,-0.3793049097959566,-0.36965199112602626,-0.3671552982271136,-0.36531843537156156
65,0.34849244,-0.3673342495980282,-0.36721996881148605,-0.36722076993522434,-0.3672928278178543,-0.3693293123083261,-0.3696122462995283,-0.3595446850619699,-0.3570371869406714,-0.35510047186150967
66,0.35301507,-0.35777547251277503,-0.357664504224844,-0.35766528212751997,-0.35773281425692094,-0.35965639058874715,-0.3599233248490817,-0.3494456744943969,-0.3469315926024772,-0.344910717511738
67,0.3575377,-0.3482166954275218,-0.34810903963820194,-0.3481097943198155,-0.3481727246048828,-0.3499868406129402,-0.3502382311882048,-0.3393556303764782,-0.33683927421342097,-0.334750143698662
68,0.3620603,-0.3386579817485859,-0.33855363843590436,-0.3385543698966096,-0.3386126150308098,-0.34032072560523097,-0.3405570295230257,-0.329275191414538,-0.32676095178309017,-0.32461959973119986
69,0.3665829,-0.32909926806965,-0.3289982372336067,-0.32899894547340364,-0.3290524139228999,-0.3306579805303074,-0.3308796555966348,-0.31920485224144507,-0.3166971944596081,-0.3145197023790354
70,0.37110552,-0.3195405121198358,-0.3194427937750794,-0.3194434787938653,-0.3194920696945159,-0.32099856179677144,-0.3212060666388012,-0.30914511911728393,-0.3066485761470931,-0.30445099460688796
71,0.37562814,-0.30998175617002177,-0.3098873503165522,-0.3098880121143271,-0.3099316140078117,-0.3113425112603813,-0.3115363054536104,-0.29909657586298943,-0.29661574110872807,-0.29441401313971854
72,0.38015077,-0.30042297908476856,-0.3003318857299101,-0.30033252430662266,-0.30037101356406065,-0.30168980669932033,-0.30187035067287393,-0.2890597275191142,-0.2865992476186713,-0.2844091341642515
73,0.38467336,-0.2908642865412717,-0.29077650565572727,-0.2907771210115828,-0.29081036006754235,-0.29204055391349426,-0.29220830912060575,-0.2790351995334327,-0.2765997666153277,-0.27443677452222814
74,0.38919598,-0.2813055305914577,-0.28122106219720006,-0.2812216543320446,-0.2812494893507089,-0.2823946026599849,-0.28255003123641564,-0.26902333814541735,-0.26661768291930354,-0.26449699686003264
75,0.3937186,-0.2717467746416436,-0.2716656187386729,-0.2716661876525064,-0.2716884459995489,-0.2727520160751934,-0.2728955811248682,-0.2590246976269845,-0.25665358118711856,-0.2545899976033456
76,0.39824122,-0.26218801869182945,-0.2621101752801456,-0.26211072097296806,-0.26212720797559985,-0.2631127932775255,-0.26324495878596327,-0.2490397514812598,-0.2467079576734565,-0.2447158227147591
77,0.4027638,-0.2526293472837717,-0.25255481633407756,-0.25255533880609443,-0.25256583388916615,-0.2534770185944207,-0.2535982495231818,-0.2390690465924751,-0.2367813737211889,-0.23487452378277482
78,0.40728644,-0.24307054906307937,-0.2429993306193206,-0.24299982987022384,-0.2430040815391008,-0.24384447810775958,-0.24395524006089453,-0.22911280611726376,-0.22687406039702188,-0.2250657699552658
79,0.41180903,-0.23351185651958253,-0.2334439505451378,-0.23344442657518402,-0.23344214669424007,-0.23421540523111983,-0.23431616494981927,-0.21917170007082257,-0.21698668540328103,-0.2152896115585738
80,0.41633165,-0.2239531005697685,-0.22388850708661062,-0.22388895989564583,-0.22387981587622316,-0.22458962873296773,-0.22468085365916698,-0.20924596414633656,-0.2071194761096173,-0.20554561561308055
81,0.42085424,-0.21439440802627166,-0.21433312701242782,-0.21433355660060602,-0.21431716201937118,-0.21496727543452065,-0.21504943401720464,-0.19933612504609202,-0.19727294104707888,-0.1958335835983156
82,0.42537686,-0.2048356520764575,-0.2047776835539005,-0.20477808992106772,-0.20475399200631172,-0.20534821679821613,-0.20542177824644667,-0.18944242928253907,-0.18744730198307363,-0.18615299452940096
83,0.42989948,-0.19527689612664342,-0.19522224009537328,-0.19522262324152947,-0.19519028695454946,-0.19573251578364045,-0.19579795024833144,-0.17956530318209057,-0.17764295104034952,-0.17650346014047108
84,0.43442208,-0.18571818244770752,-0.18566683889307567,-0.18566719881832355,-0.18562598560523738,-0.18612021401127773,-0.18617799255610878,-0.16970513301271944,-0.16786023210803475,-0.1668845131978456
85,0.4389447,-0.17615942649789337,-0.17611139543454837,-0.17611173213878523,-0.17606087124450978,-0.1765112255856693,-0.17656182008635155,-0.15986215606224802,-0.15809933290738556,-0.15729550579763607
86,0.44346732,-0.1666006705480793,-0.16655595197602116,-0.166556265459247,-0.1664948148957098,-0.16690559214255205,-0.16694947538923702,-0.15003672191514245,-0.14836054422674777,-0.14773586838638947
87,0.44798994,-0.15704191459826528,-0.15700050851749395,-0.1570007987797088,-0.1569275904813706,-0.15730331280258858,-0.15734095846476515,-0.1402291176307109,-0.13864408647568205,-0.13820494328261101
88,0.45251256,-0.1474831586484511,-0.14744506505896665,-0.14744533210017047,-0.1473588932882602,-0.14770438668664648,-0.14773626931293582,-0.13043961107573615,-0.1289501527245518,-0.12870203106979297
89,0.45703515,-0.13792446610495426,-0.13788968498478382,-0.13788992880513068,-0.1377883660140126,-0.13810887655522375,-0.13813547160667006,-0.12066851539003816,-0.11927897254506754,-0.11922645712191325
90,0.46155778,-0.12836568901970113,-0.12833422039814182,-0.1283344409974263,-0.1282152625509304,-0.12851663302278651,-0.12853841675889194,-0.11091590803624964,-0.10963053403983046,-0.10977730321696814
91,0.4660804,-0.11880693306988697,-0.1187787769396145,-0.11877897431788799,-0.11863880934079343,-0.11892776129134841,-0.11894521090806331,-0.10118210566261956,-0.10000505387431904,-0.10035387183137448
92,0.470603,-0.10924821939095108,-0.1092233757373169,-0.10922354989468207,-0.10905767923578888,-0.10934228165129302,-0.10935587522770968,-0.09146731802788194,-0.0904026347915144,-0.09095535428823247
93,0.4751256,-0.09968950571201517,-0.0996679745350193,-0.09966812547147613,-0.09946965179417508,-0.09976015081305899,-0.09977036728614429,-0.08177167004594371,-0.08082328768164046,-0.08158085610598526
94,0.47964823,-0.09013072862676193,-0.09011250994837719,-0.09011263766377166,-0.08987090112894443,-0.09018130437041266,-0.0901886235374002,-0.07209524499267429,-0.07126697449210773,-0.0722294424950984
95,0.48417085,-0.08057197267694788,-0.08055706648984998,-0.08055717098423344,-0.08025440564339589,-0.08060582618712075,-0.08061072875175145,-0.06243825521735444,-0.06173377687958216,-0.06290030671064041
96,0.48869348,-0.07101319559169464,-0.07100160190320787,-0.07100168317652897,-0.07060489467661912,-0.07103367304085671,-0.07103664057368356,-0.05280076375663142,-0.05222362139562813,-0.05359250433872996
97,0.49321607,-0.06145450304819781,-0.06144622182902505,-0.06144627988148918,-0.06088288267207898,-0.06146494984611972,-0.06146646481157789,-0.043182961692872,-0.04273655342501145,-0.04430522447425027
98,0.4977387,-0.05189572596294469,-0.05189075724238306,-0.05189079207378484,-0.050943023238060575,-0.051899486464880115,-0.051900032178795366,-0.033584742524367835,-0.0332723174624983,-0.03503738175686176
99,0.5022613,-0.042337012284008664,-0.042335356040085335,-0.042335367650578784,-0.03947891055661648,-0.042337430082918424,-0.04233749075459516,-0.02400629733091062,-0.023830944325779084,-0.02578819400199376
100,0.5067839,-0.03277829860507288,-0.032779954837787846,-0.03277994322737297,-0.03563641967433298,-0.03277871636180893,-0.03277877706918345,-0.014447583618586335,-0.014412227503950895,-0.016556672075215734
101,0.5113065,-0.02321958492613685,-0.023224553635490117,-0.02322451880416692,-0.024172289800117402,-0.023223344425090237,-0.023223891122559757,-0.0049086013874304404,-0.005015995603885055,-0.00734188906296614
102,0.51582915,-0.013660765570005593,-0.013669046792618534,-0.013668988740130294,-0.014232385708661598,-0.013671207811656191,-0.013672727343324,0.004610775734135403,0.004358053807122966,0.0018571804356292895
103,0.52035177,-0.00410200962019143,-0.00411360333409122,-0.0041135220605919565,-0.004510309640285634,-0.004122474632903751,-0.004125454704961826,0.014110421686092084,0.013709980974737683,0.011041291958781244
104,0.5248744,0.005456767465061692,0.005441861252550778,0.005441965747112386,0.0051392009729172294,0.005422940462298485,0.005418011258110374,0.023590484245771218,0.023040121974615288,0.02021143759187361
105,0.529397,0.015015481143997714,0.014997262454848503,0.01499739017031844,0.014755653799698606,0.014964953948173473,0.01495758616494526,0.033050964427251736,0.032348674342830716,0.02936843743489935
106,0.53391963,0.024574258229250828,0.024552727041490495,0.02455287797802279,0.024354404421326165,0.024503693291251398,0.024493396574268564,0.042492093481594606,0.04163606784111863,0.03851330256609142
107,0.5384422,0.034132908501869536,0.03410806485944373,0.03410823901673031,0.03394236826074398,0.03403896957976765,0.03402525276225003,0.0519138103607506,0.050902450102920535,0.047646727429214206
108,0.5429648,0.04369162218080555,0.04366346606174144,0.04366366343993634,0.04352349838478549,0.04357097347575481,0.04355334445272016,0.06131645014837467,0.06014836355321905,0.056769755318787724
109,0.54748744,0.053250420401497855,0.05321895177649835,0.05321917237580695,0.053099993949171934,0.053099726852990456,0.053077692624541414,0.07070020119336667,0.06937421111472089,0.06588325124667449
110,0.55201006,0.06280917635131178,0.06277439523502544,0.06277463905534506,0.06267307624517149,0.06262510414994911,0.06259817089672291,0.08006512730443718,0.07858027788053955,0.07498792162955643
111,0.5565327,0.0723679745720041,0.07232988094978235,0.07233014799121566,0.07224370931860565,0.07214719048761241,0.0721148634724771,0.08941151995447844,0.08776707706576334,0.08408465547576328
112,0.5610553,0.08192668825094013,0.08188528215208006,0.08188557241442172,0.08181236418398927,0.08166586043672037,0.08162764412315843,0.09873948390877046,0.09693494234603614,0.09317412063563474
113,0.5655779,0.09148540192987592,0.09144068335437755,0.09144099683762752,0.09137954628564982,0.09118119910308536,0.09113659703505125,0.10804935029506454,0.10608443355940766,0.10225716512136343
114,0.57010055,0.1010442212860074,0.10099619019724937,0.10099652690166439,0.1009456660847689,0.10069331250294938,0.10064182727173993,0.11734148960805851,0.11521615256076834,0.1113346349940457
115,0.5746231,0.11060282928774798,0.11055148575897303,0.11055184568403967,0.11051063239884695,0.11020188608261883,0.11014301964247264,0.12661588100901527,0.12433031965232369,0.1204069524948039
116,0.5791457,0.12016154296668377,0.12010688696127053,0.12010727010724545,0.12007493375361633,0.11970723614279319,0.1196404893380007,0.1358731383308216,0.13342778152856222,0.1294751187026061
117,0.58366835,0.129720362322815,0.12966239380414207,0.1296628001712821,0.12963870224719776,0.12920936344628395,0.12913423623137066,0.1451135854998238,0.1425091023355871,0.13853980995646922
118,0.588191,0.1392791816789465,0.13921790064701392,0.13921833023531896,0.13920193569484726,0.13870816376048645,0.1386241553013164,0.15433746278550467,0.15157476600099573,0.14760157843841432
119,0.5927136,0.1488378953578823,0.1487733018493114,0.14877375465852477,0.14876461069316935,0.14820353299971703,0.14811014169584388,0.16354502902612267,0.16062527631317686,0.15666095212091088
120,0.5972362,0.15839660903681832,0.15832870305160915,0.1583291790817308,0.1583268992225263,0.1576955770686092,0.15759230035158336,0.17273676426771914,0.16966135575785765,0.1657186347465088
121,0.60175884,0.16795540725751062,0.16788418876636604,0.16788468801760142,0.1678889397777568,0.1671843807475454,0.1670707150824207,0.18191314462432373,0.1786837239156712,0.17477528527900688
122,0.60628146,0.1775141632073248,0.17743963222489334,0.17744015469713975,0.17745064984061712,0.17666981900262235,0.1765452601167451,0.19107445989787625,0.18769291773554808,0.18383133771149227
123,0.610804,0.18707275007362614,0.18699490665850207,0.1869954523513487,0.18701193936008403,0.1861517669760742,0.18601580988607208,0.200221016848847,0.19668949092555332,0.19288720136125284
124,0.61532664,0.19663154829431845,0.19655039237325897,0.1965509612872193,0.19657321966522456,0.19563060290526726,0.1954827412989817,0.20935362294383722,0.20567448953930711,0.20194374152562006
125,0.61984926,0.2061903042441324,0.20610583583178607,0.2061064279667574,0.20613426301538476,0.20510607607003026,0.20494580306615964,0.21847249425153026,0.21464837734775954,0.21100119837390852
126,0.6243719,0.2157491024648247,0.21566132154654294,0.21566193690262803,0.21569517601120686,0.21457827114691824,0.21440507888300214,0.22757818493089493,0.2236119497661107,0.2200601082938855
127,0.62889445,0.22530771046656523,0.22521661710826657,0.22521725568500328,0.22525574494781986,0.22404695870070168,0.2238603387691383,0.2366709615419832,0.23256571772083856,0.22912068329624857
128,0.63341707,0.23486646641637943,0.23477206056679395,0.2347727223645416,0.2348163242521064,0.23351247461015506,0.2333119172607066,0.24575164729094767,0.24151073853812938,0.23818365275194958
129,0.6379397,0.24442524350163253,0.24432752515343592,0.24432821017224593,0.244376801078018,0.24297469408235173,0.2427596888653949,0.2548206359896125,0.2504476446915465,0.24724928217280578
130,0.6424623,0.2539839571805686,0.2538829263557337,0.25388363459545205,0.25393710302862055,0.2524335343220969,0.2522035700486161,0.2638783747222388,0.25937711852790934,0.25631785433021087
131,0.6469849,0.26354267085950434,0.2634383275580311,0.2634390590186578,0.263497304136855,0.2618890589765642,0.26164362349304876,0.27292546294213005,0.26829998971037383,0.265389770076426
132,0.6515075,0.2731013845384404,0.2729937287603289,0.2729944834418639,0.27305741371122344,0.27134126891590327,0.27107984919869343,0.28196245137129206,0.27721703667809106,0.27446534840894876
133,0.6560301,0.28266009821737614,0.2825491299626263,0.28254990786506967,0.2826174399487666,0.2807901650100592,0.28051224716554957,0.2909899016033089,0.2861290450005881,0.28354488713916026
134,0.66055274,0.2922188964380685,0.2921046156773833,0.2921054168009403,0.29217747464852256,0.29023583165530403,0.28994090076739687,0.30000846522460345,0.29503688518401927,0.29262874382333454
135,0.6650754,0.3017777369296389,0.30166014364836974,0.3016609679931431,0.3017374819629677,0.2996782278846882,0.29936576823270916,0.3090186837055568,0.303941314714444,0.3017171355572523
136,0.66959804,0.3113365351503312,0.31121562936312663,0.3112164769290137,0.3112973830656569,0.30911727105569325,0.3087867662046347,0.3180210679123268,0.3128430560233827,0.3108102197341748
137,0.67412066,0.3208952911001454,0.320771072821654,0.3207719436085521,0.3208571830722791,0.31855296208140105,0.3182038947339556,0.32701621688805893,0.32174291356606,0.31990821528782776
138,0.6786433,0.3304540893208375,0.3303265585364107,0.33032745254442253,0.3304169711172639,0.3279853852840802,0.3276172371098139,0.33600481687666134,0.33064177273718737,0.3290114035528499
139,0.68316585,0.34001269732257805,0.3398818540981343,0.3398827713267978,0.339976518807119,0.33741431219315976,0.3370265644690361,0.34498726316790634,0.3395402250454338,0.3381197463913143
140,0.68768847,0.34957145327239214,0.34943729755666153,0.34943823800633605,0.3495361680548189,0.34684007727824767,0.34643220972274713,0.3539644937827205,0.3484393935195305,0.34723373259243023
141,0.6922111,0.3591302303576453,0.35899276214330356,0.35899372581404043,0.3590957953892352,0.3562625562716209,0.35583404798801477,0.3629370154495237,0.3573399676282253,0.35635339184522735
142,0.6967337,0.36868894403658137,0.3685481633456013,0.36854915023724644,0.3686553193002251,0.3656816667270634,0.36523199613650537,0.37190537989815164,0.36624267445656916,0.36547877845001026
143,0.7012563,0.3782476577155173,0.378103564547899,0.3781045746604525,0.3782148059592787,0.3750974720256714,0.3746261165462076,0.38087028212265567,0.3751483761649728,0.37461007309436734
144,0.7057789,0.3878063713944532,0.38765896575019654,0.3876599990836584,0.3877742578777549,0.3845099730351616,0.38401640921712143,0.3898323613113893,0.3840578722125575,0.3837473818852305
145,0.7103015,0.3973650850733892,0.39721436695249424,0.39721542350686434,0.39733367734623504,0.39391917062304904,0.3934028741492472,0.3987922596914681,0.39297195741317176,0.3928907974966138
146,0.71482414,0.40692388329408147,0.4067698526672512,0.40677093244273493,0.4068931510058628,0.4033251488321999,0.4027855943101105,0.4077507010645412,0.40189149987635303,0.4020404807893227
147,0.7193467,0.416482512431261,0.41632516935708946,0.41632627235327624,0.41645242713107744,0.41272765900306146,0.4121643207971338,0.41670809397758185,0.41081704547102044,0.4111962567190121
148,0.7238693,0.426041226110197,0.42588057055938716,0.42588169677648224,0.42601176112380595,0.4221269515292042,0.4215393025128948,0.4256653232980356,0.41974960600760075,0.42035842450114574
149,0.72839195,0.43560004546632825,0.43543607740225876,0.43543722684051894,0.43557117573706045,0.43152304796175894,0.4309105600723209,0.43462305628294695,0.42868996803413073,0.42952705014697423
150,0.73291457,0.44515880141614245,0.4449915208607861,0.4449926935200572,0.4451305033655521,0.44091578294020595,0.4402779276842416,0.44358178150719585,0.4376387306177725,0.43870200691913036
151,0.7374372,0.45471757850139555,0.4545469854474281,0.45454818132776165,0.4546898299295272,0.4503052404261426,0.449641488223083,0.45254222409127026,0.4465967196534032,0.447883401788353
152,0.7419598,0.46427629218033134,0.46410238664972564,0.4641036057509674,0.4642490721511479,0.4596913382633286,0.459001158899055,0.46150494883134435,0.4555645913753456,0.4570711704520434
153,0.74648243,0.47383506926558466,0.4736578512363678,0.4736590935586719,0.4738083580238494,0.46907420184026466,0.4683570638841476,0.47047071617469644,0.4645431881147087,0.4662654434261821
154,0.75100505,0.4833938252153986,0.4832132946948949,0.48321456023821,0.48336760408888196,0.47845374901488574,0.47770912040549757,0.4794400851740223,0.4735331408307722,0.47546614032946616
155,0.7555276,0.49295243321713916,0.4927685902566185,0.4927698790205853,0.49292668453682614,0.48782985630498227,0.4870572044942419,0.4884135711536271,0.4825350263075398,0.4846731326671447
156,0.76005024,0.5025112314378315,0.5023240759713754,0.502325387956456,0.5024859384890981,0.497202856264463,0.4964016468440429,0.49739212145536377,0.4915498446849383,0.4938867333535086
157,0.76457286,0.5120699873876455,0.5118795194299028,0.5118808546359943,0.5120451343169541,0.5065725217111241,0.5057422200897832,0.5063761424058295,0.5005780429768585,0.5031066995400404
158,0.7690955,0.5216287856083379,0.5214350051446597,0.5214363635718648,0.5216043573789468,0.5159389363792315,0.5150790068435172,0.5153663321291206,0.509620350587245,0.5123330883519337
159,0.7736181,0.5311874992872738,0.530990406346957,0.5309917879950707,0.5311634816151509,0.5253019768949561,0.5244118832633355,0.5243631833749276,0.5186772797831427,0.5215657479249829
160,0.7781407,0.5407462129662097,0.5405458075492549,0.5405472124182769,0.5407225922792533,0.5346617269775802,0.533740931944366,0.5333673804259045,0.5277495247918369,0.5308047259162025
161,0.78266335,0.5503050323223411,0.5501013143921265,0.5501027424823133,0.5502817957146784,0.5440182909143729,0.5430662559612447,0.5423796198533928,0.5368377817444676,0.5400500866441154
162,0.78718597,0.5598637882721551,0.5596567578506537,0.5596582091618518,0.5598409234507249,0.5533715040417417,0.5523876903353082,0.5514003306461237,0.5459424660829779,0.5493016251430809
163,0.7917085,0.5694223540030177,0.5692120111561478,0.5692134856878948,0.5693998492509489,0.5627212432686677,0.5617051115547274,0.5604299719359163,0.5550640122521171,0.558559173877307
164,0.79623115,0.5789811733591488,0.5787675179990193,0.5787690157519312,0.5789590175208146,0.5720679435736544,0.5710189522282876,0.5694695324542047,0.5642033790133845,0.567823115580623
165,0.8007538,0.5885399927152801,0.5883230248418911,0.5883245458159678,0.5885181751367405,0.5814113576922875,0.5803289650784236,0.5785193316845667,0.5733608380979469,0.5770931552848313
166,0.8052764,0.5980987063942163,0.5978784260441887,0.5978799702391739,0.5980772168985908,0.5907513832465583,0.5896350472420888,0.5875798173260935,0.5825367793377509,0.5863691391885273
167,0.80979896,0.6076573355313957,0.6074337427340271,0.6074353101497152,0.6076361643949639,0.6000880418494878,0.5989372194103821,0.5966515453847481,0.5917316910759705,0.5956510349998037
168,0.8143216,0.6172161337520881,0.6169892284487839,0.6169908190855857,0.6171952716851845,0.6094215820559656,0.6082357283530537,0.6057352808342762,0.6009462628338664,0.6049390354336424
169,0.8188442,0.626774847431024,0.6265446296510817,0.6265462435087918,0.626754285536893,0.6187517570366459,0.6175303273003543,0.6148312941745404,0.6101806718004432,0.6142328398269135
170,0.8233668,0.6363335611099599,0.6361000308533793,0.6361016679319977,0.6363132908730853,0.6280786502180034,0.626821098508866,0.6239401637507094,0.619435396420744,0.6235324756993403
171,0.8278894,0.6458922747888958,0.6456554320556769,0.6456570923552036,0.6458722880510555,0.637402262462307,0.6361080419785898,0.6330623737823264,0.628710808857665,0.6328378884933905
172,0.832412,0.6554509884678319,0.6552108332579747,0.6552125167784097,0.6554312774083839,0.646722594631624,0.6453911577095253,0.6421983941290508,0.6380072559467498,0.6421490240244496
173,0.8369346,0.6650097021467676,0.6647662344602723,0.6647679412016156,0.6649902592642793,0.6560396475878199,0.6546704457016725,0.6513486797848929,0.6473250587715726,0.651465828797978
174,0.84145725,0.6745685215028991,0.6743217413031439,0.6743234712656525,0.6745493396008546,0.6653535251436913,0.6639460084795348,0.6605137717956704,0.6566646156444882,0.6607883534102363
175,0.84597987,0.684127277452713,0.6838771847616709,0.6838789379451906,0.6841083496160036,0.6746640633881704,0.6732176819446614,0.669693931957142,0.6660260299409202,0.6701163817827591
176,0.8505025,0.6936860545379664,0.6934326493483134,0.6934344257528953,0.6936673741248907,0.6839713455506906,0.6824855481251191,0.6788896488951142,0.6754096259138374,0.6794499467379183
177,0.8550251,0.7032447682169021,0.7029880505506108,0.7029898501761009,0.7032263288407321,0.6932752901966219,0.6917495250774772,0.688101231979863,0.684815534891914,0.6887889178891526
178,0.85954773,0.7128035453021553,0.7125435151372528,0.7125453379838054,0.7127853408233786,0.702576021619528,0.7010097357041858,0.6973291770811585,0.694244068736571,0.6981333734347313
179,0.8640703,0.7223621955747741,0.7220988529552059,0.722100699022513,0.7223442200810009,0.711873355628786,0.7102659957658293,0.706573656509647,0.7036951990462479,0.7074830840197737
180,0.8685929,0.73192090925371,0.7316542541575037,0.7316561234457188,0.7319031570573875,0.7211674781361379,0.719518489501823,0.7158351922462667,0.7131692453074625,0.7168381948958336
181,0.87311554,0.7414797074744022,0.7412097398722606,0.7412116323815894,0.741462173097756,0.7304584104762584,0.72876723728165,0.7251141250555329,0.7226663326556482,0.7261986889370422
182,0.87763816,0.7510384634242162,0.7507651833307876,0.7507670990611275,0.751021141585809,0.7397460302285437,0.7380121163805962,0.7344106332062059,0.7321864108000227,0.7355644071043144
183,0.8821608,0.7605972616449086,0.7603206690455444,0.7603226079969982,0.7605801472549027,0.7490304203965821,0.7472532085643562,0.7437250812136276,0.7417296112929805,0.7449354005942515
184,0.8866834,0.7701559753238445,0.7698760702478422,0.7698780324202044,0.7701390634704197,0.7583114586895565,0.7564903912605614,0.7530576084107137,0.751295826471488,0.7543115168718608
185,0.891206,0.7797146890027806,0.77943147145014,0.7794334568434103,0.7796979749482522,0.7675892280961691,0.765723746217978,0.7624085405693635,0.7608851314534184,0.7636928142690902
186,0.89572865,0.7892735083589117,0.7889869782930117,0.7889889869074469,0.7892569875320192,0.7768638319926744,0.7749533754532927,0.771778205038745,0.7704975951844084,0.7730793759015866
187,0.9002512,0.7988321163606524,0.7985422738547352,0.7985443056898223,0.7988157843406016,0.7861349636871291,0.7841789729164463,0.7811664943568977,0.7801328327980428,0.7824708736989203
188,0.90477383,0.8083908934459056,0.8080977384413772,0.8080997934975265,0.8083747459691608,0.7954029930562523,0.7934009058167286,0.7905739653951052,0.7897911338131345,0.7918676689372681
189,0.90929645,0.8179496493957197,0.8176531818999044,0.8176552601770648,0.8179336823379981,0.8046677364497798,0.8026189905494945,0.8000005942556365,0.7994721847176225,0.8012695666175049
190,0.9138191,0.827508468751851,0.8272086887427761,0.8272107902411014,0.827492678127143,0.8139292766459088,0.8118333086180665,0.8094466066657049,0.8091759215613317,0.8106766463152844
191,0.9183417,0.8370671824307869,0.8367640899450739,0.8367662146643076,0.8370515643807153,0.8231874506995398,0.8210436970581179,0.8189119568362679,0.8189019951301013,0.8200887426434378
192,0.9228643,0.8466258961097228,0.8463194911473715,0.8463216390875135,0.8466104469029543,0.8324423618774057,0.8302502577593807,0.8283968495883502,0.8286503076858054,0.8295059654200649
193,0.92738694,0.856184694330415,0.8558749768621283,0.855877148023384,0.8561694103567843,0.8416940928488699,0.8394530720982236,0.8379014485333613,0.8384207136192168,0.8389284087854716
194,0.93190956,0.8657434502802293,0.8654304203206555,0.8654326147029221,0.8657283280420107,0.8509425217110593,0.8486520179593127,0.8474256860492166,0.8482128243908917,0.8483559636144624
195,0.9364321,0.8753020371465308,0.8749856947542645,0.8749879123571314,0.8752870732538183,0.860187526733939,0.8578469734304404,0.8569694722839927,0.8580262236895841,0.8577885256904221
196,0.94095474,0.8848608353672229,0.8845411804690213,0.8845434212930019,0.88484602654169,0.8694294767102841,0.8670383044513557,0.866533203149247,0.867860990273309,0.8672264967921388
197,0.94547737,0.8944196124524761,0.8940966450556631,0.8940989091007063,0.8944049555129059,0.8786681476164422,0.8762257873555359,0.8761166413145056,0.8777165477110385,0.876669679247768
198,0.95,0.9039783895377291,0.9036521096423054,0.9036543969084105,0.9039638814001314,0.8879035607477426,0.8854094424701466,0.8857197813583539,0.8875925543827867,0.886118131143629
