,x,eq_complex_1,eq_complex_3,eq_complex_5,eq_complex_7,eq_complex_9,eq_complex_11,eq_complex_13,eq_complex_14,eq_complex_15,eq_complex_16,eq_complex_17,eq_complex_18,eq_complex_19,eq_complex_21,eq_complex_24,eq_complex_26,eq_complex_27,eq_complex_31,eq_complex_34,eq_complex_36
0,0.054522615,-0.8571797871386937,-0.6491951995881668,-0.6491949519033262,-0.5814270479475994,-0.5647000621438699,-0.5647003111477118,-0.5489946673851904,-0.5579604593586546,-0.5488996819669616,-0.5471723211342885,-0.5416649425784317,-0.5349568626278891,-0.5381360931299206,-0.542084063999456,-0.5394444284467035,-0.5387973289536638,-0.5391535278958788,-0.5388226414251462,-0.538764652821307,-0.5403963486770675
1,0.059045225,-0.8571797871386937,-0.6512854897395588,-0.6512852420547182,-0.5851510452584896,-0.5693124409733479,-0.5693126873612604,-0.5547055609539779,-0.5631549508578175,-0.5542967365340008,-0.552619253298898,-0.547893810060122,-0.54131626178413,-0.5444203420651545,-0.5481761999926067,-0.5456706272993568,-0.5450216832539756,-0.5453808370902226,-0.5450601806215405,-0.5449969994613848,-0.5464209265553099
2,0.06356784,-0.8571797871386937,-0.653375782201884,-0.6533755345170433,-0.5888491457733362,-0.5738993493664584,-0.573899593153786,-0.5603744617720571,-0.5683150866662554,-0.5596572524624022,-0.5580345399781468,-0.554058970949443,-0.5476104368570207,-0.5506404540769159,-0.5542069947771233,-0.5518336340350407,-0.5511830440714136,-0.551544847639623,-0.5512347145659262,-0.551166360182918,-0.5523968237439218
3,0.068090454,-0.8571797871386937,-0.6554660742020226,-0.655465826517182,-0.5925216138316008,-0.5784607812041076,-0.5784610224061986,-0.5660009416081574,-0.5734406361782459,-0.5649809846638995,-0.5634176687765386,-0.560160101103274,-0.5538390588418882,-0.5567960996793763,-0.5601762949609563,-0.5579331248380865,-0.5572810880965571,-0.5576452309783068,-0.5573459158992119,-0.5572724092171826,-0.5583229243077947
4,0.07261306,-0.8571797871386937,-0.6575563625046676,-0.657556114819827,-0.5961687093849053,-0.5829967295022588,-0.5829969681344652,-0.5715845841477433,-0.5785313747217906,-0.5702676943891379,-0.5687681351125946,-0.5661969133254467,-0.5600018364588395,-0.5628869866448412,-0.5660839756589624,-0.563968812684289,-0.5633155287496907,-0.5636816958843187,-0.5633934939940396,-0.5633148575218015,-0.5641981838853982
5,0.07713568,-0.8571797871386937,-0.6596466572779264,-0.6596464095930857,-0.5997907120283896,-0.5875072162751187,-0.5875074523527801,-0.5771250217936696,-0.5835871170945335,-0.5755171840487524,-0.5740854776993483,-0.5721691967444995,-0.5660985563475062,-0.5689128997388768,-0.5719299788986674,-0.5699404867164838,-0.5692861555497362,-0.5696540278692833,-0.5693772344119299,-0.5692934922035755,-0.5700216675216695
6,0.08165829,-0.8571797871386937,-0.6617369474293182,-0.6617366997444776,-0.603387860818804,-0.5919922175532766,-0.5919924510917463,-0.5826218436098627,-0.5886076335419954,-0.5807292099671416,-0.5793691903958282,-0.5780767171438892,-0.5721289813162314,-0.574873600159903,-0.5777142159517479,-0.5758479125893181,-0.5751927344777115,-0.5755619895200699,-0.5752968990503241,-0.5752080767498897,-0.5757924519044187
7,0.0861809,-0.8571797871386937,-0.66382723758071,-0.6638269898958694,-0.6069604185710751,-0.5964517433380692,-0.5964519743526946,-0.5880746937405565,-0.5935927394884835,-0.5859035755596442,-0.5846188167486444,-0.5839193228033591,-0.5780929583869401,-0.5807689323335161,-0.5834366708335579,-0.5816909382971975,-0.5810351137847272,-0.5814054263464654,-0.581152332183941,-0.5810584569791161,-0.5815097277864603
8,0.09070352,-0.8571797871386937,-0.6659175323539688,-0.6659172846691281,-0.610508644411018,-0.6008858034055162,-0.6008860319116396,-0.5934832293854868,-0.598542257195178,-0.5910400915128563,-0.5898339098907994,-0.5896968985762583,-0.5839903719106309,-0.5865987775822843,-0.5890973553001984,-0.5874694482627837,-0.5868131780905389,-0.5871842208692353,-0.5869434144656214,-0.5868445150796668,-0.58717275456058
9,0.09522613,-0.8571797871386937,-0.6680078225053606,-0.66800757482052,-0.6140327705424293,-0.6052943781472493,-0.6052946041602233,-0.5988470854761951,-0.6034559833420625,-0.5961385421524252,-0.5950139985367522,-0.5954093278566153,-0.5898211047444846,-0.5923630157507814,-0.5946962715193389,-0.5931833252935654,-0.592526810341019,-0.5928982545805583,-0.5926700247989878,-0.5925661315152375,-0.5927808220776768
10,0.099748746,-0.8571797871386937,-0.6700981154298725,-0.670097867745032,-0.6175330540050477,-0.6096774831936336,-0.6096777067288028,-0.6041659535657843,-0.6083337611973163,-0.6011987603375242,-0.6001586632144809,-0.601056576264023,-0.5955851236690156,-0.59806160965133,-0.6002334940433383,-0.5988325342829109,-0.598175975503328,-0.5985474916519228,-0.5983321242246833,-0.5982232688373548,-0.598333331860132
11,0.10427135,-0.8571797871386937,-0.6721884028081442,-0.6721881551233035,-0.6210097221559345,-0.614035101150619,-0.6140353222233375,-0.6094394988655396,-0.6131754045808538,-0.6062205485663549,-0.6052674562905971,-0.6066386026863118,-0.601282388585354,-0.6036945153033495,-0.605709082617217,-0.6044170332317567,-0.6037606315915921,-0.6041318899549664,-0.603929666746394,-0.6038158825882411,-0.6038297089086262
12,0.10879397,-0.8571797871386937,-0.674278697581403,-0.6742784498965624,-0.6244630344871562,-0.6183672589629591,-0.6183674775885655,-0.6146674541220737,-0.6179807839565321,-0.6112037682834353,-0.6103399929585741,-0.6121554582156457,-0.6069129534930496,-0.6092617817730668,-0.6111231792216173,-0.6099368722236311,-0.6092808286424801,-0.6096515000364469,-0.6094626985360696,-0.609344020418034,-0.6092694981172451
13,0.11331658,-0.8571797871386937,-0.6763689877327947,-0.6763687400479542,-0.6278932059093156,-0.6226739316749017,-0.6226741478687492,-0.6198495033061866,-0.6227497195868456,-0.6161482290643634,-0.615375838659703,-0.6176071624349976,-0.6124768402205422,-0.6147634263350357,-0.6164758867457872,-0.6153920696550792,-0.6147365849412799,-0.6151063413503598,-0.6149312338765172,-0.6148076981357398,-0.6146522414924358
14,0.11783919,-0.8571797871386937,-0.6784592778841866,-0.678459030199346,-0.6313004757578431,-0.6269551288934789,-0.6269553426709149,-0.6249853861868462,-0.6274820775655126,-0.6210537882131967,-0.6203746106003576,-0.6229938132255933,-0.6179741504949596,-0.6201995452848693,-0.6217673767839219,-0.6207827220982808,-0.6201279968896767,-0.6204965121147732,-0.6203353652863126,-0.6202070097359476,-0.6199775853945091
15,0.12236181,-0.8571797871386937,-0.6805495726574453,-0.6805493249726047,-0.6346850800823463,-0.6312108600004063,-0.6312110713767731,-0.6300748562440999,-0.6321777311717761,-0.6259203106760538,-0.6253359371386967,-0.6283155414024735,-0.6234050196377814,-0.6255702681648558,-0.6269978452245794,-0.6261089589198378,-0.6254551936241388,-0.6258221439270317,-0.6256752180365246,-0.6255420819544999,-0.6252452349148668
16,0.12688442,-0.8571797871386937,-0.6826398628088372,-0.6826396151239965,-0.6380472294744366,-0.6354411061759239,-0.6354413151665743,-0.6351176474391709,-0.6368365301242396,-0.6307476371870384,-0.6302594254405265,-0.6335724753431148,-0.6287695804672199,-0.6308757220687545,-0.6321674775561122,-0.6313709068753377,-0.6307183016021882,-0.6310833663582821,-0.6309509146548191,-0.6308130388034795,-0.6304549178078372
17,0.13140704,-0.8571797871386937,-0.6847301575820959,-0.6847299098972552,-0.6413871613799798,-0.639645886127133,-0.6396460927474094,-0.6401135527943675,-0.6414583730895733,-0.6355356594108458,-0.6351447382493685,-0.6387648222384381,-0.634068046211911,-0.6361161136445248,-0.6372765288548976,-0.6365687714338529,-0.6359175259429534,-0.6362803882612585,-0.6361626564627088,-0.6360200830342454,-0.6356064639527796
18,0.13592964,-0.8571797871386937,-0.6868204431116208,-0.6868201954267802,-0.6447050733610638,-0.6438251720468632,-0.6438253763121233,-0.6450623243618869,-0.6460431152092312,-0.640284224130828,-0.6399914963063726,-0.6438927630355163,-0.6393006033011622,-0.6412916230697017,-0.6423252205876938,-0.6417027316190365,-0.6410530452441898,-0.6414133926183426,-0.6413106181436885,-0.6411633907991918,-0.6406997002108126
19,0.14045227,-0.8571797871386937,-0.6889107425067464,-0.6889104948219058,-0.648001218786638,-0.6479790100550816,-0.6479792119806578,-0.6499638160953426,-0.6505907003624277,-0.6449932702512646,-0.6447994183049983,-0.6489565997891378,-0.6444675617224133,-0.646402552771238,-0.647313885798057,-0.6467730875285144,-0.6461251591441862,-0.6464826840254705,-0.6463950956648223,-0.64624325943861,-0.6457345957008618
20,0.14497487,-0.8571797871386937,-0.6910010280362714,-0.6910007803514308,-0.651275767849163,-0.6521073450444106,-0.6521075446456657,-0.654817776777442,-0.6551009691971933,-0.6496626299868,-0.6495681180858027,-0.6539565404234662,-0.6495691353923507,-0.651449110191406,-0.652242757306267,-0.651780044835337,-0.6511340727545687,-0.65148847322469,-0.6514162901893434,-0.6512598915876058,-0.650711046928698
21,0.14949748,-0.8571797871386937,-0.6930913181876632,-0.6930910705028226,-0.6545289607834485,-0.6562102136967726,-0.656210410989049,-0.6596240779102204,-0.6595738705143364,-0.6542922477578577,-0.6542973282524697,-0.6588929333197925,-0.6546056815204947,-0.6564316445592417,-0.6571121989755271,-0.6567239496766049,-0.6560801316296169,-0.6564311119318432,-0.6563745436216158,-0.6562136305063869,-0.6556291100015523
22,0.1540201,-0.8571797871386937,-0.695181612960922,-0.6951813652760813,-0.6577610058327045,-0.6602876158431801,-0.6602878108418203,-0.6643825619125675,-0.6640093204286602,-0.6588820343495506,-0.6589867513993162,-0.6637661094986262,-0.659577539574668,-0.6613504876078448,-0.6619225504347606,-0.6616051306357855,-0.660963663694778,-0.6613109348381823,-0.6612701801538595,-0.6611048017693465,-0.6604888427271346
23,0.15854271,-0.8571797871386937,-0.6972719031123137,-0.6972716554274732,-0.6609720943873426,-0.6643395334524824,-0.664339726172839,-0.6690930649816554,-0.6684072234025576,-0.6634318887179478,-0.6636360824758294,-0.668576405605038,-0.6644850547366432,-0.6662059767732369,-0.6666741498481683,-0.6664239217458157,-0.6657850022529397,-0.6661282825963026,-0.666103529330369,-0.6659337363073027,-0.6652903263686261
24,0.16306531,-0.8571797871386937,-0.6993621886418386,-0.699361940956998,-0.664162429610722,-0.668365966693667,-0.6683661571510925,-0.6737554592003574,-0.6727675114863885,-0.6679417385961925,-0.6682450503983174,-0.6733242060295407,-0.669328620873641,-0.6709984977125244,-0.6713673757085481,-0.6711807046817879,-0.6705445281981448,-0.6708835439846169,-0.6708749683694815,-0.670700812689533,-0.6700337066842725
25,0.16758794,-0.8571797871386937,-0.7014524880369644,-0.7014522403521237,-0.6673322399933967,-0.6723669510094141,-0.6723671392192412,-0.6783696717857388,-0.677090162526591,-0.6724115592957679,-0.6728134373958288,-0.6780099611140322,-0.6741086991036556,-0.6757285026871367,-0.6760026651586784,-0.675875927021607,-0.6752426882942382,-0.6755771741416485,-0.6755849404932409,-0.675406475435221,-0.6747192112887264
26,0.17211054,-0.8571797871386937,-0.7035427735664892,-0.7035425258816486,-0.6704816813195718,-0.6763424333201976,-0.6763426192977885,-0.6829355423653999,-0.6813750664419123,-0.6768412354324759,-0.6773409377954378,-0.6826340412338222,-0.6788256689383863,-0.680396363268986,-0.6805803698738353,-0.6805099560348287,-0.6798798488725866,-0.6802095483857706,-0.6802338082607753,-0.6800510884797194,-0.6793470027962272
27,0.17663316,-0.8571797871386937,-0.7056330683397479,-0.7056328206549074,-0.6736109837816144,-0.6802924576618035,-0.680292641422496,-0.6874530369615733,-0.6856222257285524,-0.6812307682518427,-0.6818273700250452,-0.6871969530115046,-0.6834800488462436,-0.6850025885990403,-0.6851009702104142,-0.6850832953397484,-0.6844565126269148,-0.6847811787782445,-0.6848220709121028,-0.6846351523181657,-0.6839173941271072
28,0.18115577,-0.8571797871386937,-0.7077233584911398,-0.7077231108062991,-0.6767203193689821,-0.6842169977479502,-0.6842171793070968,-0.6919220553659426,-0.689831574817293,-0.6855800888642377,-0.6862724858296556,-0.6916991429922009,-0.6880722959784202,-0.6895476272078951,-0.6895648811602184,-0.6895963881696846,-0.6889731217515466,-0.6892925174368648,-0.6893501670139366,-0.6891591068305277,-0.6884306511998336
29,0.1856784,-0.8571797871386937,-0.7098136578862655,-0.7098134102014249,-0.6798098990043162,-0.688116079526944,-0.6881162588998826,-0.6963425715008102,-0.6940031119558735,-0.6898891945605069,-0.6906761096887561,-0.6961411385356626,-0.6926029498854622,-0.6940320092460968,-0.693972592155842,-0.694049758583496,-0.693430199252987,-0.6937440976721923,-0.6938186161325185,-0.6936234728234778,-0.6928871331364246
30,0.190201,-0.8571797871386937,-0.7119039434157903,-0.7119036957309497,-0.6828798765450853,-0.6919896599769249,-0.6919898371790174,-0.7007144955957717,-0.6981367693144437,-0.6941580146104658,-0.6950380017586991,-0.7005234080535426,-0.6970724899589786,-0.6984562053921034,-0.698324528723397,-0.6984438713612087,-0.697828208734945,-0.6981363939143422,-0.6982278782654905,-0.6980287115894064,-0.6972871512753591
31,0.1947236,-0.8571797871386937,-0.7139942289453153,-0.7139939812604746,-0.6859304581235021,-0.6958377650461987,-0.6958379400927927,-0.7050378305485604,-0.7022325605505746,-0.6983865626938639,-0.6993580137336185,-0.7048465171034892,-0.7014814946392793,-0.702820784437801,-0.7026212076416843,-0.7027792885015355,-0.7021677110273528,-0.7024699781227466,-0.702578510874285,-0.702375381793976,-0.7016311249560716
32,0.19924621,-0.8571797871386937,-0.716084519096707,-0.7160842714118664,-0.688961833656396,-0.6996604031588842,-0.6996605760653225,-0.7093125736125931,-0.7062904881360392,-0.7025748411576649,-0.7036359910751778,-0.7091110284666124,-0.7058305394944734,-0.7071263124154945,-0.7068631381016794,-0.7070565690539726,-0.7064492639389369,-0.7067454196322258,-0.7068710683849471,-0.7066640390675275,-0.7059194805147574
33,0.20376883,-0.8571797871386937,-0.7181748138699657,-0.7181745661851252,-0.6919741839525355,-0.7034575741459941,-0.7034577449276194,-0.7135387267225105,-0.710310553019958,-0.7067228510112925,-0.7078717833090358,-0.7133175116469487,-0.7101202069101591,-0.7113733621883731,-0.711050831364852,-0.71127627863871,-0.7106734317833949,-0.7109632946428655,-0.7111061117419224,-0.7108952455487499,-0.7101526600083046
34,0.20829144,-0.8571797871386937,-0.7202651040213576,-0.720264856336517,-0.6949676743617761,-0.70722926121562,-0.7072294298877845,-0.7177162878025742,-0.7142927462600491,-0.7108305833080205,-0.7120652353098557,-0.7174665333573469,-0.7143510763882062,-0.7155625038447644,-0.7151847915203342,-0.7154389798977225,-0.7148407758183545,-0.7151241766476922,-0.7152841988258517,-0.7150695603096833,-0.7143311108618657
35,0.21281406,-0.8571797871386937,-0.7223553987946163,-0.7223551511097757,-0.6979424945641384,-0.7109754810470116,-0.7109756476250583,-0.7218453062443428,-0.7182371019091084,-0.7148980737004987,-0.7162162430650395,-0.7215587116428199,-0.7185237797364177,-0.7196943593462334,-0.7192655696854213,-0.7195452867996707,-0.7189519086118895,-0.7192286906849764,-0.7194059389639528,-0.7191875938155423,-0.7184553396692428
36,0.21733667,-0.8571797871386937,-0.7244456889460082,-0.7244454412611676,-0.7008988056510999,-0.7146962170735778,-0.7146963815728589,-0.725925808951487,-0.7221436265431584,-0.7189253297462695,-0.7203246795252176,-0.725594641448328,-0.7226389251662534,-0.72376952737714,-0.723293690124654,-0.723595789966794,-0.723007419287738,-0.7232774386679977,-0.7234719179862463,-0.7232499330473049,-0.7225258365630709
37,0.22185928,-0.8571797871386937,-0.7265359790974,-0.7265357314125593,-0.703836786306532,-0.7183914776067786,-0.7183916400426416,-0.7299578644513779,-0.7260123604859987,-0.7229123940492719,-0.7243904591049846,-0.7295749572467674,-0.7266971611526578,-0.7277886465806663,-0.7272697129639425,-0.7275911195201485,-0.7270079364446727,-0.7272710621723995,-0.7274827613108454,-0.7272572045289215,-0.7265431376768363
38,0.2263819,-0.8571797871386937,-0.7286262738706587,-0.7286260261858182,-0.7067566129247551,-0.7220612707327575,-0.7220614311205454,-0.7339415549530153,-0.7298433512312907,-0.726859316838848,-0.7284135097326068,-0.7335003043284242,-0.7306991471549763,-0.7317523665722282,-0.7311942058713572,-0.7315319162807872,-0.7309540993279293,-0.7312102136190133,-0.7314391050445892,-0.7312100454528718,-0.7305077956294088
39,0.2309045,-0.8571797871386937,-0.7307165594001837,-0.730716311715343,-0.7096584340610534,-0.7257055721930845,-0.7257057305481539,-0.7378769416784744,-0.7336366200196004,-0.7307661215506572,-0.732393737835083,-0.7373713038178308,-0.7346455179519304,-0.7356613126141746,-0.7350677093133497,-0.7354187966452377,-0.7348465226553351,-0.7350955211317336,-0.735341560722003,-0.7351090684488604,-0.734420343577591
40,0.23542711,-0.8571797871386937,-0.7328068495515755,-0.7328066018667349,-0.7125424348248248,-0.7293244062461895,-0.7293245625838833,-0.7417641523290712,-0.7373922460843704,-0.734632891606718,-0.7363311168105394,-0.741188637881121,-0.7385369705087449,-0.7395161716584149,-0.7388908220549296,-0.7392524381403404,-0.7386858822932606,-0.7389276740247016,-0.7391908012056841,-0.7389549474071954,-0.7382813807638061
41,0.23994973,-0.8571797871386937,-0.7348971443248342,-0.7348968966399936,-0.7154087788685679,-0.7329177727230851,-0.7329179270587465,-0.745603301882101,-0.7411102904935268,-0.7384596919549397,-0.7402256070935677,-0.7449529708345338,-0.7423741835446241,-0.7433176126843658,-0.7426641225429321,-0.7430335002239095,-0.7424728359504048,-0.7427073436030488,-0.7429874811788807,-0.7427483380405322,-0.7420914923110489
42,0.24447234,-0.8571797871386937,-0.736987434476226,-0.7369871867913854,-0.7182576152873028,-0.7364856557331304,-0.7364858080821114,-0.7493945024212876,-0.7447908054429679,-0.7422465786712226,-0.7440771660198657,-0.7486649581162971,-0.7461578266832004,-0.7470662957570885,-0.7463881780658919,-0.7467626332820327,-0.7462080321834461,-0.7464351921214459,-0.7467322461781243,-0.7464898869067851,-0.7458512577406391
43,0.24899496,-0.8571797871386937,-0.7390777292494848,-0.7390774815646441,-0.7210891164808417,-0.7400280710543077,-0.7400282214319515,-0.7531379134367926,-0.7484338831131485,-0.7459936492290473,-0.7478857989839767,-0.7523252947147562,-0.7498886098145083,-0.750762920934868,-0.7500635935958055,-0.7504405272849171,-0.7498921591335129,-0.750111921389118,-0.7504257814579331,-0.7501802802306832,-0.7495612995694153
44,0.25351757,-0.8571797871386937,-0.7411680194008766,-0.741167771716036,-0.7239034277892362,-0.7435450030212932,-0.7435451514429517,-0.7568336746539737,-0.7520395905068101,-0.7497009754519185,-0.7516514912659495,-0.7559346485943219,-0.7535672152344075,-0.7544081610378558,-0.753690945255109,-0.7540678449107412,-0.7535258775433736,-0.7537382058825355,-0.754068744839668,-0.7538201768092049,-0.7532222154605199
45,0.2580402,-0.8571797871386937,-0.7432583187960022,-0.7432580711111616,-0.7267007237761751,-0.7470364748785909,-0.747036621359603,-0.760481980152568,-0.7556080416804306,-0.7533686777973898,-0.7553742835335054,-0.7594937323806427,-0.7571943707069094,-0.7580027340452022,-0.7572708525637386,-0.7576452935835494,-0.7571098929208492,-0.7573147647270283,-0.7576618390621072,-0.7574102802997633,-0.7568346505060184
46,0.26256278,-0.8571797871386937,-0.7453485950817933,-0.7453483473969527,-0.7294811153836042,-0.7505024328396588,-0.7505025773953935,-0.7640829569792654,-0.7591392791194128,-0.7569968034231767,-0.7590541480712288,-0.7630031841650602,-0.7607707279862944,-0.7615472827122511,-0.7608038588106082,-0.7611735056721187,-0.7606448355214466,-0.760842241891551,-0.7612056914629758,-0.7609512190010402,-0.7603991759015479
47,0.26708543,-0.8571797871386937,-0.7474389037206528,-0.7474386560358122,-0.7322448284914823,-0.7539429686995992,-0.7539431113453742,-0.767636896609843,-0.7626335006400189,-0.7605855593316506,-0.7626912252909189,-0.7664637924303008,-0.7642970920327529,-0.7650426017447122,-0.764290657681209,-0.7646532646140195,-0.7641314869022207,-0.7643214322293878,-0.7647010811073575,-0.7644437727931925,-0.7639165170344449
48,0.27160805,-0.8571797871386937,-0.7495291984939115,-0.7495289508090709,-0.7349919521621568,-0.7573580060469869,-0.7573581467981626,-0.7711439291471132,-0.7660907398052532,-0.7641349840368021,-0.76628549076133,-0.7698761778941587,-0.7677740967930191,-0.7684893164593782,-0.767731773147416,-0.7680851850533347,-0.7675704594472901,-0.7677529616454841,-0.7681486175091793,-0.7678885521219123,-0.7673872299923635
49,0.27613065,-0.8571797871386937,-0.7516194840234364,-0.7516192363385958,-0.7377226413377049,-0.7607475528553077,-0.76074769172724,-0.7746042853590666,-0.7695111230628477,-0.7676452117384325,-0.7698370231084954,-0.773241048188107,-0.7712024647304466,-0.7718881400113842,-0.7711278161158354,-0.7714699688942833,-0.7709624529152369,-0.7711375430641044,-0.7715489978275358,-0.7712862549828058,-0.77081195999424
50,0.28065327,-0.8571797871386937,-0.7537097787966951,-0.7537095311118546,-0.7404370669917356,-0.7641116391033066,-0.7641117761113347,-0.7780182308743611,-0.772894805655511,-0.7711164064152605,-0.7733459370316805,-0.7765591330143777,-0.7745829407357643,-0.7752398079073184,-0.7744794194805041,-0.7748083401437137,-0.7743081891698628,-0.7744759112581984,-0.7749029414332551,-0.7746376015425694,-0.7741913753769208
51,0.2851759,-0.8571797871386937,-0.7558000781918208,-0.7557998305069802,-0.7431353680384503,-0.7674502570991447,-0.7674503922586122,-0.7813860053467664,-0.7762419114500777,-0.7745487000859202,-0.7768123208518494,-0.7798311244416938,-0.7779162312975654,-0.7785450176976046,-0.7777871780365537,-0.7781009848515056,-0.777608351991932,-0.7777687627580643,-0.7782111295749556,-0.7779432738513017,-0.7775261065770059
52,0.28969848,-0.8571797871386937,-0.7578903544776119,-0.7578901067927712,-0.7458176522509727,-0.770763362888631,-0.7707634962149057,-0.7847078248555671,-0.7795525348788338,-0.7779421948736285,-0.7802362387519625,-0.7830576787574188,-0.7812030064006796,-0.7818044308419807,-0.7810516503976037,-0.7813485529437066,-0.7808635889045239,-0.7810167576398146,-0.7814742072152161,-0.7812039176739444,-0.7808167476929532
53,0.2942211,-0.8571797871386937,-0.7599806492508706,-0.75998040156603,-0.7484841147239897,-0.7740510224875465,-0.7740511539959597,-0.7879840281321393,-0.7828268868529866,-0.7812971125532592,-0.7836178816000493,-0.7862395579638828,-0.7844440436597371,-0.7850188156481562,-0.7842735023758789,-0.7845518006535906,-0.7840746539456517,-0.7842206619448703,-0.7846929261487027,-0.7844202855014327,-0.7840640006436032
54,0.29874372,-0.8571797871386937,-0.7620709440241293,-0.7620706963392887,-0.7511348716594692,-0.7773132064804382,-0.7773133361863376,-0.7912148702327132,-0.7860650893084816,-0.7846135839354399,-0.7869573543739632,-0.7893774288824391,-0.7876400236701527,-0.7881888443311851,-0.7874533039326337,-0.7877113883299638,-0.7872422050041343,-0.7873811454323952,-0.7878679418512711,-0.7875930335511669,-0.7872684701529185
55,0.30326632,-0.8571797871386937,-0.7641612295536543,-0.7641609818688136,-0.7537700497898798,-0.7805499006102133,-0.7805500285289543,-0.7944006338001313,-0.7892672859197533,-0.7878917623867445,-0.7902547907533805,-0.7924719707790151,-0.7907916396477933,-0.7913152017322844,-0.7905916381681107,-0.7908279887513473,-0.7903669123847994,-0.7904988898698234,-0.7909999223111434,-0.7907228305149491,-0.7904307733224751
56,0.30778894,-0.8571797871386937,-0.766251524326913,-0.7662512766420724,-0.7563898091528551,-0.7837611335037161,-0.7837612596506384,-0.7975416554598118,-0.7924336690491537,-0.7911318513639521,-0.7935103806480086,-0.7955239005901726,-0.7938996231109138,-0.7943986108079509,-0.7936891271569282,-0.7939023125608666,-0.7934494843209956,-0.7935746144557954,-0.7940895735997606,-0.7938103831132595,-0.7935515653768638
57,0.31231153,-0.8571797871386937,-0.768341805234571,-0.7683415575497303,-0.7589942559696702,-0.786946869743531,-0.7869469941339936,-0.8006382207187533,-0.7955643740379484,-0.7943339962165786,-0.7967242613739859,-0.7985338704356341,-0.7969646395054387,-0.7974397290870339,-0.7967463281221157,-0.7969350050430584,-0.7964905634809515,-0.7966089725251442,-0.7971375361408233,-0.7968563324351035,-0.7966314348068929
58,0.31683415,-0.8571797871386937,-0.7704321000078297,-0.7704318523229892,-0.7615835583535249,-0.7901071515939742,-0.7901072742433131,-0.8036907021985658,-0.7986596187414844,-0.7974984269503997,-0.7998966610065285,-0.801502601606118,-0.7999874246502453,-0.8004392840415644,-0.7997638695873297,-0.7999267811069608,-0.7994908623178701,-0.799602686568459,-0.8001445203719031,-0.7998613895075752,-0.7996710403273527
59,0.32135677,-0.8571797871386937,-0.7725223947810884,-0.7725221470962479,-0.7641578309884959,-0.7932419578383936,-0.7932420787619565,-0.8066994220173429,-0.8017195645869352,-0.8006253160945128,-0.8030277556270645,-0.8044307504965715,-0.8029686482150855,-0.8033979376335689,-0.802742315363171,-0.8028782902195869,-0.8024510276348353,-0.8025564130673895,-0.8031111710034249,-0.8028261996446263,-0.802670973662404
60,0.3258794,-0.8571797871386937,-0.7746126941762141,-0.7746124464913735,-0.7667172100000725,-0.7963512953236894,-0.7963514145368201,-0.8096647405586551,-0.8047444064229321,-0.803714870595506,-0.8061177614865713,-0.8073189946195671,-0.8059090013059778,-0.806316373218429,-0.8056822520330281,-0.8057902030742681,-0.8053717274951541,-0.8054708291849869,-0.8060381541272598,-0.8057514294977091,-0.8056318475170832
61,0.330402,-0.8571797871386937,-0.776702979705739,-0.7767027320208983,-0.7692618018268456,-0.7994351367185899,-0.7994352542366473,-0.8125869966256668,-0.8077343117078615,-0.8067672696787396,-0.8091668727348463,-0.8101679740931136,-0.8088091368929597,-0.8091952364223338,-0.8085842295398951,-0.8086631526136685,-0.8082535920732962,-0.8083465737178519,-0.8089260979404048,-0.8086377078154062,-0.80855423559802
62,0.3349246,-0.8571797871386937,-0.7787932652352639,-0.7787930175504233,-0.7717917509859331,-0.8024935027327835,-0.8024936185711149,-0.8154665854359201,-0.8106895002716097,-0.8097827462955454,-0.8121753427647179,-0.8129783674234833,-0.8116697469567061,-0.8120352117181204,-0.8114488384511427,-0.8114978104455937,-0.8110972903061241,-0.811184323558011,-0.811775669561284,-0.8114857022140127,-0.8114387503108733
63,0.33944723,-0.8571797871386937,-0.7808835646303895,-0.7808833169455489,-0.7743072001428476,-0.8055264134000084,-0.8055265275739504,-0.8183039115310121,-0.8136101965837488,-0.8127615383317255,-0.8151434352496123,-0.8157508455340241,-0.8144915156816271,-0.8148369759755147,-0.8142766632997674,-0.8142948405137808,-0.8139034834313853,-0.8139847473099221,-0.8145875284667529,-0.8142960726435768,-0.8142859956719918
64,0.34396985,-0.8571797871386937,-0.7829738594036484,-0.7829736117188077,-0.7768082515408185,-0.8085338417269676,-0.8085339542518715,-0.8210993456441438,-0.8164965852433625,-0.8157038432423815,-0.8180713789483482,-0.8184860294049983,-0.8172750763477892,-0.8176011556506663,-0.8170682394144368,-0.8170548563524012,-0.816672782098288,-0.8167484624652022,-0.8173622835202841,-0.8170694284369349,-0.8170965237772668
65,0.34849244,-0.8571797871386937,-0.7850641403113063,-0.7850638926264657,-0.7792950174747431,-0.8115157747521404,-0.8115158856433644,-0.8238532820972752,-0.8193488699300835,-0.8186098782117475,-0.8209594276660946,-0.821184545940897,-0.8200210681977258,-0.8203283832403299,-0.8198241099278342,-0.8197784774359582,-0.8194058028973271,-0.8194760917928133,-0.8201005496208829,-0.8198063849263938,-0.8198708921574358
66,0.35301507,-0.8571797871386937,-0.787154439706432,-0.7871541920215913,-0.7817676581511084,-0.814472258544965,-0.8144723678178424,-0.8265661793129642,-0.8221673158824166,-0.8214799233574175,-0.8238079029238973,-0.8238470677589803,-0.8227301769126679,-0.8230193374981055,-0.8225448665573937,-0.8224663693706261,-0.8221032087033581,-0.8221683035893657,-0.8228029881183367,-0.8225076038426326,-0.8226097047911447
67,0.3575377,-0.8571797871386937,-0.7892447391015576,-0.7892444914167169,-0.7842262718963088,-0.8174032666191071,-0.8174033742889856,-0.8292384382661183,-0.8249521240220173,-0.8243141934941274,-0.8266170664632219,-0.8264741939932942,-0.8254030133217823,-0.8256746229686066,-0.8252310279113301,-0.8251191235866785,-0.8247655879518976,-0.8248256911757604,-0.8254701858603606,-0.8251736724186514,-0.8253134895832309
68,0.3620603,-0.8571797871386937,-0.7913350246310825,-0.7913347769462419,-0.7866709615612393,-0.8203087797857678,-0.8203088858680054,-0.8318704764906997,-0.8277035074777312,-0.8271129161375398,-0.829387197774501,-0.8290665226606991,-0.8280401870480913,-0.8282948431199524,-0.8278831133955886,-0.827737330364996,-0.8273935279127501,-0.8274488460077916,-0.8281027286120357,-0.8278051767717486,-0.8279827727769609
69,0.3665829,-0.8571797871386937,-0.7934253101606075,-0.7934250624757668,-0.7891018611774463,-0.8231888175717215,-0.8231889220816657,-0.834462755810278,-0.8304217209437584,-0.8298763613184226,-0.8321186233927893,-0.8316246781032095,-0.8306423344176377,-0.8308806280838505,-0.830501671374416,-0.8303216065745826,-0.8299876425391759,-0.8300383854657426,-0.8307012289504313,-0.8304027297890456,-0.8306181073105681
70,0.37110552,-0.8571797871386937,-0.7955156049338662,-0.7955153572490256,-0.7915190977569712,-0.8260433925441846,-0.8260434954971762,-0.8370157402644566,-0.8331070170516899,-0.8326047971557398,-0.834811672711467,-0.834149269722364,-0.8332100764722447,-0.8334325929483525,-0.8330872370230541,-0.8328725540148738,-0.8325485306633559,-0.832594911119611,-0.8332662843832518,-0.8329669292646295,-0.8332200304249028
71,0.37562814,-0.8571797871386937,-0.7976058997071249,-0.7976056520222843,-0.7939227755682028,-0.828872491910624,-0.8288725933220104,-0.839529879774447,-0.8357596291299462,-0.8352984723662656,-0.8374666606883621,-0.8366408757831207,-0.8357440025017518,-0.8359513213832924,-0.8356403157305958,-0.8353907430414148,-0.8350767595547927,-0.835118992304039,-0.835798460884544,-0.8354983414389392,-0.8357890470131013
72,0.38015077,-0.8571797871386937,-0.7996961991022505,-0.7996959514174099,-0.7963130136431718,-0.8316761218419889,-0.8316762217271144,-0.8420056496292639,-0.8383798128175691,-0.8379576585493492,-0.840083929486542,-0.8391000825195634,-0.8382447098191362,-0.8384374051688334,-0.8381614231572271,-0.8378767520800596,-0.837572904588732,-0.8376112057121159,-0.8382983326292162,-0.8379975407194525,-0.8383256699923648
73,0.38467336,-0.8571797871386937,-0.8017864800099086,-0.801786232325068,-0.7986898981818272,-0.8344542515961907,-0.8344543499704162,-0.844443500826597,-0.8409677936746723,-0.8405825970054566,-0.842663795995421,-0.841527434937661,-0.8407127537316496,-0.8408913944603501,-0.8406510348128013,-0.8403311178992392,-0.8400374993180802,-0.8400720855424849,-0.8407664319904692,-0.8404650596917245,-0.8408303696431758
74,0.38919598,-0.8571797871386937,-0.8038767747831673,-0.8038765270983267,-0.8010535772581203,-0.8372069242572173,-0.8372070211358804,-0.8468439570958578,-0.8435238702622841,-0.843173603291869,-0.8452066544909181,-0.8439235335198091,-0.8431487458678876,-0.8433138955528588,-0.8431096852346295,-0.84275443339021,-0.842471133661112,-0.8425022215362435,-0.8432033478688159,-0.8429014874246319,-0.8433036734717985
75,0.3937186,-0.8571797871386937,-0.805967069556426,-0.8059668218715854,-0.8034041450682934,-0.8399341213122202,-0.8399342167106685,-0.8492074956391388,-0.8460482877612701,-0.845730939012711,-0.8477128504582291,-0.8462889157072743,-0.8455532336700259,-0.8457054510634947,-0.8455378464357322,-0.8451472277396619,-0.8448743335784505,-0.8449021388377586,-0.8456096051964421,-0.8453073490039337,-0.8457460440107706
76,0.39824122,-0.8571797871386937,-0.8080573643296848,-0.8080571166448441,-0.8057417104023948,-0.8426358427611993,-0.8426359366947804,-0.851534617320127,-0.8485413125429994,-0.8482548874633976,-0.8501827548424963,-0.848624125911262,-0.8479267715809156,-0.8480666107091643,-0.8479359996875779,-0.8475100372172297,-0.8472476321546677,-0.8472723689703134,-0.8479857361220707,-0.8476831766994881,-0.8481579511393399
77,0.4027638,-0.8571797871386937,-0.8101476406154758,-0.8101473929306352,-0.8080663603465416,-0.8453120650469409,-0.8453121575310152,-0.8538258099975965,-0.8510031931187043,-0.8507457140718708,-0.8526167251613707,-0.8509296789872662,-0.8502698839157382,-0.8503978943755525,-0.8503045980042135,-0.8498433682269307,-0.8495915324893237,-0.8496134127821097,-0.8503322428562509,-0.8500294728161139,-0.8505398344582157
78,0.40728644,-0.8571797871386937,-0.8122379446324683,-0.8122376969476278,-0.8103782526222981,-0.8479628471751383,-0.847962938225034,-0.8560816388970882,-0.8534342575016441,-0.8532037648733429,-0.8550152015384995,-0.8532061515011644,-0.8525831576101758,-0.852699884402899,-0.852644159893033,-0.8521477896836114,-0.8519066004962809,-0.8519258331426967,-0.8526496905711709,-0.8523468025864255,-0.8528921976761866
79,0.41180903,-0.8571797871386937,-0.8143282255401264,-0.8143279778552858,-0.8126774361945693,-0.8505881245887696,-0.8505882142198502,-0.8583025703982037,-0.8558347237345976,-0.8556292748644533,-0.8573785194245825,-0.8554540044066257,-0.8548670620198171,-0.8549730462795246,-0.8549550871206983,-0.8544237535361209,-0.8541932846069236,-0.8542100748689916,-0.8549385269111857,-0.8546356136940552,-0.8552154254871827
80,0.41633165,-0.8571797871386937,-0.8164185203133851,-0.8164182726285445,-0.8149640559042819,-0.8531879438953002,-0.8531880321229038,-0.8604891716809407,-0.8582049151058633,-0.8580225856189593,-0.8597071218351152,-0.8576737847096877,-0.8571221538477657,-0.8572179325650549,-0.8572378719205277,-0.8566717989038496,-0.8564521208483876,-0.8564666695790182,-0.8571992872842281,-0.856896441553598,-0.8575099920406556
81,0.42085424,-0.8571797871386937,-0.8185088012210431,-0.8185085535362024,-0.8172381843653552,-0.8557622706038468,-0.8557623574433301,-0.8626419474144674,-0.8605450839937797,-0.8603839672413162,-0.862001385621895,-0.8598659606459583,-0.8593489096700789,-0.8594350162144289,-0.859492927529469,-0.8588923852096988,-0.8586835651974611,-0.8586960682441589,-0.8594324270526064,-0.8591297415058102,-0.8597762906981872
82,0.42537686,-0.8571797871386937,-0.8205990959943018,-0.8205988483094613,-0.8194999535782791,-0.8583111388673177,-0.8583112243340192,-0.8647614655856013,-0.8628555483247548,-0.8627137561664288,-0.8642617554378402,-0.8620310496401027,-0.861547855933856,-0.8616248199827594,-0.8617207197250476,-0.8610860217646611,-0.8608881237856222,-0.8608987712794425,-0.8616384518513363,-0.8613360191388013,-0.8620147663869279
83,0.42989948,-0.8571797871386937,-0.8226893907675605,-0.82268914308272,-0.8217494491422725,-0.860834531524765,-0.860834615634032,-0.8668482566963611,-0.8651365822639812,-0.8650122448242833,-0.8664886363285753,-0.8641695160853292,-0.8637194651191658,-0.8637878130447313,-0.8639216616364872,-0.8632531642327761,-0.8630662488619554,-0.8630752246233926,-0.863817813468701,-0.8635157261627092,-0.8642258100170768
84,0.43442208,-0.8571797871386937,-0.8247796762970855,-0.8247794286122448,-0.8239867608255732,-0.86333243758619,-0.8633325203533764,-0.8689028618071738,-0.867388468460767,-0.8672797343861696,-0.8686824448913423,-0.8662818204442899,-0.8658642056208115,-0.8659244606503145,-0.8660961641910669,-0.8653942643596259,-0.8652183887614106,-0.8652258696777927,-0.8659709598572136,-0.8656693104221796,-0.8664098093294511
85,0.4389447,-0.8571797871386937,-0.8268699710703442,-0.8268697233855036,-0.8262120069755191,-0.8658048791442484,-0.8658049605846955,-0.8709258540621041,-0.8696115219794162,-0.8695165588067518,-0.8708436322876509,-0.868368441914571,-0.8679825647532703,-0.8680352470542101,-0.8682446594084823,-0.8675097929620436,-0.8673450110192716,-0.8673511664335913,-0.8680983582529809,-0.8677972390231634,-0.8685671724204458
86,0.44346732,-0.8571797871386937,-0.8289602658436029,-0.8289600181587623,-0.8284252751701674,-0.8682518450962828,-0.8682519252253383,-0.8729177838906125,-0.8718060303987357,-0.871723024500017,-0.8729726257186693,-0.8704298224434874,-0.8700749919056598,-0.870120618884927,-0.8703675427100178,-0.8696001831811289,-0.869446545332261,-0.8694515364964948,-0.8702004381101955,-0.8698999412558295,-0.8706982699420088
87,0.44798994,-0.8571797871386937,-0.8310505606168617,-0.831050312932021,-0.8306266618615311,-0.8706733354422936,-0.8706734142753051,-0.8748792152025638,-0.8739722936195702,-0.8738994504211689,-0.8750698670539315,-0.8724664042720317,-0.872141936663422,-0.8721810231203975,-0.8724652115071755,-0.8716658685374381,-0.8715234218098147,-0.8715274013378533,-0.8722776293713073,-0.8719778468721234,-0.8728034740047572
88,0.45251256,-0.8571797871386937,-0.8331408553901204,-0.8331406077052799,-0.8328162624688277,-0.8730693501822806,-0.8730694277345956,-0.8768107159414632,-0.8761106136879514,-0.8760461578068932,-0.8771358027325862,-0.8744786206094846,-0.8741838393389401,-0.8742168976549166,-0.8745380555418765,-0.8737072734809019,-0.8735760614763496,-0.873579172832566,-0.8743303529643798,-0.8740313765814504,-0.8748831486187908
89,0.45703515,-0.8571797871386937,-0.8352311362977785,-0.8352308886129378,-0.8349941569840613,-0.875439873676185,-0.8754399499631597,-0.8787128452712284,-0.8782212807300716,-0.8781634560622666,-0.8791708700381655,-0.8764668826021934,-0.8762011177511431,-0.8762286581130465,-0.8765864433981081,-0.8757248001676695,-0.8756048629742382,-0.8756072399968995,-0.8763590075078369,-0.876060928749231,-0.8769376363111285
90,0.46155778,-0.8571797871386937,-0.8373214356929041,-0.8373211880080634,-0.8371604724722251,-0.8777849425301362,-0.8777850175671067,-0.8805862076682691,-0.8803046331923874,-0.8802517031641401,-0.881175554960279,-0.8784316363325883,-0.8781942250531165,-0.8782167555230826,-0.8786107811630673,-0.8777188863035096,-0.8776102607327434,-0.8776120271696688,-0.8783640274728832,-0.8780669375861095,-0.8789673170979959
91,0.4660804,-0.8571797871386937,-0.8394117304661628,-0.8394114827813222,-0.8393152772708289,-0.8801045305647105,-0.8801046043670273,-0.8824313604222593,-0.8823609553173821,-0.8823112028237652,-0.88315029320799,-0.8803732664534382,-0.8801635519634952,-0.8801815788106468,-0.8806114130804722,-0.8796899073561396,-0.8795926266325023,-0.879593895744572,-0.880345784857675,-0.8800497747775325,-0.8809725089916653
92,0.470603,-0.8571797871386937,-0.8415020159956877,-0.8415017683108471,-0.8414586581529028,-0.8823986329045307,-0.8823987054875467,-0.8842488808742736,-0.8843905518915962,-0.8843422794743105,-0.8850955421300271,-0.8822921668184911,-0.8821094984306364,-0.8821235262626435,-0.8825886942520067,-0.8816382482233136,-0.88155234207331,-0.8815532162461927,-0.8823046612519089,-0.8820098215793861,-0.8829535410658189
93,0.4751256,-0.8571797871386937,-0.8435923015252126,-0.843592053840372,-0.8435907151293341,-0.8846672598636438,-0.8846673312427066,-0.8860393609425271,-0.8863937424919728,-0.8863452724335009,-0.8870117748490577,-0.8841887353847,-0.8840324684494402,-0.884043000373127,-0.8845429853248615,-0.8835642980749523,-0.8834897927935487,-0.8834903631913819,-0.884241042648609,-0.8839474636310197,-0.8849107482421055
94,0.47964823,-0.8571797871386937,-0.8456826009203383,-0.8456823532354977,-0.8457115517344441,-0.8869104262371709,-0.8869104964276201,-0.887803398199803,-0.888370851773911,-0.888320526138325,-0.8888994706886889,-0.8860633653354417,-0.8859328610521456,-0.8859403988624017,-0.8864746432797105,-0.8854684413494633,-0.8854053598177856,-0.8854057060779688,-0.8861553103902714,-0.8858630818983114,-0.8868444621797799
95,0.48417085,-0.8571797871386937,-0.847772895693597,-0.8477726480087564,-0.8478212376998289,-0.889128112016638,-0.8891281810338239,-0.8895415647962719,-0.8903221747519633,-0.8902683554746584,-0.8907590818978,-0.8879164123668033,-0.8878110371502743,-0.8878160815636982,-0.8883839876567894,-0.88735102451982,-0.887299386021395,-0.8872995759904263,-0.8880478077599356,-0.887757019239568,-0.8887549776130402
96,0.48869348,-0.8571797871386937,-0.8498631950887227,-0.849862947403882,-0.8499198699905861,-0.8913203270091296,-0.891320394868397,-0.8912544580099466,-0.892248033614239,-0.8921891025372936,-0.8925910877266937,-0.8897482487883362,-0.8896673743807328,-0.8896704251800686,-0.8902713562395566,-0.8892124110451218,-0.8891722314114409,-0.8891723209134761,-0.8899188952258712,-0.8896296356886604,-0.8906426082312512
97,0.49321607,-0.8571797871386937,-0.8519534759963807,-0.8519532283115401,-0.852007512233274,-0.8934870472320631,-0.8934871139487698,-0.8929426500982075,-0.8941487216003917,-0.8940830806062922,-0.8943959407644781,-0.8915592104549549,-0.8915022133199281,-0.8915037695671284,-0.8921370503149462,-0.8910529274564404,-0.8910242188847288,-0.8910242515352078,-0.8917688962446778,-0.8914812542163952,-0.8925076320416164
98,0.4977387,-0.8571797871386937,-0.8540437753915063,-0.8540435277066657,-0.8540842871706071,-0.8956283110125072,-0.8956283766019908,-0.8946067629304717,-0.8960245871752414,-0.8959506580315364,-0.8961741467152899,-0.8933496771786902,-0.8933159389596101,-0.8933164991370224,-0.8939814174564154,-0.8928729450780892,-0.892855716457261,-0.8928557235144687,-0.8935981794052611,-0.8933122429451806,-0.8943503742600027
99,0.5022613,-0.8571797871386937,-0.8561340609210313,-0.8561338132361906,-0.8561502475439331,-0.8977440851240877,-0.897744149601703,-0.8962473634290365,-0.8978759164657294,-0.8977921410921743,-0.8979261526041317,-0.8951199609234648,-0.8951088674313643,-0.8951089296697405,-0.8958047362837418,-0.894672766395442,-0.8946670229228715,-0.8946670231843393,-0.89540704421278,-0.8951229008320135,-0.8961710922474443
100,0.5067839,-0.8571797871386937,-0.8582243464505561,-0.8582240987657155,-0.8582054912049185,-0.899834383854961,-0.8998344472360557,-0.8978650559217658,-0.8997030374804651,-0.8996078777914531,-0.8996524454651686,-0.8968704054322058,-0.896881346937658,-0.8968814091751918,-0.8976073190386514,-0.8964527263183635,-0.896458469752067,-0.8964584694906045,-0.8971958228711733,-0.8969135595430124,-0.897970078143808
101,0.5113065,-0.8571797871386937,-0.8603146319800811,-0.8603143842952404,-0.8602501013237114,-0.9018992072051273,-0.9018992695050487,-0.8994604337700449,-0.9015062657833212,-0.9013982037427627,-0.901353500621683,-0.8986013346422832,-0.8986337054936595,-0.8986342656685443,-0.8993894583907349,-0.8982131397498668,-0.8982303683318399,-0.8982303612746799,-0.8989648275841325,-0.8986845307064044,-0.8997476058292739
102,0.51582915,-0.8571797871386937,-0.8624049406189405,-0.8624046929340998,-0.8622841826417501,-0.9039385775799522,-0.9039386388140362,-0.9010341074637164,-0.9032859364035962,-0.9031634738523944,-0.9030298116218105,-0.9003130835273627,-0.9003662821533533,-0.900367838401847,-0.9011514591405677,-0.8999543329520401,-0.8999830415356702,-0.8999830088851506,-0.9007143820752017,-0.9004361374669847,-0.9015039626671498
103,0.52035177,-0.8571797871386937,-0.8644952353921992,-0.8644949877073587,-0.8643077805744975,-0.9059524587365464,-0.9059525189201477,-0.9025866417886897,-0.9050423329521509,-0.9049039920054088,-0.9046818232914092,-0.902005930131339,-0.9020793582181308,-0.9020824090308461,-0.9028935682110524,-0.9016765744109803,-0.9017167541326236,-0.9017166646300007,-0.9024447521217324,-0.9021686449381897,-0.9032393798366214
104,0.5248744,-0.8571797871386937,-0.8665855347873249,-0.8665852871024843,-0.8663209937184542,-0.907940868655531,-0.9079409278039948,-0.9041186426275669,-0.9067757859634114,-0.9066201086094949,-0.9063100241841364,-0.9036801903596703,-0.9037732531835253,-0.9037782976141601,-0.9046160721784956,-0.9033801712588431,-0.9034318098451226,-0.9034316198751219,-0.904156242441204,-0.903882357201585,-0.9049541296670089
105,0.529397,-0.8571797871386937,-0.8686758203168498,-0.8686755726320091,-0.8683238841395374,-0.9099037899195787,-0.9099038480482594,-0.905630687512108,-0.9084865945370986,-0.9083121428952498,-0.9079148726275521,-0.9053361427502316,-0.9054482486028351,-0.905455786422007,-0.9063192198036565,-0.9050653927468635,-0.9051284743156978,-0.9051281280549028,-0.9058491198004884,-0.9055775403237168,-0.9066484485483064
106,0.53391963,-0.8571797871386937,-0.8707661197119755,-0.8707658720271348,-0.870316557397539,-0.9118412485701866,-0.911841305694425,-0.9071233860914514,-0.9101750949277838,-0.9099804507902308,-0.9094968609376638,-0.9069740949689447,-0.9071046553583735,-0.9071151872926049,-0.9080032903977685,-0.9067325379104201,-0.9068070432289117,-0.9068064728302271,-0.9075236809931173,-0.9072544904229266,-0.9083226050795264
107,0.5384422,-0.8571797871386937,-0.8728563913758997,-0.872856143691059,-0.8722990521217397,-0.9137532063055527,-0.9137532624407098,-0.9085972967692035,-0.9118415664241871,-0.9116253318646033,-0.9110564269848866,-0.9085942928100248,-0.908742721625758,-0.9087567494450858,-0.9096685002105745,-0.9083818429565348,-0.9084677490680041,-0.9084668748962971,-0.9091801598109832,-0.9089134405115311,-0.9099768070752063
108,0.5429648,-0.8571797871386937,-0.8749466769054245,-0.874946429220584,-0.8742714852523582,-0.9156397014274792,-0.9156397565888955,-0.9100530350190925,-0.913486354033821,-0.9132471505094262,-0.912594068921822,-0.9101970394614187,-0.9103627534766348,-0.9103807803094023,-0.9113151250117952,-0.9100136026607201,-0.9101108833459179,-0.9101096142353515,-0.9108188489789437,-0.9105546826063147,-0.9116113235024949
109,0.54748744,-0.8571797871386937,-0.8770369809224171,-0.8770367332375765,-0.8762339375207365,-0.9175007375157728,-0.9175007917187875,-0.9114911873425806,-0.9151097713180774,-0.9148462399265259,-0.9141102539697123,-0.9117826014243942,-0.9119650197390337,-0.9119875502139395,-0.9129434033340253,-0.9116280746109445,-0.9117367001934762,-0.9117349337559774,-0.9124400039735513,-0.9121784714099351,-0.9132263883906597
110,0.55201006,-0.8571797871386937,-0.8791272756956758,-0.8791270280108352,-0.8781864586549419,-0.9193362897118472,-0.9193363429718121,-0.9129123156893911,-0.9167121056652452,-0.9164229074546839,-0.9156054232931254,-0.9133512135242117,-0.913549757094758,-0.9135772974504895,-0.914553541652237,-0.9132254842933022,-0.9133454214734908,-0.9133430444516161,-0.9140438481449809,-0.9137850294319751,-0.91482220616699
111,0.5565327,-0.8571797871386937,-0.8812175797126683,-0.8812173320278277,-0.8801291409890208,-0.9211463742501169,-0.9211464265823757,-0.9143170109214003,-0.9182936787970982,-0.9179774941290203,-0.9170800482949049,-0.9149031382350634,-0.9151172300225993,-0.9151502883956274,-0.9161457752767566,-0.9148060855049249,-0.9149372976207141,-0.9149341862565951,-0.9156306333777081,-0.9153746077502171,-0.9163990121241441
112,0.5610553,-0.8571797871386937,-0.8833078652421933,-0.8833076175573527,-0.8820620331243312,-0.9229309672859247,-0.9229310187058329,-0.9157058296433325,-0.9198547757379353,-0.9195103047741289,-0.918534564140239,-0.9164385963050521,-0.9166676607100619,-0.9167067472013526,-0.9177202971286992,-0.9163700897088357,-0.9165125364976934,-0.9165085569645306,-0.917200569161513,-0.9169474149619263,-0.9179570019156799
113,0.5655779,-0.8571797871386937,-0.8853981507717181,-0.8853979030868776,-0.8839852258485261,-0.9246900849410254,-0.9246901354639305,-0.9170793560284349,-0.921395714599177,-0.9210216765853908,-0.9199694346370343,-0.9179578353813194,-0.9182012983658905,-0.9182469253522173,-0.9192773281372288,-0.9179177359301207,-0.9180713737905875,-0.9180663826252252,-0.9187538927616923,-0.91850368747784,-0.919496401355524
114,0.57010055,-0.8571797871386937,-0.8874884594105776,-0.8874882117257371,-0.885898813090192,-0.9264237462410287,-0.9264237958822688,-0.9184381729557077,-0.9229168141306516,-0.9225119471553017,-0.9213851217650877,-0.9194610984526608,-0.9197183873295203,-0.919771069686569,-0.9208170848215167,-0.9194492586250118,-0.9196140406530906,-0.9196078852292311,-0.9202908369552083,-0.9200436572061569,-0.9210174343443835
115,0.5746231,-0.8571797871386937,-0.889578721830768,-0.8895784741459274,-0.8878028036400719,-0.9281318941091058,-0.9281319428840473,-0.9197827994984139,-0.9244183241057973,-0.9239813863546016,-0.9227820207483223,-0.9209485549660275,-0.9212190975787921,-0.9212793525471568,-0.9223397087865677,-0.920964817496662,-0.9211406930084873,-0.9211332121031026,-0.9218115596102197,-0.9215674809873561,-0.9225202533793101
116,0.5791457,-0.8571797871386937,-0.891669007360293,-0.8916687596754523,-0.8896973321866196,-0.9298145856220854,-0.9298146335460663,-0.9211138400644275,-0.9259005922454973,-0.9254303597689896,-0.9241606151962182,-0.922420466109138,-0.9227036915089406,-0.9227720393692957,-0.9238454359702308,-0.9224646658964679,-0.9226515811813321,-0.9226426054322443,-0.9233163126730739,-0.9230754099201586,-0.9240051067491337
117,0.58366835,-0.8571797871386937,-0.8937593159991524,-0.8937590683143117,-0.8915824690877155,-0.9314718199350318,-0.9314718670233902,-0.9224318491787182,-0.9273639130606444,-0.926859180621264,-0.9255213362626293,-0.9238770354683896,-0.9241723732237603,-0.924249337262253,-0.9253344436972782,-0.9239489986751694,-0.9241468966413655,-0.9241362491496119,-0.9248052894846253,-0.9245676363757798,-0.9254721875470844
118,0.588191,-0.8571797871386937,-0.8958496246380119,-0.8958493769531712,-0.8934582633190158,-0.9331035783039774,-0.9331036245720614,-0.9237373621387057,-0.9288085626074999,-0.9282681439163384,-0.9268645948407289,-0.9253184432433956,-0.9256253230930058,-0.925711429688724,-0.9268068858021942,-0.9254179870362749,-0.9256268071079837,-0.9256143040506395,-0.9262786597712013,-0.9260443290511438,-0.9269216685256012
119,0.5927136,-0.8571797871386937,-0.8979399101675367,-0.8979396624826961,-0.89532476357749,-0.9347098431115454,-0.9347098885747114,-0.9250309096120827,-0.9302348150119141,-0.9296575426060649,-0.9281907967473035,-0.9267448626924848,-0.9270627143467373,-0.9271584931402715,-0.9282629094895617,-0.9268717952970885,-0.9270914734355988,-0.9270769246885296,-0.9277365864647448,-0.9275056498233063,-0.9283537188155871
120,0.5972362,-0.8571797871386937,-0.9000301956970617,-0.900029948012221,-0.8971820592480549,-0.9362906325384063,-0.9362906772120019,-0.9263130455222706,-0.9316429732256013,-0.9310276974810842,-0.9295003711407318,-0.928156491088829,-0.9284847442542548,-0.9285907285479974,-0.9297026869193579,-0.9283106124476842,-0.9285410814118353,-0.9285242911421593,-0.9291792573446165,-0.928951785469067,-0.9297685350190481
121,0.60175884,-0.8571797871386937,-0.9021204997140543,-0.9021202520292136,-0.8990302345572247,-0.9378459602278295,-0.9378460041271952,-0.9275843147449198,-0.9330333332906443,-0.9323789222652522,-0.9307937371344656,-0.9295535142091018,-0.9298915983165743,-0.9300083252668326,-0.9311263789274513,-0.9297346159663558,-0.9299758053065224,-0.9299565726237091,-0.9306068487400777,-0.9303829112887233,-0.9311663055352438
122,0.60628146,-0.8571797871386937,-0.904210794487313,-0.9042105468024724,-0.900869332180573,-0.9393758053769359,-0.939375848517423,-0.9288452280083854,-0.934406157269007,-0.9337114973619038,-0.9320712784425821,-0.9309360790474521,-0.9312834228070744,-0.9314114333810914,-0.9325341072968292,-0.9311439440077209,-0.9313957798501715,-0.9313738995301922,-0.9320194976581654,-0.9317991631610271,-0.9325471834591864
123,0.610804,-0.8571797871386937,-0.9063010522856364,-0.9063008046007958,-0.9026993946147337,-0.9408801485347469,-0.9408801909317158,-0.9300962902810681,-0.9357617047975134,-0.9350257005951521,-0.9333333725377617,-0.9323043253951374,-0.9326603565990331,-0.9328001957398513,-0.9339259870441101,-0.9325387275942231,-0.9328011326677209,-0.932776395848999,-0.9334173340696574,-0.9332006699038821,-0.9339113184149817
124,0.61532664,-0.8571797871386937,-0.908391356302629,-0.9083911086177884,-0.9045205605833385,-0.9423590494061003,-0.9423590910748821,-0.9313380660895566,-0.937100303495732,-0.936321875326671,-0.9345804560906216,-0.9336584571944179,-0.9340226029339191,-0.9341748203964914,-0.9353021989439532,-0.9339191633636308,-0.9341920575818956,-0.9341642523052485,-0.9348005537975931,-0.9345876263633841,-0.9352589276047025
125,0.61984926,-0.8571797871386937,-0.9104816510758877,-0.9104814033910471,-0.9063328468314259,-0.9438124680751112,-0.943812509031057,-0.9325710302032498,-0.9384221875437923,-0.9376002739975995,-0.935812874499403,-0.9349985795222829,-0.935370265385632,-0.9355354151427446,-0.9366628237826379,-0.9352853473945225,-0.9355686471802089,-0.9355375592865638,-0.9361692519874059,-0.9359601264438026,-0.9365901334737161
126,0.6243719,-0.8571797871386937,-0.9125719550928802,-0.9125717074080396,-0.9081363340571832,-0.9452404173964407,-0.9452404576548948,-0.9337956943954601,-0.9397276350069061,-0.938861191212753,-0.937031009612798,-0.9363248372858407,-0.9367034874243844,-0.9368821282891938,-0.9380079834645304,-0.9366374165980684,-0.9369310352807694,-0.9368964490207213,-0.9375235648029309,-0.9373183051788577,-0.9379051020432803
127,0.62889445,-0.8571797871386937,-0.9146622175130706,-0.91466196982823,-0.9099310426408629,-0.9466428632308505,-0.9466429028071741,-0.9350125225588315,-0.941016876963458,-0.9401048758326002,-0.9382351948479613,-0.9376373231328987,-0.938022359806274,-0.9382150551708621,-0.9393377475604958,-0.9379754548448541,-0.9382793023467573,-0.9382410012194027,-0.9388635753797332,-0.9386622444253085,-0.9392039515339671
128,0.63341707,-0.8571797871386937,-0.9167525122863294,-0.9167522646014887,-0.9117170995559203,-0.9480198553634366,-0.9480198942729668,-0.9362220436622146,-0.9422902175280969,-0.941331646784207,-0.939425827118017,-0.9389361995598379,-0.9393270432883963,-0.9395343621524546,-0.9406522571159869,-0.9392996174554982,-0.9396136009302911,-0.9395713681857818,-0.940189438506291,-0.9399920979076659,-0.9404868733906867
129,0.6379397,-0.8571797871386937,-0.918842811681455,-0.9188425639966143,-0.9134945436875505,-0.949371374850183,-0.9493714131082658,-0.9374247194560903,-0.94354789359262,-0.9425417577015418,-0.9406032357196311,-0.9402215561793441,-0.9406176251874289,-0.9408401416796202,-0.9419515800574614,-0.9406099856954251,-0.9409340090573189,-0.9408876285966442,-0.941501234897742,-0.9413079450683487,-0.9417539910886692
130,0.6424623,-0.8571797871386937,-0.9209330972109799,-0.9209328495261393,-0.9152634215780301,-0.9506974099066829,-0.9506974475286702,-0.9386210092028975,-0.9447901440172061,-0.9437354637483081,-0.9417677467424256,-0.9414934799908422,-0.9418941900212259,-0.942132483633067,-0.9432357825345221,-0.9419066384197653,-0.9422406024217073,-0.942189859510263,-0.9427990429612498,-0.9426098630383953,-0.9430054299409238
131,0.6469849,-0.8571797871386937,-0.9230233827405048,-0.9230231350556641,-0.9170238066540081,-0.951997969582476,-0.9519980065837153,-0.9398113823688933,-0.9460172226150085,-0.9449130340182498,-0.9429196951578631,-0.9427520687476116,-0.9431568329037416,-0.9434114889192409,-0.9445049424220024,-0.9431896657064931,-0.9435334681256251,-0.9434781500464215,-0.944082952431529,-0.9438979403211919,-0.9442413302807442
132,0.6515075,-0.8571797871386937,-0.9251136682700297,-0.9251134205851891,-0.9187757599331173,-0.9532730538775619,-0.9532730902734006,-0.9409962917900967,-0.9472293702151265,-0.9460747246416701,-0.9440593985345143,-0.9439974023638131,-0.944405630835478,-0.9446772404239298,-0.9457591204838346,-0.9444591397132645,-0.9448126753152928,-0.9447525721079727,-0.9453530351962083,-0.9451722475286439,-0.9454618194074125
133,0.6560301,-0.8571797871386937,-0.9272039537995547,-0.927203706114714,-0.920519341849869,-0.9545226627919409,-0.9545226985977263,-0.9421761814298835,-0.9484268229279733,-0.9472207867303822,-0.9451871646433597,-0.9452295513065705,-0.9456406511312132,-0.9459298115378316,-0.9469983689319416,-0.945715123239229,-0.9460782838106352,-0.9460131889756499,-0.9466093538681031,-0.9464328459805094,-0.9466670200031225
134,0.66055274,-0.8571797871386937,-0.9292942578165472,-0.9292940101317065,-0.9222546275735691,-0.9557468070397659,-0.9557468422708407,-0.9433514965164305,-0.9496098224180636,-0.9483514761757668,-0.9463033010364423,-0.9464485871360646,-0.9468619619767189,-0.9471692768752396,-0.9482227420768548,-0.9469576804746326,-0.9473303549394412,-0.9472600660852762,-0.9478519725342073,-0.9476797984923518,-0.9478570605491078
135,0.6650754,-0.8571797871386937,-0.9313845710772736,-0.9313843233924329,-0.9239816685559352,-0.9569454807006662,-0.9569455153723756,-0.9445226572809893,-0.9507785894678771,-0.9494670283515434,-0.9474080900105296,-0.9476545552197473,-0.948069605085239,-0.9483956845344308,-0.9494322689774849,-0.948186849194155,-0.948568923519937,-0.9484932431109159,-0.9490809289446785,-0.9489131414696643,-0.9490320488042205
136,0.66959804,-0.8571797871386937,-0.9334748750942662,-0.9334746274094256,-0.9257005082506216,-0.9581186731731492,-0.9581187073008435,-0.9456900693081576,-0.9519333349487992,-0.9505676686543398,-0.9485017987520722,-0.9488474859007097,-0.9492636069118724,-0.9496090674439115,-0.9506269648108097,-0.9494026521503075,-0.9497940093442515,-0.9497127453970504,-0.9502962459188926,-0.9501328963503216,-0.9501920829519745
137,0.67412066,-0.8571797871386937,-0.9355651698675249,-0.9355649221826843,-0.9274112049380088,-0.9592663847951922,-0.9592664183942213,-0.9468541387831692,-0.9530742750394547,-0.9516536269978042,-0.949584693633365,-0.9500274101562153,-0.9504439943273835,-0.9508094592896048,-0.9518068466359071,-0.9506051130393403,-0.9510056332687667,-0.9509185999589649,-0.9514979473054856,-0.9513390856238673,-0.9513372669726722
138,0.6786433,-0.8571797871386937,-0.9376554738845174,-0.9376552261996768,-0.9291138313707181,-0.9603886257176513,-0.9603886588033606,-0.9480152721132311,-0.9542016304925365,-0.9527251370328511,-0.9506570395120337,-0.951194358825982,-0.9516107938193813,-0.9519968937411407,-0.9529719326214144,-0.95179425571764,-0.9522038164261512,-0.9521108346685655,-0.9526860571866071,-0.9525317320384231,-0.9524677099399769
139,0.68316585,-0.8571797871386937,-0.9397457363047078,-0.9397454886198672,-0.9308084034025079,-0.9614853692367514,-0.9614854018244985,-0.9491738269810398,-0.9553155794112125,-0.9537823912789247,-0.9517190546670925,-0.9523483136345151,-0.9527639825323545,-0.9531713546104701,-0.9541221932604245,-0.9529700543009536,-0.9533885299479752,-0.9532894282105515,-0.9538605500255901,-0.9537108085572987,-0.9535834787622914
140,0.68768847,-0.8571797871386937,-0.9418360310779665,-0.9418357833931259,-0.9324950375794963,-0.9625566543223697,-0.9625566864274943,-0.9503302197958772,-0.956416360943091,-0.9548256395683349,-0.9527710094992831,-0.9534893145031497,-0.9539035955249635,-0.9543328850649079,-0.9552576584688638,-0.9541325425169649,-0.9545598051493455,-0.9544544196820459,-0.9550214599054138,-0.9548763480222885,-0.9546847021487836
141,0.6922111,-0.8571797871386937,-0.9439263304730922,-0.9439260827882515,-0.9341737673266378,-0.9636024660861968,-0.9636024977240455,-0.9514847999019449,-0.9575041541140358,-0.9558550739925735,-0.9538131109928291,-0.9546173339676702,-0.9550296002537275,-0.9554814598207232,-0.9563782924339702,-0.9552816857490357,-0.9557176046040272,-0.9556057803034685,-0.956168752706263,-0.956028314836296,-0.9557714492770251
142,0.6967337,-0.8571797871386937,-0.9460166160026171,-0.9460163683177765,-0.935844633336956,-0.9646227954476313,-0.9646228266335546,-0.9526379109720955,-0.9585791375871875,-0.9568708856936561,-0.954845559458884,-0.9557323389655028,-0.9561419583559418,-0.9566170480141085,-0.9574840553933587,-0.9564174440059436,-0.956861885595527,-0.956743476529709,-0.9573023890214839,-0.9571666681203673,-0.9568437897998817
143,0.7012563,-0.8571797871386937,-0.948106901532142,-0.9481066538473014,-0.9375077017418026,-0.9656176494283587,-0.9656176801777041,-0.9537899034717965,-0.9596415009309986,-0.9578732754388039,-0.9558685593781377,-0.9568343024669189,-0.957240637228335,-0.9577396250577137,-0.9585749151745919,-0.9575397837713728,-0.9579926120566657,-0.9578674818848094,-0.958422335972892,-0.958291373583362,-0.9579018051006968
144,0.7057789,-0.8571797871386937,-0.9501971870616669,-0.9501969393768263,-0.9391630269989594,-0.966587028028379,-0.9665870583564942,-0.9549411089387341,-0.960691420465194,-0.9588624307503086,-0.9568822961866166,-0.9579231783420773,-0.9583255849396357,-0.9588491470500025,-0.9596508223068925,-0.9586486524064318,-0.9591097287814729,-0.9589777512892756,-0.9595285416540108,-0.9594023778622733,-0.9589455642314374
145,0.7103015,-0.8571797871386937,-0.9522874725911918,-0.9522872249063512,-0.9408106630602814,-0.9675309312476924,-0.9675309611699245,-0.9560918474572395,-0.9617290664183282,-0.9598385326722865,-0.9578869430539503,-0.9589989086994029,-0.9593967375589829,-0.9599455582466059,-0.9607117173973969,-0.9597439856319341,-0.9602131689661089,-0.9600742285305602,-0.960620942600756,-0.960499616024217,-0.9599751311394472
146,0.71482414,-0.8571797871386937,-0.9543777766081843,-0.9543775289233438,-0.9424506778488814,-0.9684493670966472,-0.9684493966283404,-0.9572424376498262,-0.9627546118466876,-0.9608017641288291,-0.9588826694917701,-0.9600614330419561,-0.9604540282646983,-0.9610288003967381,-0.9617575402112177,-0.9608257168554007,-0.9613028636064294,-0.9611568555683515,-0.9616994730886957,-0.961583020907411,-0.9609905735602762
147,0.7193467,-0.8571797871386937,-0.9564680436502416,-0.956467795965401,-0.9440830809082967,-0.969342311544198,-0.9693423407007068,-0.95839314561506,-0.9637681874524127,-0.9617522675085581,-0.9598695973644961,-0.9611106413973739,-0.9614973407221927,-0.9620987649526892,-0.9627881836594201,-0.961893729462973,-0.962378693441711,-0.9622255247626493,-0.9627640175721516,-0.962652475344377,-0.9619919184033157
148,0.7238693,-0.8571797871386937,-0.9585583291797666,-0.9585580814949259,-0.9457079681214169,-0.9702097886213904,-0.9702098174180585,-0.959544286517352,-0.9647699716630105,-0.9626902291932153,-0.9608478884212458,-0.9621464675351988,-0.962526601811482,-0.9631553881177262,-0.963803585533179,-0.9629479517202172,-0.9634405845540956,-0.9632801738125921,-0.9638145052897767,-0.9637079072006824,-0.9629792409219876
149,0.72839195,-0.8571797871386937,-0.960648637818626,-0.9606483901337854,-0.9473253948431336,-0.9710517994858748,-0.9710518279380461,-0.9606961353919453,-0.9657601112512977,-0.9636158049990516,-0.9618176671592353,-0.9631688066451947,-0.9635416997163707,-0.9641985669174643,-0.9648036475595108,-0.9639882729682976,-0.9644884239498774,-0.9643207018539169,-0.9648508267096501,-0.9647492054429825,-0.9639525862004767
150,0.73291457,-0.8571797871386937,-0.9627389325918847,-0.9627386849070442,-0.9489353839230215,-0.9718683290745485,-0.9718683571975728,-0.9618489320191397,-0.9667387269799053,-0.9645291256162498,-0.9627790259756248,-0.9641775212472375,-0.9645424898823952,-0.9652281651936323,-0.9657882414980531,-0.9650145496628288,-0.965522065649444,-0.9653469754928993,-0.9658728395806914,-0.9657762262090173,-0.9649119750657306
151,0.7374372,-0.8571797871386937,-0.9648292319870104,-0.9648289843021698,-0.9505380006873627,-0.9726593847781391,-0.9726594125873635,-0.9630029342536305,-0.9677059592948486,-0.9654303392867202,-0.9637320699329898,-0.9651724882966926,-0.9655288417782881,-0.9662440616741571,-0.9667572552500789,-0.9660266533098004,-0.9665413789705549,-0.9663588767153606,-0.9668804166780615,-0.9667888407851462,-0.9658574490516112
152,0.7419598,-0.8571797871386937,-0.9669195175165353,-0.9669192698316946,-0.9521332815812596,-0.9734249597692126,-0.9734249872799867,-0.96415836690396,-0.9686619247079382,-0.9663195710523296,-0.964676873944973,-0.9661535541477901,-0.9665005941987044,-0.9672461040103173,-0.9677105489129947,-0.9670244246454923,-0.9675462023799497,-0.9673562570285588,-0.9678734001653473,-0.9677868897482869,-0.9667890276719477
153,0.74648243,-0.8571797871386937,-0.969009816911661,-0.9690095692268204,-0.9537212978783363,-0.9741650642044266,-0.9741650914320961,-0.9653154675365163,-0.9696067540929942,-0.9671969584109102,-0.9656135205156309,-0.9671205738743086,-0.9674575942382403,-0.9682341489273492,-0.968647993110354,-0.968007713636468,-0.968536383779153,-0.9683389774178022,-0.9688516414111242,-0.968770222983706,-0.9677067459139183
154,0.75100505,-0.8571797871386937,-0.9711001116849196,-0.971099864000079,-0.9553020851387312,-0.9748796913690052,-0.974879718328918,-0.9664744352364055,-0.9705405503346627,-0.9680626119113556,-0.9665420578628521,-0.968073367776505,-0.968399654214828,-0.9692080178001096,-0.969569426784917,-0.968976335249912,-0.9695117359636223,-0.9693068641001858,-0.9698149569705697,-0.9697386554431056,-0.9686106130655574
155,0.7555276,-0.8571797871386937,-0.97319037410511,-0.9731901264202694,-0.9568756717836806,-0.9755688324581911,-0.9755688591656989,-0.9676354508147408,-0.9714634057004958,-0.9689166313746113,-0.9674625169382384,-0.9690117393355981,-0.969326569499378,-0.970167514972543,-0.9704746748019585,-0.9699300877272717,-0.9704720550296884,-0.970259726765128,-0.9707631467864752,-0.9706919854345321,-0.9695006299003686
156,0.76005024,-0.8571797871386937,-0.9752806781221026,-0.975280430437262,-0.9584421621930305,-0.9762325116836175,-0.9762325381540627,-0.9687987384036576,-0.9723754501140927,-0.9697591504693722,-0.9683749597307787,-0.9699355241063795,-0.9702381667645424,-0.9711124777706694,-0.9713635950311833,-0.9708688022695737,-0.9714171703996025,-0.9711974081690978,-0.9716960435640724,-0.9716300442718384,-0.9703768351535624
157,0.76457286,-0.8571797871386937,-0.9773709728953613,-0.9773707252105207,-0.9600015664171557,-0.9768707123117712,-0.9768707385605027,-0.9699644394837181,-0.9732767514034231,-0.9705902444334917,-0.9692793796924102,-0.9708444883805223,-0.9711342039150802,-0.9720426728720375,-0.9722359806916564,-0.971792240048554,-0.9723468411263366,-0.9721196812132913,-0.9726134103914394,-0.9725525933379999,-0.9712392095250006
158,0.7690955,-0.8571797871386937,-0.9794612769123539,-0.9794610292275132,-0.9615539461290672,-0.9774834399871738,-0.977483466029538,-0.9711327206467043,-0.9741674006544188,-0.9714100090126769,-0.970175786944934,-0.9717384158927203,-0.9720144557169419,-0.972957884971606,-0.9730916439745059,-0.9727001803310767,-0.9732608446240069,-0.9730263369475812,-0.9735150283400348,-0.973459412164051,-0.9720877580258623
159,0.7736181,-0.8571797871386937,-0.9815515624418788,-0.9815513147570382,-0.9630993282301076,-0.9780706867500075,-0.9780707126013539,-0.9723037091006981,-0.9750474620260893,-0.97221851413344,-0.9710641580113902,-0.9726170571494247,-0.9728786638275627,-0.9738578649348083,-0.9739303673771686,-0.9735923689973586,-0.9741589248376314,-0.9739171331146887,-0.9744006453108178,-0.9743502469898957,-0.9729224619959318
160,0.7781407,-0.8571797871386937,-0.9836418479714037,-0.9836416002865631,-0.9646377735042426,-0.9786324581321342,-0.9786324838078103,-0.973477544226991,-0.9759170120799932,-0.9730158400943011,-0.9719444754135884,-0.9734801689463689,-0.9737265757158825,-0.9747423702529051,-0.9747519415556085,-0.9744685586799227,-0.9750408326507722,-0.9747918341986128,-0.97527001589303,-0.9752248508535641,-0.9737433167077576
161,0.78266335,-0.8571797871386937,-0.9857321566102631,-0.9857319089254225,-0.9661693454476791,-0.9791687599217971,-0.9791687854371485,-0.9746543543483165,-0.9767761215735032,-0.9738020607389689,-0.9728167094688526,-0.9743274959459131,-0.974557926488083,-0.9756111461956681,-0.9755561476178357,-0.9753284900445244,-0.975906307039231,-0.9756501926939384,-0.9761228827602317,-0.9760829648848446,-0.9745503140039725
162,0.78718597,-0.8571797871386937,-0.9878224513835219,-0.9878222036986812,-0.967694063109309,-0.9796795824635027,-0.9796796078338783,-0.975834220105547,-0.977624829187647,-0.9745772194609248,-0.9736807915480105,-0.9751587450194861,-0.9753724137598321,-0.9764638994846639,-0.9763427328726839,-0.9761718657606181,-0.9767550488765795,-0.9764919230954966,-0.9769589508675941,-0.9769242923400725,-0.9753434179070549
163,0.7917085,-0.8571797871386937,-0.9899127045599785,-0.9899124568751378,-0.9692119523062013,-0.9801649199942721,-0.980164945235022,-0.9770172132084074,-0.978463170603054,-0.9753413558989116,-0.9745366434849504,-0.9759736143866438,-0.9761697263223951,-0.9773003281371543,-0.9771114386374928,-0.9769983800892406,-0.9775867507172316,-0.9773167314053917,-0.9777779168195035,-0.977748528143584,-0.9761225923420049
164,0.79623115,-0.8571797871386937,-0.9920030131988379,-0.9920027655139972,-0.9707231288193139,-0.980624794796878,-0.980624819923346,-0.9782034620737755,-0.9792912237091622,-0.976094546972174,-0.9753842240187232,-0.976771837021428,-0.9769495865045605,-0.978120166066992,-0.9778620409327693,-0.9778077628841817,-0.9784011410661975,-0.9781243590009583,-0.9785795124273848,-0.9785554027385257,-0.9768878428711757
165,0.8007538,-0.8571797871386937,-0.9940933218376974,-0.9940930741528567,-0.9722275972482449,-0.9810591936554831,-0.9810592186830174,-0.9793929947001409,-0.9801089976859043,-0.9768368058261482,-0.9762234155178716,-0.9775530731649299,-0.9777116450501392,-0.9789230727321522,-0.9785942491628998,-0.9785996705768718,-0.9791978746820944,-0.9789144738170296,-0.9793633967033978,-0.9793445733814837,-0.977639113917017
166,0.8052764,-0.8571797871386937,-0.9961836073672223,-0.9961833596823817,-0.9737253856374091,-0.981468112190077,-0.981468137134026,-0.9805858430454997,-0.980916507681793,-0.9775681499810867,-0.9770541001506687,-0.9783169834513792,-0.9784555527465404,-0.9797087081617963,-0.9793077752210949,-0.9793737603608115,-0.979976607230915,-0.9796867443507133,-0.9801292293895506,-0.9801156981377964,-0.9783763585966283
167,0.80979896,-0.8571797871386937,-0.9982738744092795,-0.9982736267244389,-0.9752165416682421,-0.9818515520652695,-0.9818515769409814,-0.9817820405647243,-0.9817137722306881,-0.9782885988665537,-0.9778761574534653,-0.9790632261226483,-0.9791809576345656,-0.9804767301241981,-0.9800023306835864,-0.9801296873489106,-0.9807369924202167,-0.9804408367890747,-0.9808766681148524,-0.980868433028176,-0.9790995362177952
168,0.8143216,-0.8571797871386937,-1.000364178426272,-1.0003639307414316,-0.9767011486008673,-0.9822095231171437,-0.9822095479399646,-0.9829816356551118,-0.9825008211864171,-0.9789981808509043,-0.9786894727302927,-0.9797914639706582,-0.9798875116621892,-0.9812268013119319,-0.9806776330414293,-0.9808671115830676,-0.98147868904311,-0.9811764219680748,-0.9816053752911231,-0.9816024389838944,-0.9798086192787694
169,0.8188442,-0.8571797871386937,-1.002454463955797,-1.0024542162709564,-0.9781792103533851,-0.9825420155096166,-0.9825420402948947,-0.9841845987894557,-0.9832776347307214,-0.9796968782389675,-0.9794938740905733,-0.9805013080422367,-0.9805748160737475,-0.9819585313550018,-0.9813333534587694,-0.9815856410262753,-0.9822013036390342,-0.9818931184793218,-0.9823149617778011,-0.9823173251019371,-0.9805035386956182
170,0.8233668,-0.8571797871386937,-1.004544749485322,-1.0045445018004813,-0.9796507831006925,-0.9828490325213824,-0.982849057284465,-0.9853909284177601,-0.9840442134109353,-0.9803846904854358,-0.9802892048157363,-0.9811923830580069,-0.9812424849605939,-0.9826715441662349,-0.9819691775160898,-0.9822848978170899,-0.9829044571347341,-0.9825905587345013,-0.9830050523746974,-0.9830127146068096,-0.9811842473362652
171,0.8278894,-0.8571797871386937,-1.0066350350148467,-1.006634787330006,-0.9811159094813615,-0.9831305741524412,-0.9831305989086758,-0.9866005979541761,-0.9848005430880645,-0.9810616025529861,-0.9810752872514684,-0.9818642950408587,-0.9818901138421564,-0.9833654446034505,-0.9825847750958183,-0.9829644854817752,-0.983587751863733,-0.9832683562323625,-0.9836752534137512,-0.9836882122085111,-0.9818506885590104
172,0.832412,-0.8571797871386937,-1.0087253205443718,-1.0087250728595312,-0.9825746317612154,-0.9833866404027929,-0.9833866651675272,-0.9878135663388101,-0.9855466019254688,-0.981727591217576,-0.9818519301020655,-0.9825166380960475,-0.9825172862708973,-0.9840398254406573,-0.9831798066344917,-0.9836239957987216,-0.9842507784697285,-0.9839261123814175,-0.9843251595464998,-0.9843434109373572,-0.9825028027667491
173,0.8369346,-0.8571797871386937,-1.0108156060738966,-1.010815358389056,-0.9840269918373934,-0.9836172312724376,-0.9836172560610189,-0.9890297780112156,-0.9862823603747648,-0.98238262505345,-0.9826189285013739,-0.9831489946959074,-0.9831235741303228,-0.9846942676512088,-0.9837539233336671,-0.9842630090839399,-0.9848931161924319,-0.9845634167610253,-0.9849543540286935,-0.9849778924290901,-0.9831405276398468
174,0.84145725,-0.8571797871386937,-1.0129059147127562,-1.0129056670279155,-0.9854730471943898,-0.9838223488882233,-0.9838223737159996,-0.990249176388594,-0.987007789127808,-0.9830266714810836,-0.9833760724077218,-0.9837609426412854,-0.9837085443067939,-0.9853283476128312,-0.9843067733810843,-0.9848811012182755,-0.9855143399286652,-0.9851798541073247,-0.9855624156345592,-0.9855912338979644,-0.9837638051919976
175,0.84597987,-0.8571797871386937,-1.0149962094860148,-1.0149959618011741,-0.986912813383837,-0.9840019894528889,-0.9840020143352075,-0.9914716553055473,-0.9877228302828379,-0.9836596711747314,-0.9841231165994959,-0.9843520311284519,-0.9842717358481254,-0.9859416122923602,-0.9848379802831141,-0.985477819472643,-0.9861139959341133,-0.9857749801819768,-0.9861488948812933,-0.9861829841516144,-0.9843725572850519
176,0.8505025,-0.8571797871386937,-1.0170865088811405,-1.0170862611962999,-0.9883463439970417,-0.9841561547242413,-0.98415617967645,-0.9926971263950339,-0.9884274374978834,-0.9842815737206438,-0.9848598226816245,-0.9849218150550159,-0.9848126927977863,-0.9865336147739528,-0.9853471738083233,-0.9860527171569486,-0.9866916366467227,-0.9863483563082014,-0.9867133481237271,-0.9867526979781245,-0.9849667204328288
177,0.8550251,-0.8571797871386937,-1.0191767944106653,-1.0191765467258247,-0.9897736668589279,-0.9842848435077673,-0.9842848685452131,-0.9939254650991036,-0.9891215441421717,-0.9848923093820435,-0.9855859259413903,-0.985469828824423,-0.9853309392278823,-0.9871038870833516,-0.985833966311743,-0.9866053271647501,-0.9872467940974697,-0.9868995229670968,-0.98725531154609,-0.987299909905057,-0.9855462188447212
178,0.85954773,-0.8571797871386937,-1.021267093805791,-1.0212668461209504,-0.9911948410187907,-0.984388057510743,-0.9843880826487742,-0.9951565594770643,-0.9898050912248464,-0.9854918137289335,-0.9863011646592678,-0.9859956091834342,-0.9858260009336899,-0.9876519639096909,-0.9862979730394568,-0.9871351850088406,-0.987779003053187,-0.9874280227551417,-0.9877743237787844,-0.9878241570259096,-0.9861109882037784
179,0.8640703,-0.8571797871386937,-1.0233573654697152,-1.0233571177848746,-0.9926098780238428,-0.9844657949326981,-0.9844658201866607,-0.9963902422453198,-0.9904779893265699,-0.9860799941973594,-0.9870052404016824,-0.986498665994535,-0.9862973778934355,-0.9881773521464355,-0.9867387861736118,-0.9876417993542108,-0.9882877714143914,-0.9879333709770596,-0.9882698970242909,-0.988324949836802,-0.9866609443486569
180,0.8685929,-0.8571797871386937,-1.02544765099924,-1.0254474033143994,-0.994018845520123,-0.984518057574103,-0.9845180829593452,-0.9976263806657522,-0.9911401683079081,-0.9866567736548526,-0.9876978701512085,-0.9869785206797566,-0.9867445804701636,-0.9886795709628321,-0.9871560086294293,-0.9881246907509136,-0.9887726191166377,-0.9884150942651484,-0.9887415549944639,-0.9888018105559516,-0.9871960245541544
181,0.87311554,-0.8571797871386937,-1.0275379550162327,-1.027537707331392,-0.9954217855702119,-0.9845448449590609,-0.9845448704909315,-0.9988648057834583,-0.9917915380459367,-0.9872220559706268,-0.9883787453382763,-0.9874346765095723,-0.987167101484057,-0.9891581208112746,-0.9875492277596297,-0.9885833616897338,-0.9892330480516333,-0.9888727006983191,-0.9891888035892682,-0.9892542435019068,-0.9877161554220285
182,0.87763816,-0.8571797871386937,-1.0296282497894915,-1.0296280021046509,-0.9968187182757917,-0.9845461565632067,-0.9845461822570526,-1.0001053149910395,-0.9924319908056376,-0.9877757282557886,-0.9890475344742897,-0.9878666221078389,-0.9875644197419482,-0.9896124869797986,-0.9879180186034688,-0.9890173001570326,-0.9896685456429936,-0.989305683332672,-0.9896111344416301,-0.9896817386518075,-0.9882212556395106
183,0.8821608,-0.8571797871386937,-1.031718553806484,-1.0317183061216433,-0.9982096944153571,-0.9845219923981406,-0.9845220182693104,-1.0013477186566093,-0.9930614255656878,-0.9883176819431544,-0.9897039087087898,-0.9882738487463825,-0.9879360160676192,-0.990042157730002,-0.9882619586539635,-0.9894259970151343,-0.9900786022895923,-0.9897135375313749,-0.9900080418642455,-0.9900837887832585,-0.9887112556344373
184,0.8866834,-0.8571797871386937,-1.033808839336009,-1.0338085916511683,-0.9995947336705231,-0.9844723529534268,-0.9844723790172663,-1.002591785320381,-0.9936797197252832,-0.9888477883335388,-0.9903475124351591,-0.9886558318284351,-0.9882813563333535,-0.9904466047905134,-0.9885806119670095,-0.9898089273974655,-0.9904626926919216,-0.9900957423910522,-0.9903790047567738,-0.9904598711537075,-0.989186075604026
185,0.891206,-0.8571797871386937,-1.0358991248655338,-1.0358988771806932,-1.0009738861413404,-0.984397238128006,-0.9843972643998626,-1.003837296687182,-0.994286756966096,-0.9893659225908504,-0.9909779924888943,-0.9890120494780159,-0.9885999084900683,-0.990825302940555,-0.988873544782691,-0.9901655693626699,-0.9908202945664638,-0.9904517793492197,-0.9907235047375091,-0.9908094658600125,-0.9896456475551624
186,0.89572865,-0.8571797871386937,-1.0379894335043933,-1.0379891858195527,-1.0023472044292898,-0.9842966466689701,-0.9842966731641939,-1.0050840230159241,-0.9948824142948738,-0.9898719524981241,-0.9915949847241814,-0.9893419739777758,-0.9888911346886964,-0.9911777210037457,-0.9891403180497771,-0.9904953952814353,-0.9911508799973767,-0.9907811235847924,-0.9910410177566178,-0.9911320473487811,-0.9900899053098591
187,0.9002512,-0.8571797871386937,-1.0400796959245837,-1.040079448239743,-1.0037146802169425,-0.9841705823350432,-0.9841706090689766,-1.0063316652200707,-0.9954665350844234,-0.9903657157045893,-0.9921980863380271,-0.9896450586049871,-0.9891544799898615,-0.9915033076411173,-0.9893804770059259,-0.9907978587072421,-0.9914539022838004,-0.9910832308973587,-0.9913310015475519,-0.9914270716344282,-0.9905187651635279
188,0.90477383,-0.8571797871386937,-1.0421699953197092,-1.0421697476348686,-1.0050764047897314,-0.9840190402777824,-0.9840190672657771,-1.0075800011091436,-0.9960389980878885,-0.9908470781865295,-0.9927869273765078,-0.98992077501434,-0.9893894051533932,-0.9918015313731537,-0.9895935809880148,-0.9910724317095075,-0.9917288333476613,-0.9913575749875851,-0.9915929315040926,-0.9916940127686644,-0.9909321772400359
189,0.90929645,-0.8571797871386937,-1.044260290092968,-1.0442600424081274,-1.0064323874256995,-0.9838420229214083,-0.9838420501788114,-1.0088287199729113,-0.996599639602391,-0.9913158683768061,-0.993361090464558,-0.9901685727982664,-0.9895953514526477,-0.9920718371579978,-0.9897791711562046,-0.9913185644983644,-0.9919751232777057,-0.9916036071295077,-0.9918262619540951,-0.9919323234450669,-0.99133006849144
190,0.9138191,-0.8571797871386937,-1.0463505987318276,-1.046350351046987,-1.0077826762835125,-0.9836395285313146,-0.9836395560734756,-1.010077533010918,-0.9971483050421054,-0.9917719207404844,-0.9939201641881756,-0.9903879066522205,-0.9897717643294329,-0.992313675550075,-0.9899367919034134,-0.9915357125285351,-0.9921922274806126,-0.9918207832418426,-0.9920304521567417,-0.9921414614422318,-0.991712380869636
191,0.9183417,-0.8571797871386937,-1.0484408842613524,-1.0484406365765118,-1.0091272834154874,-0.983411560858361,-0.9834115887006243,-1.0113261044218251,-0.9976848179423186,-0.9922150498559065,-0.994463711527744,-0.9905782232625864,-0.989918082606434,-0.9925264883477024,-0.9900659809761116,-0.9917233234755374,-0.9923795936474236,-0.992008550869315,-0.9922049539840418,-0.9923208770303966,-0.9920790496715484
192,0.9228643,-0.8571797871386937,-1.0505311697908772,-1.0505309221060366,-1.010466259379484,-0.9831581178047004,-0.9831581459624135,-1.0125741205328156,-0.9982090102740238,-0.9926450756089825,-0.9949913009081017,-0.9907389739870598,-0.9900337488051922,-0.99270972252132,-0.9901662785415001,-0.9918808497914718,-0.99253667430579,-0.9921663617410261,-0.9923492237582562,-0.9924700250826539,-0.9924300250127928
193,0.92738694,-0.8571797871386937,-1.0526214738078699,-1.0526212261230292,-1.0117996512446839,-0.9828791967907878,-0.982879225279301,-1.013821251221161,-0.9987207050763763,-0.9930618086681496,-0.995502488557032,-0.9908696077369612,-0.9901182033343326,-0.9928628224028301,-0.9902372217981118,-0.9920077416356958,-0.992662919744876,-0.9922936647064838,-0.9924627155772926,-0.992588358246373,-0.9927652598687825
194,0.93190956,-0.8571797871386937,-1.0547117685811287,-1.054711520896288,-1.0131274762912885,-0.9825748013479656,-0.9825748301826253,-1.0150671252227348,-0.9992197068330813,-0.9934650427860073,-0.99599680922032,-0.9909695703148649,-0.9901708848060006,-0.9929852285810741,-0.9902783452659114,-0.9921034463071096,-0.9927577774686851,-0.992389905157572,-0.9925448810185065,-0.9926753265525416,-0.9930847044806802
195,0.9364321,-0.8571797871386937,-1.056802026379452,-1.0568017786946113,-1.0144497518022937,-0.9822449363594762,-0.9822449655556234,-1.0163113579052363,-0.9997058135564691,-0.9938545648326186,-0.9964737886633067,-0.9910383097662075,-0.9901912344428496,-0.9930763837563945,-0.9902891845570354,-0.9921674135403702,-0.9928206974889975,-0.9924545303315598,-0.9925951741449179,-0.9927303825316636,-0.9933883150816267
196,0.94095474,-0.8571797871386937,-1.0588923303964446,-1.058892082711604,-1.0157665647952896,-0.9818895885274939,-0.9818896181004839,-1.0175536173022808,-1.000178841629817,-0.9942301744516975,-0.9969329678761814,-0.9910752783177139,-0.9901786953753766,-0.9931357358716791,-0.9902692751015078,-0.9921990971488617,-0.9928511338967361,-0.992486991004706,-0.9926130524103592,-0.9927529823689829,-0.9936760691923312
197,0.94547737,-0.8571797871386937,-1.0609826297915703,-1.0609823821067297,-1.0170779172204725,-0.9815087657343731,-0.9815087956995531,-1.018793478464657,-1.0006385692596287,-0.9945916388583783,-0.9973738479076865,-0.9910799259357652,-0.9901327119161353,-0.9931627290498245,-0.9902181522551118,-0.9921979491553025,-0.9928485391207428,-0.9924867355496074,-0.9925979723951119,-0.9927425810834751,-0.9939479309215207
198,0.95,-0.8571797871386937,-1.0630729291866958,-1.0630726815018552,-1.0183838458549963,-0.9811024672225699,-0.9811024975952873,-1.0200305364032831,-1.0010847806613736,-0.9949387282762914,-0.9977959334405898,-0.9910517074386158,-0.9900527323029247,-0.9931568127439139,-0.9901353529468094,-0.9921634264716583,-0.9928123705132973,-0.9924532166830609,-0.9925493952452616,-0.992698638399583,-0.9942038789884573
