,x,eq_complex_1,eq_complex_3,eq_complex_5,eq_complex_6,eq_complex_7,eq_complex_8,eq_complex_9,eq_complex_10,eq_complex_11,eq_complex_12,eq_complex_13,eq_complex_14,eq_complex_15,eq_complex_16
0,0.054522615,-0.7214632857172262,-0.7207225188449536,-0.7214346181806285,-0.6987977031076659,-0.7251176751909283,-0.7010944410748295,-0.7137973943662179,-0.721771004774395,-0.7116928882176993,-0.7116981710643006,-0.71054696626725,-0.7105482252917524,-0.7105494838806895,-0.7110563040908171
1,0.059045225,-0.7142031489007968,-0.7134698269167886,-0.714174190323413,-0.6919873264265667,-0.7179213567329683,-0.6939413261271261,-0.7066316527292626,-0.7145217677743791,-0.7045227578299439,-0.7045281318621733,-0.7033805884773159,-0.7033818153395226,-0.703383041784549,-0.7038920031613928
2,0.06356784,-0.7069430040578776,-0.7062171269703643,-0.7069137484693123,-0.6851725057033283,-0.7107261201139818,-0.686806408597905,-0.6994675151105095,-0.7072729066927698,-0.6973541725029124,-0.6973596392198237,-0.6962158238642877,-0.6962170185748895,-0.6962182128863715,-0.696729348874326
3,0.068090454,-0.6996828608202562,-0.6989644286275919,-0.6996533020649025,-0.6783532478290777,-0.7035319921517977,-0.6796895854597638,-0.692305016562009,-0.700024444514022,-0.6901871672454356,-0.6901927281664914,-0.6890527087348017,-0.6890538713197214,-0.6890550335232466,-0.689568377923981
4,0.07261306,-0.6924227304250191,-0.6917117431140343,-0.692392862154386,-0.6715295612268675,-0.6963390014483369,-0.6725907389006883,-0.6851441940055674,-0.6927764062770294,-0.683021778989455,-0.6830274356545427,-0.6818912813457049,-0.6818924118466019,-0.6818935419834841,-0.6824091289494251
5,0.07713568,-0.6851625775556098,-0.6844590351493508,-0.6851323932181309,-0.6647014105485454,-0.6891471306838477,-0.6655096895098567,-0.6779850387441095,-0.685528771014574,-0.675857999074297,-0.6758637530443773,-0.6747315344160091,-0.6747326328905721,-0.6747337310181437,-0.675251595060389
6,0.08165829,-0.6779024407391805,-0.6772063432211858,-0.6778719335747786,-0.6578688298761481,-0.681956435887745,-0.6584463139628169,-0.6708276151927814,-0.6782815919611664,-0.6686958920579752,-0.6687017449141114,-0.6675735338726477,-0.6675746003954175,-0.6675756665878533,-0.6680958425457776
7,0.0861809,-0.6706423039227511,-0.6699536512930208,-0.6706114669513895,-0.6510318019691623,-0.6747669192122236,-0.6514004197924885,-0.663671934226289,-0.671034868363175,-0.6615354689872712,-0.6615414223313493,-0.6604172921922541,-0.6604183268548792,-0.6604193612034518,-0.660941884253518
8,0.09070352,-0.6633821510533419,-0.6627009433283372,-0.6633509770653766,-0.6441903095468213,-0.6675785830091462,-0.6443717989792642,-0.6565180070146719,-0.6637885999857598,-0.6543767412720028,-0.6543827967267203,-0.6532628222468273,-0.653263825158557,-0.6532648277721308,-0.6537897334190828
9,0.09522613,-0.6561220142369126,-0.6554482514001722,-0.6560904957852214,-0.6373443807141843,-0.6603914774973292,-0.6373602745731867,-0.6493658924550267,-0.6565428351914154,-0.6472197681538124,-0.6472259273619515,-0.6461101847444356,-0.6461111560328193,-0.6461121270385501,-0.6466394510894986
10,0.099748746,-0.6488618677886954,-0.6481955498500961,-0.6488299971752975,-0.630493989107349,-0.6532055958609578,-0.63036559836681,-0.6422155927720811,-0.6492975652111932,-0.6400645522413906,-0.6400708168665646,-0.6389593838277731,-0.6389603236388907,-0.6389612631824558,-0.6394910417548446
11,0.10427135,-0.6416017406040542,-0.6409428675438422,-0.641569509871454,-0.6236391598483901,-0.646020985486778,-0.6233875596403682,-0.635067164212221,-0.6420528363105488,-0.6329111502848083,-0.6329175220105794,-0.631810477782428,-0.6318113862816009,-0.6318122945279121,-0.632344564019017
12,0.10879397,-0.6343415877346449,-0.6336901595791586,-0.6343089886502449,-0.6167798483400414,-0.6388376208575327,-0.6164258617556517,-0.6279205905680635,-0.634808621649843,-0.625759546618211,-0.6257660271490587,-0.6246634525592414,-0.6246643299311803,-0.6246652070645304,-0.6252000041634868
13,0.11331658,-0.6270814509182155,-0.6264374676509936,-0.6270484749660409,-0.6099160918536128,-0.6316555624008837,-0.6094802766048858,-0.6207759412220311,-0.6275649814891828,-0.6186098113193768,-0.6186164023792624,-0.6175183798351331,-0.6175192262847646,-0.6175200725096563,-0.6180574341530409
14,0.11783919,-0.6198213141017863,-0.6191847757228287,-0.6197879524662225,-0.6030478730732605,-0.6244748135220488,-0.6025505061515809,-0.6136332289022051,-0.6203219190417916,-0.6114619578721164,-0.6114686612051669,-0.6103752747668827,-0.6103760905195418,-0.6103769060608795,-0.610916869436954
15,0.12236181,-0.6125611612323769,-0.611932067758145,-0.612527404783946,-0.5961751746427506,-0.6172953777923197,-0.5956362382895034,-0.6064924665823098,-0.6130794381635442,-0.6043160001120561,-0.6043228174823714,-0.6032341529026168,-0.6032349382044743,-0.6032357233079926,-0.6037783258399176
16,0.12688442,-0.6053010244159478,-0.6046793758299801,-0.6052668636989438,-0.5892980247986902,-0.610117306552412,-0.588737192816639,-0.5993537148188686,-0.6058375914082386,-0.5971719996055772,-0.5971789327962298,-0.5960950775289964,-0.5960958326476669,-0.5960965875805397,-0.5966418668902842
17,0.13140704,-0.5980408715465384,-0.5974266678652964,-0.598006296759591,-0.5824163909718978,-0.6029405877906162,-0.5818530147808596,-0.5922169712277819,-0.5985963679534387,-0.5900299550528328,-0.5900370058666083,-0.5889580491507985,-0.5889587743754601,-0.58895949942642,-0.5895074933382116
18,0.13592964,-0.5907807507830892,-0.5901739919736502,-0.5907457517668561,-0.5755303166675111,-0.5957652889702035,-0.5749834119849909,-0.5850823125214636,-0.5913558377296736,-0.5828899444371415,-0.5828971146949243,-0.581823147543043,-0.5818238431851301,-0.5818245386651628,-0.5823752851538577
19,0.14045227,-0.5835205818606999,-0.5829212679724479,-0.5834851480724339,-0.5686397235823761,-0.5885913507530675,-0.5681279576452055,-0.5779496893883078,-0.5841159433077134,-0.5757519197591987,-0.5757592113017309,-0.5746903266322784,-0.5746909930252958,-0.5746916592674548,-0.5752451964838751
20,0.14497487,-0.5762604610972507,-0.5756685920808016,-0.5762245816022425,-0.5617447009717168,-0.5814188884093608,-0.5612863790751744,-0.5708192261789305,-0.576876804091653,-0.568616006957344,-0.5686234216418917,-0.5675597142019955,-0.5675603517025402,-0.5675609890629688,-0.5681173552411724
21,0.14949748,-0.5690003242808215,-0.5684159001526367,-0.568963987722495,-0.5548451857218367,-0.5742478586904989,-0.5544582396111732,-0.5636908896887557,-0.5696383801656325,-0.5614821744484524,-0.5614897141510493,-0.5604312806760667,-0.5604318896634564,-0.560432498521018,-0.5609917320130476
22,0.1540201,-0.5617401714114121,-0.561163192187953,-0.561703365993543,-0.5479411756415407,-0.5670782818933191,-0.5476431511904876,-0.5565647099392955,-0.5624006964316721,-0.5543504540856389,-0.5543581206995322,-0.5533050599170846,-0.5533056407938571,-0.5533062215506348,-0.5538683607729596
23,0.15854271,-0.554480034594983,-0.553910500259788,-0.5544427480608639,-0.5410326990994317,-0.559910210087566,-0.5408407440595763,-0.5494407485653958,-0.5551638105977332,-0.5472209095325409,-0.547228704967075,-0.546181117622788,-0.5461816708150223,-0.5461822238966407,-0.5467473072858879
24,0.16306531,-0.5472199138315337,-0.5466578243681415,-0.5471821334374785,-0.5341197539619065,-0.5527436636912597,-0.5340506068645731,-0.5423190357678124,-0.5479277491868251,-0.5400935731771898,-0.5401014993577605,-0.5390594882901494,-0.5390600142474925,-0.5390605401031461,-0.5396286060952944
25,0.16758794,-0.5399597449091443,-0.5394051003669394,-0.5399214573937984,-0.5272022768936073,-0.5455785998074101,-0.5272722573466466,-0.5351995388620209,-0.5406924755837322,-0.5329684146656714,-0.5329764735342549,-0.5319401437789508,-0.5319406429744901,-0.531941142076816,-0.5325122290983204
26,0.17211054,-0.532699624145695,-0.5321524244752929,-0.5326608157132894,-0.5202803575008633,-0.5384151340030008,-0.5205053525180625,-0.5280823826376867,-0.5334581140279989,-0.5258455614484236,-0.5258537549599337,-0.5248232136796331,-0.5248236866105428,-0.5248241594562687,-0.5253983058190865
27,0.17663316,-0.5254394712762858,-0.5248997165106094,-0.5254001275543372,-0.5133539171065482,-0.5312532076045141,-0.5137493743705922,-0.5209675187662122,-0.5262246136861705,-0.5187249679367963,-0.5187332980615491,-0.5177086547422505,-0.5177091019291422,-0.5177095490384371,-0.5182867929729048
28,0.18115577,-0.5181793344598565,-0.5176470245824444,-0.5181394404764413,-0.5064229994740376,-0.524092888651611,-0.5070039147534563,-0.5138550248125618,-0.5189920526144479,-0.5116067147663091,-0.5116151834867968,-0.5105965498945649,-0.5105969718818859,-0.5105973937987599,-0.5111777733557993
29,0.1856784,-0.5109191655374671,-0.5103943005812422,-0.510878705679804,-0.4994875564453196,-0.5169341501600856,-0.5002684665137825,-0.5067448839378251,-0.5117604138573443,-0.5044907883356647,-0.5044993976474623,-0.5034868879686485,-0.5034872853242109,-0.5034876826160456,-0.5040712356618935
30,0.190201,-0.503659044774018,-0.5031416246895959,-0.5036180027618106,-0.4925476625412893,-0.50977709173495,-0.4935426326215793,-0.4996372050132991,-0.5045298093492847,-0.49737730111341005,-0.4973860530216964,-0.49637978381792625,-0.4963801571331367,-0.49638053039091456,-0.49696729450127636
31,0.1947236,-0.4963989240105688,-0.4958889487979494,-0.4963572828466539,-0.4856032696021069,-0.5026216862892885,-0.48682588830983736,-0.4925319710481528,-0.4973002241012272,-0.49026623987573553,-0.49027513639670467,-0.48927522677872204,-0.4892755766678602,-0.48927592650544555,-0.48986593896865116
32,0.19924621,-0.48913878719413956,-0.48863625686978457,-0.4890965291245426,-0.47865436008722817,-0.49546793832640773,-0.4801177305323195,-0.48542919639467513,-0.49007167613626595,-0.48315762305504434,-0.48316666621414683,-0.4821732378838804,-0.4821735649838438,-0.48217389203772826,-0.48276718978468475
33,0.20376883,-0.4818786343247302,-0.4813835489051009,-0.4818357407944842,-0.4717009317950985,-0.48831586806658156,-0.473417663389934,-0.47832891096113134,-0.4828442005133856,-0.47605148495672756,-0.47606067678710834,-0.4750738540942766,-0.4750741590641733,-0.4750744639930686,-0.4756710835301347
34,0.20829144,-0.4746184975083009,-0.47413085697693585,-0.4745749491154679,-0.46474301330265405,-0.4811655272102887,-0.466725213273634,-0.47123117583617763,-0.4756178653181635,-0.468947891413934,-0.4689572339544162,-0.46797714393924583,-0.467977427459927,-0.4679777109442994,-0.46857768827445795
35,0.21281406,-0.4673583446388916,-0.4668781490122523,-0.4673141210761536,-0.45778057166685326,-0.4740169040448227,-0.46003984051758834,-0.46413598907797715,-0.46839267581616373,-0.46184684551708266,-0.46185634081204646,-0.460883113339612,-0.46088337611281355,-0.46088363885402567,-0.46148700943848864
36,0.21733667,-0.4600982078224623,-0.4596254570840873,-0.4600532878261569,-0.45081363550263037,-0.4668700498957782,-0.4533610582448318,-0.45704341122068715,-0.46116870230414525,-0.45474841324300236,-0.45475806333949076,-0.4537918311176489,-0.4537920738653992,-0.45379231658511887,-0.45439911524128707
37,0.22185928,-0.4528380710060331,-0.4523727651559223,-0.45279243229030214,-0.44384218724485214,-0.4597249684409691,-0.44668832931717734,-0.4499534553955914,-0.45394596829958817,-0.4476526135054375,-0.44766242045250365,-0.4467033191581582,-0.4467035426217399,-0.446703766060903,-0.44731402690816585
38,0.2263819,-0.44557791813662373,-0.4451200571912387,-0.44553153732682715,-0.43686620928754655,-0.45258166311330195,-0.44002111121100335,-0.44286613437172656,-0.4467244985055781,-0.4405594652557181,-0.4405694311026612,-0.439617599466808,-0.43961780440573645,-0.439618009323526,-0.44023176570217
39,0.2309045,-0.43831779737317456,-0.43786738129959235,-0.43827064994068554,-0.4298857457423355,-0.44544020021958747,-0.43335891538284327,-0.4357815231509586,-0.43950438268920194,-0.43346905015133275,-0.433479176944376,-0.4325347567741038,-0.43253494396512226,-0.43253513113796394,-0.4331524154917453
40,0.23542711,-0.4310576605567453,-0.43061468937142733,-0.43100972073102967,-0.42290074814212164,-0.4383005509760912,-0.42670116038586,-0.42869960223265346,-0.43228561604663324,-0.42638135571524577,-0.42639164549761865,-0.4254547818636121,-0.4254549520991398,-0.425455122319151,-0.4260759661502846
41,0.23994973,-0.42379750768733604,-0.42336198140674386,-0.4237487483762049,-0.41591121427778827,-0.4311627336137716,-0.42004730500629556,-0.42162039858263417,-0.42506824293111034,-0.41929641644526777,-0.4193068712539809,-0.4183777125362703,-0.4183778666230621,-0.4183780206967121,-0.41900245444566614
42,0.24447234,-0.41653737087090675,-0.4161092894785788,-0.41648776357238415,-0.4089171728784872,-0.4240267974980027,-0.41339683390937976,-0.4145439698356514,-0.41785234087770495,-0.41221429802852394,-0.4122249198912999,-0.4113036178411697,-0.4113037565987514,-0.4113038953452973,-0.41193194827179486
43,0.24899496,-0.40927721800149747,-0.4088565815138952,-0.4092267326963775,-0.4019185908339805,-0.4168927284085388,-0.4067491698964919,-0.40747031034091025,-0.4106379248924514,-0.405135003338264,-0.40514579427252667,-0.40423250418191903,-0.4042326284406444,-0.40423275269018805,-0.4048644527960641
44,0.25351757,-0.4020170811850682,-0.4016038895857302,-0.4019656862354728,-0.3949154969115667,-0.4097605747178877,-0.4001037920425262,-0.40039947626458977,-0.40342507511634224,-0.39805859766520985,-0.3980695596739552,-0.39716444040964366,-0.3971645510088373,-0.39716466160046904,-0.39780003548209986
45,0.2580402,-0.39475691226267884,-0.3943511655845281,-0.3947045742829374,-0.38790784245945437,-0.4026303053831277,-0.39346010390668745,-0.39333144476444043,-0.3962137932902536,-0.3909850678101632,-0.39099620288103426,-0.39009941708310686,-0.39009951486872996,-0.39009961264819415,-0.3907386854148789
46,0.26256278,-0.3874968236051898,-0.3870985217659188,-0.3874435073527214,-0.3808957338014403,-0.39550204638836656,-0.38681765439869065,-0.3862663483469851,-0.3890042419573427,-0.38391455665487456,-0.3839258667533269,-0.38303758076219857,-0.3830376665847388,-0.383037752402324,-0.3836805474650596
47,0.26708543,-0.38023662257684027,-0.3798457656916795,-0.3801822907683768,-0.37387898266672387,-0.3883756235768041,-0.38017571231795744,-0.3792040217091124,-0.38179628216472333,-0.3768469096880621,-0.37685839676153315,-0.3759787810919451,-0.3759788558033119,-0.37597893051074605,-0.37662546960185317
48,0.27160805,-0.372976469707431,-0.37259305772699597,-0.3729210829107088,-0.36685774195636006,-0.38125120877875796,-0.37353386902474633,-0.37214464209547315,-0.37459012704464184,-0.3697823158862884,-0.36979398185226736,-0.36892321089833596,-0.3689232753495993,-0.36892333979778824,-0.3695736426448913
49,0.27613065,-0.36571634894398175,-0.36534038183534956,-0.3656598653821658,-0.35983199403424415,-0.3741287996417928,-0.3668915542804958,-0.3650882137178738,-0.36738581579061225,-0.3627207917749713,-0.36273263852165377,-0.3618708908887321,-0.361870945926761,-0.3618710009624267,-0.36252508522611104
50,0.28065327,-0.3584561960745724,-0.3580876738706659,-0.35839857142890363,-0.35280167457381023,-0.36700834573762553,-0.36024815423439427,-0.35803469275208377,-0.36018334127843543,-0.3556623065633205,-0.3556743359470248,-0.3548217946454753,-0.35482184110957415,-0.35482188757189104,-0.35547976870963666
51,0.2851759,-0.35119602715218307,-0.35083494986946384,-0.35113721436490036,-0.3457667968861756,-0.3598898744570225,-0.3536031294074349,-0.35098411202105945,-0.35298277749858137,-0.34860690695614727,-0.34861912079527785,-0.34777597327781407,-0.3477760119962556,-0.34777605071338213,-0.34843774176725495
52,0.28969848,-0.343935938494694,-0.3435823060508546,-0.3438758875525615,-0.3387274521712357,-0.3527734908239111,-0.34695601527624553,-0.343936580719993,-0.3457842794621321,-0.34155471691220124,-0.34156711698086584,-0.34073355517479864,-0.34073358696103817,-0.3407336187463313,-0.3413991301203918
53,0.2942211,-0.33667578562528466,-0.33632959808617097,-0.3366144432630622,-0.33168349816972836,-0.3456590627330523,-0.34030612880672023,-0.33689197267114984,-0.3385877648952562,-0.3345056257376037,-0.3345182137672293,-0.33369443453808817,-0.33369446018639765,-0.33369448583404526,-0.33436382523085295
54,0.29874372,-0.3294156327558753,-0.3290768901214874,-0.32935294220775596,-0.3246349949297975,-0.33854666147475637,-0.3336529804506898,-0.3298503625562575,-0.33139335993955243,-0.3274597246538618,-0.327472502323028,-0.32665870735258373,-0.3266587276338276,-0.3266587479146239,-0.3273319200247762
55,0.30326632,-0.3221555119924262,-0.32182421422984103,-0.32209141267205804,-0.31758197145939626,-0.3314363255618626,-0.32699605425843764,-0.32281179195783616,-0.324201160346934,-0.3204170727268583,-0.32043004165697586,-0.3196264376395798,-0.31962645329643324,-0.3196264689529959,-0.3203034752601749
56,0.30778894,-0.3148953591230168,-0.3145715062651574,-0.3148297862527894,-0.31052436318509946,-0.324327997820794,-0.32033474937841033,-0.3157762070745384,-0.3170111679441438,-0.3133776346023259,-0.31339079635476763,-0.3125975952970907,-0.31259760703892636,-0.31259761878058206,-0.3132784573891095
57,0.31231153,-0.3076352544125477,-0.3073188464100296,-0.30756813865930444,-0.3034622459535839,-0.3172217610860695,-0.31366860140794206,-0.30874369197204565,-0.3098235291350225,-0.30634151393994774,-0.3063548700064956,-0.30557228919211327,-0.3055722976897015,-0.3055723061871848,-0.3062569715103218
58,0.31683415,-0.3003751015431384,-0.300066138445346,-0.30030636854048237,-0.29639552387857293,-0.3101175237736946,-0.30699698823450894,-0.30171415733447543,-0.3026382169643646,-0.29930864205157465,-0.29932219385308007,-0.29855045627625676,-0.2985504621559601,-0.29855046803560664,-0.29923895064046474
59,0.32135677,-0.29311494867372906,-0.2928134304806624,-0.29304451855737285,-0.2893242415945762,-0.30301533404971437,-0.30031942525364486,-0.29468765133127695,-0.29545534898827186,-0.29227908898685073,-0.2922928378629719,-0.2915321722021139,-0.2915321760398839,-0.291532179877626,-0.292224466147443
60,0.3258794,-0.2858547797513397,-0.2855607064794603,-0.28578256658730244,-0.2822483812541596,-0.2959151754516462,-0.29363537421795566,-0.2876641573037655,-0.2882749806567482,-0.28525286117560217,-0.2852668083797648,-0.2845174492836214,-0.2845174515985441,-0.28451745391345473,-0.28521352580584836
61,0.330402,-0.27859465898789054,-0.2783080305878139,-0.27852057016272347,-0.2751680032715465,-0.2888171080895992,-0.2869443766456618,-0.2806437333967797,-0.2810972482160742,-0.27823004117915223,-0.27824418786920485,-0.2775063760286778,-0.27750637727619293,-0.2775063785237038,-0.2782062132388589
62,0.3349246,-0.2713345382244413,-0.2710553546961674,-0.27125847370318357,-0.26808305852672226,-0.281721080151571,-0.28024587686514074,-0.27362632604805226,-0.273922178192588,-0.27121060117483503,-0.27122494840858097,-0.2704989309388549,-0.2704989315035669,-0.27049893206827785,-0.2712025018020698
63,0.33944723,-0.26407436930205197,-0.2638026306949653,-0.2639962208135141,-0.2609934977775599,-0.2746270377112812,-0.2735393257465373,-0.26661187856803953,-0.2667497985597131,-0.2641945116539693,-0.26420906038123493,-0.2634950910427653,-0.26349509123090575,-0.263495091419046,-0.26420236304081884
64,0.34396985,-0.2568142164326426,-0.25654992273028165,-0.2567338665747705,-0.25389938149604724,-0.26753503433980913,-0.26682428512403217,-0.2596004394295529,-0.2595802496511202,-0.2571818497987219,-0.2571966008498423,-0.25649494008555096,-0.2564949401170517,-0.25649494014855245,-0.25720587480539425
65,0.34849244,-0.24955411172217343,-0.24929726287515383,-0.24947143289504373,-0.24680073891292842,-0.2604450897312847,-0.2601002950245525,-0.25259202237993345,-0.2524136413066633,-0.25017265962240626,-0.250187613700241,-0.24949852891380916,-0.24949852891397536,-0.2494985289141415,-0.25021308169243583
66,0.35301507,-0.2422939427997841,-0.24204453887395175,-0.242208795938722,-0.2396974579386878,-0.25335707990225426,-0.25336676964043436,-0.24558649787187067,-0.2452499420244278,-0.24316684348368142,-0.2431820011583283,-0.2425057672080167,-0.24250576719881753,-0.2425057671896184,-0.24322388681238505
67,0.3575377,-0.23503377387739466,-0.23479181487274953,-0.23494600710280267,-0.23258959913343305,-0.2462710505413049,-0.24662329520677673,-0.2385839027190038,-0.23808929579298166,-0.23616447185063552,-0.23617983354465488,-0.23551673268737766,-0.23551673257834643,-0.23551673246931532,-0.23623836081480135
68,0.3620603,-0.2277736531139455,-0.22753913898110317,-0.22768310010051382,-0.2254772074868838,-0.23918702866078173,-0.2398694523044022,-0.2315842538018648,-0.23093183177721882,-0.22916559705321657,-0.2291811630317068,-0.22853148520221345,-0.2285314847809639,-0.22853148435971513,-0.2292565560576815
69,0.3665829,-0.22051353235049634,-0.22028646308945674,-0.2204200103945787,-0.2183602336602295,-0.23210494415505142,-0.2331047413454154,-0.2245874704996628,-0.22377758518985694,-0.22217017582218052,-0.22218594618457915,-0.22154998944055573,-0.22154998836291412,-0.2215499872852759,-0.2222784293290248
70,0.37110552,-0.21325337948108694,-0.2130337551247731,-0.2131566872845673,-0.2112386439438076,-0.2250247393116556,-0.2263286872140526,-0.21759348283128602,-0.21662660807094783,-0.21517817752302637,-0.2151941521911782,-0.21457222296909778,-0.214572220748857,-0.21457221852862754,-0.21530394980987744
71,0.37562814,-0.20599322661167768,-0.2057810471600896,-0.20589314170118211,-0.20411246759312404,-0.21794641553897462,-0.21954088483528914,-0.2106022774972091,-0.2094790165529881,-0.2081896302648574,-0.20820580896912474,-0.2075982222514917,-0.20759821824981728,-0.20759821424817285,-0.20833314504876962
72,0.38015077,-0.19873305768928826,-0.19852832315888738,-0.1986293333132408,-0.19698168662797855,-0.2108699235641458,-0.21274089474995433,-0.2036137893081713,-0.20233488004564473,-0.20120451245169857,-0.20122089471960886,-0.20062797442853636,-0.2006279678430107,-0.20062796125755375,-0.20136599276881223
73,0.38467336,-0.19147295297881914,-0.19127566330375956,-0.1913653144953821,-0.18984637771932314,-0.20379530404653812,-0.20592837878809417,-0.19662803994763434,-0.19519436328278394,-0.19422289157758077,-0.194239476717777,-0.19366155582873498,-0.19366154568212943,-0.19366153553566498,-0.19440255929125358
74,0.38919598,-0.18421280010940988,-0.18402295533907603,-0.1841009405023011,-0.18270642823298222,-0.19672240576933137,-0.19910282938621357,-0.18964485958679883,-0.18805744196020693,-0.1872446461027954,-0.18726143319638755,-0.18669885445824366,-0.18669883958685315,-0.18669882471572952,-0.18744272211867932
75,0.3937186,-0.17695264724000057,-0.1767702473743925,-0.17683622192712878,-0.1755618832737809,-0.18965122956620478,-0.19226390119804956,-0.18266422638473961,-0.18092424996406573,-0.18026980486774508,-0.18028679274907533,-0.1797399086901709,-0.1797398877320353,-0.17973986677437248,-0.18048650845044442
76,0.39824122,-0.16969249437059122,-0.16951753940970887,-0.16957111478058645,-0.16841274062970446,-0.18258172470035303,-0.18541121575053912,-0.17568606529549885,-0.1737948739066526,-0.17329834612002057,-0.1733155333625315,-0.17278470673674912,-0.17278467811954287,-0.1727846495031312,-0.17353389471348377
77,0.4027638,-0.16243240571310216,-0.16226489559109963,-0.16230563151481894,-0.16125906137892224,-0.17551389804632225,-0.1785444677281282,-0.16871035572198795,-0.166669463312012,-0.16633030518390768,-0.16634769008215583,-0.16583329408213887,-0.16583325601097332,-0.16583321794108632,-0.1665849139248009
78,0.40728644,-0.15517222073773268,-0.15501215555337886,-0.15503955002919026,-0.15410068510006017,-0.16844753254463565,-0.17166315178215172,-0.161736853520082,-0.15954794686875867,-0.15936549690121615,-0.15938307745992641,-0.15888549660293694,-0.15888544704760307,-0.15888539749425315,-0.159639378875873
79,0.41180903,-0.14791211602726356,-0.14775949569825103,-0.14777297361053182,-0.14693778366960863,-0.16138273383676136,-0.16476709482165586,-0.15476563034165933,-0.15243058347184443,-0.1524040544608987,-0.15242182836797064,-0.15194145810847687,-0.1519413947913978,-0.15194133147730354,-0.15269741945986465
80,0.41633165,-0.14065196315785428,-0.1405067877335675,-0.14050568522186394,-0.139770228197905,-0.1543193049772796,-0.15785584786063628,-0.1477964564110597,-0.1453173320675427,-0.1454458130576216,-0.14546377767359453,-0.1450010255125007,-0.14500094589564555,-0.1450008662831629,-0.14575886801246912
81,0.42085424,-0.13339185844738516,-0.13325412787843968,-0.1332376736387128,-0.13259811155765708,-0.14725726167068803,-0.15092918909848305,-0.14082930880908312,-0.13820837081389117,-0.13849081761626747,-0.13850896994873174,-0.1380642553110177,-0.13806415658379523,-0.13806405786283088,-0.1388237655999852
82,0.42537686,-0.1261317055779758,-0.12600141991375605,-0.12596871019741437,-0.12542133638061634,-0.1401964258678972,-0.14398672703741183,-0.13386397032736683,-0.1311036877978014,-0.13153892239426485,-0.1315572590823267,-0.13113101421742104,-0.13113089328376093,-0.1311307723588767,-0.131891962729622
83,0.42989948,-0.11887155270856652,-0.11874871194907252,-0.11869867880654354,-0.11823994800813473,-0.13313675337477976,-0.1370282221256686,-0.12690035252333692,-0.12400341086430355,-0.12459011362502005,-0.12460863091404141,-0.12420130097971953,-0.12420115444618988,-0.12420100792474596,-0.12496344105019601
84,0.43442208,-0.11161143194511734,-0.11149603605742613,-0.11142740492434502,-0.11105397600888613,-0.12607817733315044,-0.13005343421124546,-0.11993834112284464,-0.11690764996675768,-0.11764435529471268,-0.11766304901429152,-0.11727509256390269,-0.11727491672777132,-0.11727474090801658,-0.11803815954120157
85,0.4389447,-0.10435127907570799,-0.10424332809274252,-0.10415456052032451,-0.10386335460622474,-0.11902052986023953,-0.12306204523226613,-0.11297771857206823,-0.10981641844470032,-0.1107015120497562,-0.11072037759252737,-0.11035226730315427,-0.11035205814043277,-0.11035184899958125,-0.11111597762788507
86,0.44346732,-0.0970911262062987,-0.09699062012805897,-0.09687983588641834,-0.09666811334651142,-0.11196372896643422,-0.1160538445105459,-0.10601834821562155,-0.10272982086979934,-0.10376153308488183,-0.10378056537957361,-0.10343278828080703,-0.10343254143558911,-0.10343229461919473,-0.10419683850091574
87,0.44798994,-0.08983097333688943,-0.08973791216337544,-0.0896027797667965,-0.08946825000730715,-0.10490765330895395,-0.10902860566547287,-0.09906005057264958,-0.09564792704437756,-0.09682432884277492,-0.09684352232931329,-0.09651658038724686,-0.09651629116119724,-0.0965160019726823,-0.09728064615144887
88,0.45251256,-0.08257082046748004,-0.0824852041986918,-0.08232278394683093,-0.08226376236522297,-0.09785217301149905,-0.10198611762529766,-0.09210263354017587,-0.0885708028880324,-0.08988980129345717,-0.08990914989615284,-0.0896035605273508,-0.08960322387010931,-0.08960288726121238,-0.09036729553346728
89,0.45703515,-0.07531071575701094,-0.07523254434356398,-0.0750390568412411,-0.07505469603165327,-0.0907971960499799,-0.09492623170586328,-0.08514593792924603,-0.08149855679173922,-0.08295788944560176,-0.0829773865442159,-0.08269368299725831,-0.08269329349816475,-0.08269290406071304,-0.08345671790522863
90,0.46155778,-0.0680505468346216,-0.06797982034236187,-0.06775029213878268,-0.06784093718507102,-0.08374246503881913,-0.0878486586786284,-0.07818963687444731,-0.07443113579220413,-0.07602836963463418,-0.07604800803845266,-0.07578674042435915,-0.07578629230372631,-0.07578584426096051,-0.07654868170335331
91,0.4660804,-0.060790393965212214,-0.06072711237767825,-0.060454815130218637,-0.06062256330499308,-0.07668789997367893,-0.08075331255130984,-0.07123357358281994,-0.06736866891546657,-0.06910119219252481,-0.06912096410605935,-0.0688826993723863,-0.06888218647671049,-0.06888167367855026,-0.06964312814331956
92,0.470603,-0.053530273201763054,-0.053474436486031854,-0.05314995066410833,-0.05339958817092392,-0.0696333481882797,-0.07364006111063558,-0.06427751455086547,-0.0603112162529462,-0.062176235668722026,-0.06219613266148948,-0.06198145534933928,-0.061980871146207754,-0.06198028706421844,-0.06273992616331035
93,0.4751256,-0.04627015243831388,-0.04622176059438546,-0.0458313189552872,-0.04617197764378545,-0.06257859949278945,-0.0665087410570477,-0.05732116426473547,-0.05325878403955776,-0.05525332169334706,-0.05527333466777631,-0.05508284765321257,-0.055082185227840356,-0.05508152295183257,-0.055838887213395964
94,0.47964823,-0.039009983515924454,-0.03896903659318326,-0.038491361846710925,-0.03893968150507285,-0.05552341688172299,-0.059359189177586626,-0.05036419523828773,-0.046211355193378725,-0.04833224507651041,-0.04835236423377355,-0.048186689391588,-0.04818594144545992,-0.048185193682197695,-0.0489397952284028
95,0.48417085,-0.03174983064651517,-0.03171632862849972,-0.031115959534291304,-0.031702761459375076,-0.048467660837739734,-0.05219136919528911,-0.04340637034287832,-0.039169013060863817,-0.041412895611178516,-0.04143311041394267,-0.04129288884576697,-0.04129204769908929,-0.04129120677480977,-0.04204252800618296
96,0.48869348,-0.02448966172412575,-0.024463604627297533,-0.02367468369486956,-0.024461183272459573,-0.04141108602989473,-0.04500516645042535,-0.03644734208664269,-0.03213173791754844,-0.034495058509430805,-0.03451535764636292,-0.03440125063005169,-0.03440030822424099,-0.03439936608721485,-0.03514685824051643
97,0.49321607,-0.01722955701365663,-0.01721094477216971,-0.01608858957907265,-0.017215024817953166,-0.034353543620325055,-0.03780059411463422,-0.02948685186339487,-0.02509960840745455,-0.027578612659454528,-0.027598984005698463,-0.027511673219169412,-0.027510621124809384,-0.027509569353369255,-0.028252651107724742
98,0.4977387,-0.009969388091267297,-0.009958220770967604,-0.008067771512598942,-0.009964155685802742,-0.0272946686396695,-0.030577474849899172,-0.022524421369457044,-0.018072489483329665,-0.020663224088743548,-0.020683654668328777,-0.02062384360051312,-0.02062267302356724,-0.020621502832395104,-0.02135955867571058
99,0.5022613,-0.0027092673278180375,-0.0027055448793211192,0.002995569539307248,-0.002708685853673457,-0.020234316402459755,-0.023335887103345103,-0.015559782757851625,-0.01105046662538397,-0.013748773478950316,-0.013769249421481592,-0.013737663124470877,-0.013736364922704691,-0.013735067179325152,-0.014467446003777976
100,0.5067839,0.004550853435631045,0.004547131012325189,-0.001154022038308034,0.004551434995060923,-0.013172171790847245,-0.016075766371255566,-0.00859249300467038,-0.004033456092382505,-0.006834973163408665,-0.006855479662981733,-0.0068528660115083715,-0.00685143070823694,-0.006849995946837233,-0.007576009332337303
101,0.5113065,0.011810974199080306,0.011799806903971677,0.009909353330765975,0.011816209096143913,-0.0061079515800831295,-0.008797112653602016,-0.0016221331857725354,0.0029785942803877675,7.843481421988092e-05,5.791354334705012e-05,3.078337088753872e-05,3.236556577986265e-05,3.394712326215937e-05,-0.0006849734614400209
102,0.51582915,0.01907117522742975,0.019052562978210917,0.01793020826682703,0.01908571907983162,0.0009587210911317543,-0.001499861825464879,0.005351815666193713,0.009985830473610246,0.0069918017591711614,0.006971282527991019,0.0069136130435203625,0.006915352210818777,0.006917090631869626,0.006206030954299933
103,0.52035177,0.02633132809683912,0.02630527094289454,0.02551635185398623,0.026359838626194558,0.008028036039499158,0.0058158238673632085,0.01232969584418183,0.016988214824164655,0.013905297955957786,0.013884798647370503,0.013795770265312913,0.013797676742791923,0.013799582350586512,0.013097193967932552
104,0.5248744,0.03359149701922846,0.03355799494409664,0.032957626987666494,0.03363863427843737,0.015100387230395994,0.013149959108462759,0.019312059305918693,0.023985914881762674,0.02081929561897749,0.020798835235828365,0.020677602803886128,0.02067968715627519,0.020681770499592134,0.019988908097074612
105,0.529397,0.040851617782677714,0.04081067083574313,0.04033299641989044,0.04092204386856847,0.02217606078993349,0.020502412450823564,0.026299360032401353,0.030978995215663434,0.027734063977978486,0.02771366269190874,0.027559355396485928,0.027561628372941203,0.027563900183599013,0.02688146444050607
106,0.53391963,0.04811178670506705,0.04806339483694523,0.047672953441434095,0.04821016626398958,0.029255517116555822,0.02787319847540516,0.03329223286131849,0.03796769754413984,0.0346500453176006,0.03462972452100534,0.03444144450897825,0.034443917002103946,0.034446388153954725,0.033775327876820055
107,0.5384422,0.05537185930957606,0.055316022619035926,0.054991536600336524,0.05550285862666256,0.03633900022432841,0.03526207093424422,0.04029110794151809,0.044952056053561375,0.04156747356891821,0.041547255924268514,0.04132407879071834,0.0413267617788734,0.041329443230107545,0.04067075692617394
108,0.5429648,0.06263198007302531,0.0625686985106824,0.06229640110444485,0.06280026827854439,0.04342705496009724,0.04266906095954411,0.04729672194619356,0.05193240913235719,0.04848687986282848,0.04846678935945477,0.04820776215712805,0.048210666655175344,0.04821356939907468,0.04756830773869316
109,0.54748744,0.0698921650483948,0.06982143854840316,0.06959191038538011,0.07010241370689,0.0505201205985097,0.0500940533848124,0.05430971692507895,0.05890899958093155,0.05540869586282868,0.05538875787020873,0.05509289909378926,0.0550960360857559,0.055099171083390665,0.054468438747255564
110,0.55201006,0.07715231791780398,0.0770741465130866,0.07688065897169738,0.07740920031252166,0.05761854669576316,0.05753680174448139,0.06133065606274123,0.06588199244325323,0.06233326982462833,0.06231351114497649,0.06197981074177715,0.06198319110622869,0.06198656921189547,0.061371526714938035
111,0.5565327,0.08441250289317347,0.08432688655080736,0.08416446658568452,0.08472069496517323,0.06472286033422839,0.06499720780064029,0.06836028821326771,0.07285173935112361,0.06926112775579864,0.06924157668371787,0.06886899469603656,0.06887262913327724,0.0688762610217828,0.06827812713155491
112,0.5610553,0.09167262365662272,0.09157956244245385,0.09144443018621883,0.09203680288153657,0.07183345272013836,0.07247499256393822,0.07539923816673635,0.07981847242316935,0.07619266813025093,0.07617335450517884,0.07576082142611898,0.07576472036735901,0.07576861644331576,0.0751886699271678
113,0.5655779,0.0989327444200718,0.09883223833410015,0.09872145411644595,0.09935759095388608,0.07895089385535,0.07997002636868006,0.08244831826041878,0.08678261486129793,0.08312846922156052,0.08310942449005161,0.08265583994556802,0.08266001346591821,0.08266418377689025,0.08210376591667466
114,0.57010055,0.10619294544842142,0.10608499440833957,0.1059962269971208,0.10668314244368556,0.08607579192574023,0.0874821812895968,0.08950838961908893,0.09374464464086986,0.09006915240081159,0.09005040967648562,0.08955464188927298,0.08955909960861623,0.08956355374618667,0.0890240705853604
115,0.5746231,0.11345298594697034,0.11333759011739314,0.1132689588335209,0.1140132165602713,0.09320846248843809,0.09501098151790734,0.09658003436063874,0.10070477397146518,0.09701506057358875,0.09699665468144188,0.09645754202150417,0.09646229298414509,0.09646703996382279,0.0959499635067009
116,0.5791457,0.12071310671041942,0.12059026600903945,0.12054023272661246,0.121348058593571,0.10034971698901018,0.10255643500201896,0.10366433734238975,0.10766372157513368,0.1039670267796179,0.10394899433569318,0.10336534221552571,0.10337039479442342,0.10337544296013577,0.10288231476246452
117,0.58366835,0.12797330773876886,0.1278430220832787,0.1278103123472862,0.12868767095014505,0.10750015409723206,0.11011828591617338,0.11076218407036643,0.1146220228336539,0.11092568453940305,0.11090806399978625,0.1102786460662769,0.11028400783167104,0.11028936472473516,0.10982179736844766
118,0.588191,0.13523350876711848,0.13509577815751814,0.13507932400395792,0.13603197481702808,0.1146603169710484,0.11769617989414603,0.11787441639851884,0.12158018670733994,0.1178916219006624,0.11787445361426974,0.11719801218121446,0.11720368976818867,0.1172093619952628,0.11676904089931917
119,0.5927136,0.14249362953056757,0.1423484540491644,0.1423473516521273,0.14338089117474917,0.12183077223139822,0.125289747445645,0.12500191088544343,0.1285387756274879,0.12486545910061463,0.12484878536455013,0.12412403148236224,0.1241300304553806,0.12413602355343457,0.12372470897983465
120,0.5972362,0.14975375029401683,0.1496011299408109,0.14961460789934197,0.1507345034460267,0.12901226896518514,0.13289877265823002,0.132145737065814,0.13549856241598476,0.1318480039386634,0.13183186906467922,0.13105748160145497,0.13106380632058431,0.1310701246235931,0.13068965432775592
121,0.60175884,0.1570139352693863,0.15685386997853168,0.1568812646491175,0.15809287898692112,0.1362055649537014,0.1405230095395548,0.13930698502571814,0.14246036427003536,0.13884008353319938,0.13882453390286895,0.1379991598695863,0.13800581334423584,0.13801245983744997,0.13766475103981848
122,0.60628146,0.16427408813879568,0.16410657794321531,0.16414731399619728,0.16545592246398244,0.1434112830670572,0.14816202994021815,0.1464866222145217,0.1494249074258384,0.14584240574385493,0.1458274898484088,0.14494974594372353,0.14495672967577308,0.14496370583943544,0.1446507563886493
123,0.610804,0.17153411258436443,0.17135915761575019,0.17141273299972387,0.17282353829522684,0.15063006947473725,0.1558153916203204,0.153685650544223,0.15639298420622336,0.15285571404646214,0.15284148253441768,0.15190995580889669,0.15191726964041513,0.15192457529809722,0.15164846534348744
124,0.61532664,0.17879429755973392,0.17861189765347096,0.17867787227281198,0.18019602200552304,0.15786297751033065,0.16348304586467086,0.16090548958015713,0.16336582640660025,0.15988116139379366,0.15986766715594797,0.158880912899172,0.15888855487648898,0.15889618805978128,0.1586590837189357
125,0.61984926,0.18605445042914312,0.1858646056181544,0.18594259084598885,0.18757318036310672,0.165110604933155,0.1711644234894282,0.1681471157778259,0.17034427656274986,0.16691947322927103,0.16690677139683696,0.16586331770212082,0.1658712839009476,0.16587924067529744,0.1656833930891907
126,0.6243719,0.19331463540451257,0.19311734565587516,0.1932069969612186,0.19495508087453708,0.17237382799927992,0.17885921395525067,0.1754117944620434,0.17732950020753258,0.1739716618404116,0.17395980984994935,0.17285815690525624,0.172866441291749,0.1728747156181939,0.1727224636354757
127,0.62889445,0.20057467590306147,0.2003699413649287,0.20047095153093122,0.20234154614799943,0.17965330398137233,0.18656683931384824,0.18270058242450804,0.18432251081702453,0.18103854451397905,0.18102760211322114,0.17986622563002855,0.17987481990453177,0.17988340348415713,0.17977717331993573
128,0.63341707,0.20783482877247086,0.20762264932961233,0.20773474385785753,0.20973283973428478,0.1869501459134666,0.19428717000205611,0.1900150029175283,0.19132482238180087,0.1881213999851812,0.18811142931618413,0.18688877873484683,0.1868976722118131,0.18690655436631323,0.18684886324091302
129,0.6379397,0.21509499769486018,0.21487537333081444,0.21499830550174462,0.21712886596345646,0.1942651333177394,0.20201969045862933,0.1973562550980897,0.19833769528421755,0.19522120366006585,0.19521226923912888,0.19392677267316605,0.19393595213721154,0.1939451196656232,0.19393857426287273
130,0.6424623,0.22235511845830946,0.22212804922246093,0.2222615964920165,0.22452956165434979,0.2015990962266995,0.20976390780597418,0.20472559745146124,0.2053625100193612,0.20233900202905,0.20233117076395515,0.20098123720617514,0.2009906867984022,0.20100012386401767,0.20104742078366428
131,0.6469849,0.22961523922175853,0.22938072511410726,0.22952468619859978,0.23193497811601158,0.20895299542853005,0.2175194383363529,0.2121244280271672,0.21240084825524086,0.2094759921684726,0.20946933338201687,0.2080533545126112,0.20806305563608174,0.20807274367243048,0.2081766702333731
132,0.6515075,0.2368753599852078,0.23663340100575375,0.23678759320147816,0.23934511761397748,0.21632775897666756,0.225285836924867,0.2195541195300654,0.21945434064997574,0.2166333648170558,0.21662795023832343,0.21514430403175647,0.2151542352709035,0.21516415290158503,0.21532758642943262
133,0.6560301,0.24413548074865687,0.2438860768974,0.24405033386213454,0.2467599824147496,0.22372432861716715,0.23306264868168372,0.22701606491807627,0.22652471597261892,0.22381235129674765,0.22380825504851534,0.22225530941567492,0.222265446481931,0.22227556946653274,0.22250147647824844
134,0.66055274,0.25139566572402633,0.25113881693512075,0.2513129868781899,0.2541796404290736,0.23114372317728568,0.24084947827313535,0.23451174039628614,0.23361386624806116,0.23101428700988907,0.23101158559694315,0.22938770187955537,0.22939801758693537,0.229408318796747,0.22969975429329786
135,0.6650754,0.2586558828053559,0.25839158904587867,0.25857553296484814,0.26160406120835755,0.23858687213160787,0.24864581826211932,0.2420425361542981,0.24072369228214363,0.23824045197049362,0.23823922422489877,0.23654276276989172,0.23655322703918757,0.2365636764613554,0.2369237812659311
136,0.66959804,0.2659160677807254,0.2656443290835994,0.2658379193180817,0.26903318135788096,0.24605467716692017,0.25645111798129794,0.24960981666284626,0.24785616706765412,0.24549213269183784,0.24549245971251188,0.24372178546644116,0.2437323653698326,0.2437429301517145,0.24417492808677213
137,0.67412066,0.27317622065013475,0.27289703704828305,0.2731001561489236,0.2764670030852839,0.2535481077597176,0.26426488752120963,0.2572150158965728,0.2550134313742644,0.25277071725854816,0.25277268235506056,0.2509261701002781,0.25093682994988115,0.25094747448710225,0.2514546698258844
138,0.6786433,0.28043640562550404,0.28014977708600364,0.28036231683637575,0.28390559440988483,0.26106819849543994,0.2720866985573229,0.26485963336884927,0.26219779535652915,0.26007769519646673,0.26008138381871637,0.25815742401099734,0.25816812549272417,0.2581788115622933,0.2587645858865554
139,0.68316585,0.287696446124053,0.2874023727950572,0.2876242329740413,0.29134877657200864,0.2686157284051203,0.27991585605117236,0.2725449059669312,0.26941143609774915,0.2674143483458778,0.26741984792021956,0.2654168565368733,0.26542755889464026,0.26543824583814724,0.2661060507167852
140,0.68768847,0.2949565989934623,0.2946550807597408,0.29488616888660246,0.2987968151404244,0.2761919164772767,0.28775212557773305,0.28027251366280376,0.27665706591590333,0.2747824294751058,0.2747898293849589,0.2727062512589953,0.27271691153570055,0.2727275564990016,0.2734809127991505
141,0.6922111,0.30221676791585167,0.30190780476094287,0.30214803492590186,0.30624961370472037,0.2837975995267816,0.29559488571753334,0.2880437403563765,0.2839371499781633,0.2821833659318657,0.2821927572812015,0.2800270787979335,0.28003765213464893,0.28004821036549027,0.2808906977924037
142,0.6967337,0.30947688867930095,0.3091604806525894,0.30940977293118954,0.31370710859305606,0.29143362535660766,0.3034435436055555,0.29585987081761383,0.29125428452361685,0.2896186444047784,0.28963011984703135,0.28738087843909305,0.2873913184396144,0.28740174365033855,0.2883369933633888
143,0.7012563,0.3167370094427502,0.31641315654423585,0.3166714365807545,0.3211693515026041,0.2991009320281991,0.31129762244466896,0.303722269480406,0.2986112751880011,0.29708989114633105,0.29710354471208267,0.2947693383384874,0.2947795974960361,0.2947898422881996,0.29582152950769425
144,0.7057789,0.3239971302061993,0.3236658324358822,0.3239330308873271,0.3286363447105315,0.30680037286684336,0.31915658856447376,0.3116321985175129,0.30601097101741326,0.3045987046710153,0.30461463152159807,0.30219413099736203,0.30220416118995186,0.3022141775473929,0.3033460109168199
145,0.7103015,0.33125725096964853,0.33091850832752867,0.33119456042296,0.33610809049497775,0.3145327593711946,0.32701990390335606,0.3195908582349741,0.3134563062117842,0.3121467005362922,0.31216499669778514,0.3096569585874383,0.3096667116397548,0.3096764514880127,0.31091216163234964
146,0.71482414,0.338517435945018,0.3381712483652494,0.3384560935899994,0.3435846572817737,0.3222989219726859,0.33488709608769607,0.3275994461773457,0.3209503586508547,0.319735573876057,0.31975633596044933,0.3171596158565135,0.31716904416425223,0.3171784599923586,0.3185217875471914
147,0.7193467,0.3457774924965469,0.3454238601108215,0.34571744154454587,0.3510658489108442,0.3300993571039479,0.342757410940023,0.33565878892553214,0.32849600767698467,0.3273667574948693,0.3273900822723089,0.32470365326514267,0.3247127104969937,0.32472175605686293,0.3261764332388586
148,0.7238693,0.3530376132599961,0.3526765360024679,0.35297880046861024,0.3585518661034055,0.3379349061541678,0.3506305089266553,0.34377003870118106,0.33609658755144484,0.3350420888667328,0.3350680730196788,0.3322910375956752,0.33229967942124694,0.33230831045315806,0.3338780505729796
149,0.72839195,0.36029781428834556,0.3599292920767072,0.36024018964388577,0.36604272783605996,0.3458061441737285,0.3585058567683125,0.3519340383829921,0.34375529374162794,0.3427632159616197,0.34279195560430803,0.3399235658137901,0.3399317507057087,0.33993992573809734,0.34162840249351795
150,0.73291457,0.36755796715775496,0.3671820000413908,0.3675014835971006,0.37353830391949905,0.35371339978295174,0.36638276246241425,0.3601513355714971,0.35147519445520226,0.3505316187772986,0.3505632089300997,0.34760288771669107,0.3476105777933468,0.3476182589835524,0.349429083850935
151,0.7374372,0.3748181360801443,0.37443472404259287,0.374762749291673,0.3810386629002486,0.3616571096403196,0.374260741505211,0.36842254537276165,0.3592595687043781,0.3583489602614402,0.3583834944056354,0.35533085421590016,0.35533801608556187,0.35534517006241995,0.3572818731286057
152,0.7419598,0.38207825684359337,0.3816873999342392,0.3820239250384929,0.38854374069540154,0.36963745721619656,0.38213916911198303,0.37674796992734283,0.3671115450214402,0.366216734601067,0.366254304057642,0.3631091711047417,0.36311577673596,0.3631223754691967,0.36518837866626663
153,0.74648243,0.3893384257659829,0.3889401239354415,0.3892851095123459,0.39605363915857184,0.3776546762871045,0.3900175942477921,0.38512790887131076,0.3750343880729555,0.37413656888829566,0.37417726225981324,0.37093969879266053,0.37094572634704426,0.3709517479797466,0.3731503409603879
154,0.75100505,0.39659857863539205,0.39619283190012494,0.3965462406630182,0.40356829418770945,0.38570868421021687,0.3978953917261144,0.3935622707311748,0.3830311242392507,0.38210986416286674,0.38215376658315087,0.378824098983951,0.37882953363104105,0.378834963294938,0.3811692710532207
155,0.7555276,0.40385861913394094,0.4034454276091785,0.40380722417506953,0.41108760824974316,0.3937992067660138,0.40577190210890235,0.4020506960507096,0.39110464632801645,0.39013791993544605,0.39018511230808256,0.3867639593285977,0.38676879397857794,0.3867736245279952,0.38924657449368694
156,0.76005024,0.41111880410931045,0.41069816764689926,0.411068318801167,0.41861184968555604,0.4019261943805178,0.413646850137705,0.4105929884423809,0.3992581122603355,0.3982223502638833,0.3982729086165048,0.39476120663449515,0.3947654425307031,0.3947696751372026,0.3973839690128725
157,0.76457286,0.4183789569787198,0.41795087561158284,0.418329349677278,0.4261408378907471,0.41008892864812774,0.421519491872254,0.4191881699010025,0.40749403033989523,0.406364198269198,0.4064181926829208,0.40281723274290193,0.40282087997253635,0.4028245246384683,0.4055825922327807
158,0.7690955,0.42563914195408925,0.4252036156493036,0.4255903826456667,0.43367464174579307,0.41828675814365285,0.42938934661116035,0.4278352461234346,0.4158149692881237,0.41456466788216756,0.41462216166001875,0.410933619964041,0.4109366977227258,0.41093977354943834,0.4138437365539383
159,0.7736181,0.43289926271753837,0.43245629154094994,0.432851322890878,0.4412131635629085,0.4265186312090945,0.43725576217969403,0.4365327077265898,0.4242230590371305,0.42282465881064535,0.42288570738789305,0.4191116826631334,0.4191142193138438,0.41911675456477776,0.422168379387156
160,0.7781407,0.44015938348098765,0.4397089674325965,0.4401122360458618,0.44875647224561843,0.43478344099621635,0.4451182634402902,0.44527888678078675,0.4327203083252458,0.43114511150230256,0.43120976143929374,0.42735281036534767,0.42735484318391515,0.42735687503464437,0.4305575289373468
161,0.78266335,0.44741958450933705,0.44696172350683566,0.4473732037053263,0.4563046535628026,0.44307984582438187,0.4529763960037143,0.45407176031907565,0.44130838792845667,0.43952682752662003,0.43959511536024354,0.4356582917635049,0.4356598663562175,0.43566144031661597,0.4390120415174566
162,0.78718597,0.45467973737874645,0.45421443147151924,0.45463409866861754,0.4638575763231397,0.45140599312282076,0.46082948359600506,0.4629086496928408,0.44998830224952624,0.4479701878217307,0.4480421387282954,0.44402903703351065,0.4440302063732099,0.44403137532781484,0.44753233521392405
163,0.7917085,0.46193974577133523,0.46146699510753575,0.46189482576794383,0.4714151424296251,0.4597597747340237,0.4686768894943361,0.47178648282663926,0.4587606044779201,0.4564754054966492,0.4565510320001657,0.45246582958838516,0.45246665258452246,0.45246747536620197,0.4561186425180219
164,0.79623115,0.46919994679968463,0.4687197511817749,0.46915572323614274,0.4789777051560872,0.468139273675732,0.4765184502430686,0.4807022627503201,0.4676258225372851,0.4650429798194534,0.46512228063139976,0.4609697783250937,0.460970317883093,0.46097085733498266,0.46477146677027104
165,0.8007538,0.47646014782803414,0.47597250725601425,0.47641659943883174,0.48654506633276456,0.47654163711545944,0.4843534351825436,0.48965186207089334,0.4765832189926791,0.47367254188053654,0.4737555001790568,0.46954117374227916,0.4695414943246054,0.46954181486237284,0.47349041436030037
166,0.8052764,0.4837202685914834,0.4832251831476607,0.4836773750633336,0.4941171445180536,0.4849637968034481,0.4921812413589936,0.49863078092737934,0.48563148423164126,0.48236357831812,0.4824501602840395,0.47818020662542465,0.47818037119914897,0.4781805357582074,0.4822749227554878
167,0.80979896,0.4909803251430122,0.4904777948932327,0.4909380670671441,0.5016939586109984,0.4934024360064096,0.5000013762342219,0.5076341057731019,0.4947686416504835,0.4911153904830295,0.49120554376243847,0.4868869287774352,0.48688699516240885,0.4868870615441527,0.49112421709654563
168,0.8143216,0.4982405101183817,0.4977305349309535,0.4981988689524099,0.5092757120164314,0.5018540688952483,0.5078135439656715,0.5166565883431368,0.5039920705490756,0.4999271689311816,0.5000208210726969,0.495661328427402,0.49566134503341885,0.4956613616391149,0.5000373834448076
169,0.8188442,0.5055006308818311,0.5049832108226,0.5054595888676254,0.5168622059317007,0.5103143725327103,0.5156170412107627,0.5256919267792347,0.513297703881894,0.5087972834857722,0.508894340051775,0.5045026237911382,0.5045026247532404,0.5045026257153399,0.5090126484340988
170,0.8233668,0.5127607516452801,0.5122358867142464,0.5127202917856752,0.524453509694113,0.5187789219018302,0.5234114488770307,0.5347335451731926,0.5226807488509227,0.5177240308386055,0.5178243737842928,0.5134100071434619,0.5134100068785709,0.5134100066136801,0.5180481332328649
171,0.8278894,0.5200208724087293,0.5194885626058927,0.5199809784197251,0.5320496256072127,0.5272428067233006,0.5311962869085315,0.54377418061967,0.5321351876806516,0.5267052163863275,0.5268087022475157,0.5223822281619347,0.5223822154179847,0.5223822026742408,0.5271414287671582
172,0.832412,0.5272809931721786,0.5267412384975393,0.5272416494435942,0.5396505559755266,0.5357006991982626,0.5389710838476219,0.5528059526507026,0.5416537647690235,0.5357382016084835,0.5358446596985065,0.531417640089522,0.5314175715779862,0.5314175030698544,0.5362896420678123
173,0.8369346,0.5345411139356276,0.5339939143891855,0.5345023054944306,0.5472563031045643,0.5441468502986411,0.5467353772585647,0.5618203577486509,0.5512278930268333,0.5448198735135047,0.5449291041128519,0.5405141677211406,0.540513961465764,0.5405137552317533,0.5454893642005438
174,0.84145725,0.5418013149639773,0.5412466704634249,0.541763027445756,0.5548669534667467,0.5525751829151161,0.5544887997985126,0.5708083686667437,0.5608476686110923,0.5539467152336953,0.5540584878166758,0.5496693762318023,0.5496689048032378,0.5496684334594066,0.5547367411782074
175,0.84597987,0.5490614678333865,0.5484993784281084,0.5490236874354253,0.5624823747787079,0.5609789609137849,0.5622307710849564,0.5797600833675255,0.5705013994353364,0.563114412326363,0.5632284637180328,0.5588800733442283,0.5588791572128081,0.5588782413378002,0.5640270750039663
176,0.8505025,0.5563216367557761,0.5557521024293107,0.5562843502210856,0.570102636671039,0.569351264714833,0.5699609267472009,0.5886652361783812,0.5801760539642391,0.572318327554437,0.5724343602838977,0.5681427817351832,0.568141182981675,0.568139584876733,0.5733553053305582
177,0.8550251,0.563581757519225,0.563004778320957,0.563544952099749,0.5777276740244722,0.5776846346234669,0.5776787762125426,0.5975128240611678,0.5898567605456375,0.5815530681725437,0.5816707488021359,0.577453299829398,0.5774507165553039,0.5774481347241237,0.5827155723659396
178,0.85954773,0.5708419264416145,0.5702575023221592,0.5708055898827451,0.5853575903085922,0.5859714250825065,0.5853840105969825,0.6062914921510136,0.5995271275056819,0.590812825668371,0.5909317833087429,0.5868070380994577,0.5868030998407685,0.5867991644956747,0.5921015633644122
179,0.8640703,0.5781019990461235,0.5775101301042498,0.5780661195465945,0.5929922359519912,0.5942033743404521,0.5930760768076249,0.6149890895262661,0.6091686574370634,0.6000908401383023,0.6002106650295858,0.5961984714607064,0.5961927360967906,0.5961870061839746,0.6015059727255175
180,0.8685929,0.5853621198095726,0.5847628059958963,0.5853266860168974,0.6006317651498917,0.6023722448204678,0.600754739901167,0.6235933625783326,0.6187614173272102,0.6093800542925101,0.6095002966555476,0.6056217918329212,0.6056137442405095,0.6056057062335762,0.6109211687578612
181,0.87311554,0.5926223047849422,0.5920155460336171,0.5925873057653568,0.6082761972198144,0.6104693918666722,0.6084196404788271,0.6320915171095542,0.62828346716509,0.6186725623166108,0.6187927313564915,0.6150703414537484,0.6150593945312156,0.6150484636143162,0.6203386396775419
182,0.87763816,0.5998824576543513,0.5992682539983004,0.599847882865986,0.615925433092713,0.6184858420314219,0.6160703131230554,0.6404703264383548,0.6377108951548185,0.6279596153800325,0.6280791786019444,0.6245366051336093,0.6245221036037774,0.6245076276452216,0.6297490046699538
183,0.8821608,0.6071426426297208,0.6065209940360212,0.6071084819131417,0.6235795427371384,0.6264126613788868,0.6237064746118275,0.6487165454125117,0.6470182128121139,0.6372319618532013,0.637350344692456,0.6340125430809934,0.6339937703426343,0.6339750369181996,0.6391423647280466
184,0.8866834,0.6144027633931701,0.6137736699276677,0.6143690069442707,0.6312384268934362,0.6342406773549577,0.631327685921496,0.6568166528475654,0.6561780106630907,0.6464794338077541,0.646596019668862,0.6434891538851746,0.643465342574269,0.6434415896846978,0.6485078902094121
185,0.891206,0.6216628841566194,0.6210263458193143,0.6216295225188725,0.6389021555534784,0.6419609167506677,0.638933690214803,0.6647573455015077,0.665161479234324,0.6556913606789875,0.6558054913624182,0.6529568796002047,0.6529272258209451,0.6528976562444984,0.6578342466531373
186,0.89572865,0.6289230851849688,0.6282791018935535,0.628890109234033,0.646570815842995,0.6495645429177994,0.6465242605463394,0.672525514431082,0.6739383688573275,0.6648563946923,0.6649673713210487,0.6624054084697838,0.6623690901384937,0.6623328898371672,0.6671094244980204
187,0.9002512,0.6361831256835176,0.635531697602607,0.6361505265953857,0.6542441556590719,0.6570426213640777,0.6540988485918063,0.6801080597965959,0.6824767949786595,0.6739621084826214,0.674069193186915,0.6718232357491011,0.6717794354142446,0.6717357963282903,0.6763203384145733
188,0.90477383,0.6434432946059071,0.6427844216038092,0.643411063870464,0.6619224826930405,0.6643871266087615,0.6616574733034232,0.6874929724834775,0.6907445050487669,0.6829960958018179,0.6830985136239953,0.6811987752873919,0.6811467061055758,0.6810948519959379,0.6854539465212353
189,0.90929645,0.6507034474753164,0.6500371295684927,0.6506715768603986,0.6696056465807115,0.6715900834687942,0.669199715728504,0.6946685254399495,0.6987080522516484,0.6919448037362859,0.6920417457435926,0.6905191244691519,0.6904580607991538,0.690397277565269,0.6944960733982227
190,0.9138191,0.6579636485036658,0.657289885642732,0.6579321300531062,0.6772937176298324,0.6786443769945606,0.6767253890028145,0.7016241640174998,0.7063339256024487,0.7007943917959675,0.7008850186311918,0.6997709219790147,0.6997002323626241,0.6996299005952108,0.7034322818838188
191,0.9183417,0.6652237692671151,0.6645425615343785,0.6651925952795036,0.6849865621391593,0.6855435166289515,0.6842341215905576,0.7083503494168704,0.7135885590319335,0.7095303068532123,0.7096137534541427,0.7089398706033979,0.70885905340815,0.7087786834360801,0.7122474445317745
192,0.9228643,0.6724838900305642,0.6717952374260249,0.6724530530580745,0.6926842674013045,0.6922821993259444,0.6917257734065371,0.7148391993258453,0.720439272919586,0.7181378560987506,0.7182132370078216,0.7180112984914161,0.7179200180131554,0.7178292852562642,0.7209263208426743
193,0.92738694,0.6797440750059336,0.6790479774637456,0.6797135678425921,0.7003869038881643,0.6988562697426717,0.6992002024502098,0.721084536717287,0.7268546218253561,0.7266020291731419,0.7266684450285764,0.7269699335632257,0.7268680559323466,0.7267668359219297,0.7294533735691849
194,0.93190956,0.687004227875343,0.6863006854284291,0.6869740435396084,0.7080943717705709,0.7052627889228262,0.7066571169475054,0.7270820606624334,0.7328049602658043,0.7349074532973069,0.734963998625855,0.7357998090975894,0.735687436161222,0.7355758374452591,0.7378127175751517
195,0.9364321,0.6942642523209118,0.6935532651009642,0.6942343840464543,0.7158065709620938,0.711500388616439,0.7140962417637823,0.7328297934998429,0.7382633683809152,0.7430387272109499,0.7430844992230434,0.7444845667334042,0.7443620654228106,0.7442404579376452,0.7459884479527654
196,0.94095474,0.7015244372962813,0.7008060051386849,0.7014948785394848,0.723523810773748,0.7175697924963255,0.7215177119392719,0.7383286671861334,0.7432067389970021,0.7509809967133344,0.751015104659543,0.753008022046711,0.7528760467682327,0.7527450833077894,0.7539652073881338
197,0.94547737,0.7087846062186706,0.7080587291398869,0.7087553506297536,0.731245905980852,0.7234732941342977,0.7289212015211758,0.7435821588001309,0.747616061700913,0.7587191842825347,0.758740761345216,0.7613532858276029,0.7612127933023541,0.7610734235930968,0.7617273995344248
198,0.95,0.71604477514106,0.715311453141089,0.7160158165643066,0.7389728759718485,0.729215524116299,0.7363065981637517,0.7485971098550387,0.7514778993202584,0.766238926415043,0.7662471419007167,0.7695037085012449,0.7693559607170034,0.7692094338982933,0.7692601185312785
