,x,eq_complex_1,eq_complex_3,eq_complex_4,eq_complex_5,eq_complex_6,eq_complex_7,eq_complex_8,eq_complex_9,eq_complex_10,eq_complex_11,eq_complex_13,eq_complex_14,eq_complex_15,eq_complex_16,eq_complex_17
0,0.054522615,-0.813369366928074,-0.8115315001844701,-0.8115309941035984,-0.8133216521665158,-0.7802896224722468,-0.8173846824662274,-0.7774847417841773,-0.7998940780195049,-0.7999561364764213,-0.8031438922239896,-0.7981725707025797,-0.798317763537957,-0.7967028300625649,-0.7955312287439631,-0.7927700423772226
1,0.059045225,-0.8094536114149058,-0.8076342156816332,-0.807633714686998,-0.8094054122398483,-0.7770212004038652,-0.8135390483367337,-0.7744074390781006,-0.79608581236512,-0.7961473757933349,-0.7993310414441399,-0.794364016585539,-0.7945092094209163,-0.7929018735287015,-0.7917361944999077,-0.7890745928122049
2,0.06356784,-0.8055378515726495,-0.8037369268701287,-0.8037364309617356,-0.8054891580468602,-0.7737466593868603,-0.8096946073842636,-0.7713323910716245,-0.7922795711409427,-0.7923406301973042,-0.7955199616428887,-0.7905573885505133,-0.7907025813858906,-0.7891029780023024,-0.7879433302644603,-0.7853818702372204
3,0.068090454,-0.8016220925962108,-0.7998396389203577,-0.7998391480982057,-0.8015728944741867,-0.7704659954474545,-0.8058513836871448,-0.7682593445127746,-0.7884753987704882,-0.788535943931183,-0.791710687004342,-0.7867527261041449,-0.7868979189395222,-0.785306185380948,-0.784152679959303,-0.7816919072183106
4,0.07261306,-0.7977063405463132,-0.7959423578644547,-0.7959418721285348,-0.7976566272615123,-0.7671792053618434,-0.8020094023859746,-0.76518804620581,-0.7846733412670266,-0.7847333628242452,-0.7879032529403656,-0.7829500701520329,-0.7830952629874102,-0.7815115390012384,-0.7803642889800868,-0.7780047371336802
5,0.07713568,-0.7937905763749686,-0.7920450647442827,-0.7920445840946106,-0.7937403370228466,-0.7638862647995648,-0.7981686642070253,-0.7621182227333277,-0.7808734210441073,-0.7809329090990961,-0.784097670851359,-0.7791494377977721,-0.7792946306331494,-0.7777190584929258,-0.7765781790935902,-0.7743203697258915
6,0.08165829,-0.7898748208618005,-0.7881477802414457,-0.7881473046780102,-0.7898240441907636,-0.7605871828871924,-0.7943292091607955,-0.7590496314533043,-0.7770756999586744,-0.7771346444235037,-0.7802939912491832,-0.7753508853902811,-0.7754960782256584,-0.7739288026928282,-0.7727944112473535,-0.7706388522062964
7,0.0861809,-0.7859590653486322,-0.7842504957386087,-0.7842500252614097,-0.7859077397409822,-0.7572819440006997,-0.7904910485923191,-0.7559820062673017,-0.7732802120927745,-0.7733386026826807,-0.7764922364283064,-0.7715544412867117,-0.771699634122089,-0.7701408025517413,-0.7690130185890446,-0.766960204048424
8,0.09070352,-0.7820433011772877,-0.7803532026184368,-0.7803527372274857,-0.7819914146331641,-0.7539705324516006,-0.7866541940660181,-0.7529150807897129,-0.7694869923577883,-0.769544818587355,-0.7726924290965039,-0.7677601344534698,-0.767905327288847,-0.766355089676596,-0.7652340349625895,-0.7632844447020327
9,0.09522613,-0.7781275456641195,-0.7764559181155998,-0.7764554578108852,-0.7780750857883987,-0.7506529545138634,-0.7828186828000194,-0.7498486087615196,-0.7656961016460462,-0.765753352829174,-0.768894617560262,-0.7639680196189077,-0.7641132124542849,-0.7625717214254529,-0.7614575199578608,-0.7596116179297776
10,0.099748746,-0.7742117849560455,-0.7725586284423619,-0.7725581732238906,-0.7741587389360705,-0.7473291900789721,-0.7789845216737876,-0.7467823193749363,-0.7619075714949464,-0.7619642367364967,-0.765098820278353,-0.7601781219135375,-0.7603233147489148,-0.7587907256744209,-0.757683503776722,-0.7559417381572312
11,0.10427135,-0.7702960346377832,-0.7686613491099259,-0.7686608989776844,-0.7702423892289554,-0.7439992439979577,-0.7751517465897251,-0.7437159648187447,-0.7581214627755635,-0.7581775309718384,-0.7613050846437002,-0.7563904955697054,-0.7565356884050826,-0.7550121593828876,-0.7539120456927977,-0.752274847303957
12,0.10879397,-0.7663802704664386,-0.7647640559897539,-0.7647636109437602,-0.7663260119662754,-0.7406630872465653,-0.7713203546551376,-0.740649266115209,-0.7543377987061468,-0.7543932585348729,-0.7575134198517972,-0.7526051569018026,-0.7527503497371798,-0.7512360417330861,-0.7501431673158768,-0.7486109498675106
13,0.11331658,-0.7624645149532705,-0.7608667714869168,-0.7608663315271598,-0.7624096291876306,-0.7373207305816465,-0.7674903889171084,-0.7375819810028275,-0.7505566485679483,-0.7506114884914596,-0.7537238807725535,-0.7488221680481242,-0.7489673608835015,-0.7474624376717196,-0.7463769359762612,-0.7449500939682189
14,0.11783919,-0.7585487594401024,-0.75696948698408,-0.7569690521105593,-0.758493231736119,-0.7339721582134175,-0.7636618620974495,-0.7345138429922755,-0.74677805239735,-0.7468322606537254,-0.7499364924722638,-0.7450415616227672,-0.7451867544581445,-0.7436913827445852,-0.7426133897026141,-0.7412922983857508
15,0.12236181,-0.7546329952687577,-0.753072193863908,-0.7530717640766351,-0.7545768104311643,-0.7306173542870371,-0.7598347871004486,-0.7314445858477507,-0.743002051145265,-0.7430556157441157,-0.7461512804169175,-0.7412633708776405,-0.7414085637130177,-0.739922913188001,-0.7388525672578327,-0.7376375817370091
16,0.12688442,-0.7507172397555896,-0.749174909361071,-0.7491744846600348,-0.7506603820461399,-0.7272563251979398,-0.7560092023769366,-0.7283739640342477,-0.7392287117100736,-0.7392816204326682,-0.7423682955548734,-0.7374876547426945,-0.7376328475780718,-0.7361570909037463,-0.7350945330623483,-0.7339859866643752
17,0.13140704,-0.7468014755842449,-0.745277616240899,-0.7452771966261106,-0.7467439286893627,-0.7238890476325361,-0.7521851126894212,-0.7253017052838917,-0.7354580685189085,-0.7355103089082184,-0.7385875557374394,-0.7337144393631028,-0.73385963219848,-0.7323939451485227,-0.7313393190031524,-0.7303375232607539
18,0.13592964,-0.7428857287292533,-0.7413803403553969,-0.7413799258268339,-0.7428274757395465,-0.7205155354873469,-0.7483625652233565,-0.7222275717932631,-0.7316901986117011,-0.7317417579755241,-0.7348091209815253,-0.7299437932223956,-0.7300889860577727,-0.7286335474600567,-0.7275869992044854,-0.7266922416920503
19,0.14045227,-0.7389699558997322,-0.7374830386178901,-0.737482629175586,-0.7389109792676642,-0.7171357429748598,-0.744541539681491,-0.7191512719572619,-0.7279251133125723,-0.7279759787071842,-0.7310329848263835,-0.7261757187267559,-0.726320911562133,-0.7248759035347332,-0.7238375821363034,-0.7230501273493033
20,0.14497487,-0.7350542090447405,-0.7335857627323881,-0.7335853583763093,-0.7349944905703848,-0.7137497064527911,-0.7407221088369778,-0.7160725896344362,-0.7241629164848931,-0.7242130747274862,-0.7272592330239926,-0.7224103105704471,-0.7225555034058243,-0.721121111160312,-0.7200911682054894,-0.7194112539091246
21,0.14949748,-0.7311384535315724,-0.7296884782295511,-0.7296880789597089,-0.7310779743128404,-0.7103573875241558,-0.7369042610908926,-0.7129912413931825,-0.7204036297002152,-0.7204530673491416,-0.7234878681802962,-0.7186475807569134,-0.7187927735922905,-0.7173691857212725,-0.7163477756427201,-0.7157756141708925
22,0.1540201,-0.7272226893602278,-0.7257911851093792,-0.7257907909257847,-0.7271614297632725,-0.7069587776462826,-0.7330880187446916,-0.7099069718106226,-0.716647308803291,-0.7166960121597177,-0.7197189266435542,-0.7148875752453616,-0.7150327680807389,-0.7136201765238658,-0.712607456573513,-0.7121432327754613
23,0.15854271,-0.7233069338470597,-0.7218939006065421,-0.7218935115091842,-0.7232448734715975,-0.7035538833373478,-0.7292734210502367,-0.7068195400133068,-0.7128940271983588,-0.7129419823051485,-0.7159524617368358,-0.711130357218906,-0.7112755500542832,-0.7098741501066947,-0.708870280361674,-0.7085141499866047
24,0.16306531,-0.7193911869920678,-0.7179966247210401,-0.7179962407099074,-0.7193283046272794,-0.700142696117738,-0.7254604904421353,-0.7037286924808237,-0.7091438426326293,-0.7091910352666985,-0.7121885104121044,-0.7073759738247605,-0.7075211666601375,-0.7061311570790338,-0.7051363005246563,-0.7048883895293916
25,0.16758794,-0.715475414162547,-0.7140993229835333,-0.7140989440586597,-0.715411687735996,-0.6967251772438892,-0.7216492157077827,-0.7006341493573255,-0.705396780706919,-0.7054431963677874,-0.7084270766648124,-0.7036244396476645,-0.7037696324830418,-0.7023912156512677,-0.7014055383087245,-0.7012659426149783
26,0.17211054,-0.711559667307555,-0.7102020470980311,-0.7102016732593829,-0.7114950738573165,-0.6933013635129417,-0.71783966994648,-0.6975357003274585,-0.7016529508665744,-0.701698574788971,-0.704668247952089,-0.6998758528283786,-0.7000210456637558,-0.6986544273950595,-0.6976780981647848,-0.697646880029813
27,0.17663316,-0.7076439031362105,-0.7063047539778592,-0.7063043852254588,-0.7075784187404657,-0.6898712085415435,-0.714031833591202,-0.6944330609802463,-0.6979123724362115,-0.697957189566499,-0.7009120205374446,-0.6961302208774821,-0.6962754137128593,-0.6949208035975568,-0.6939539945298676,-0.694031183912958
28,0.18115577,-0.7037281476230424,-0.7024074694750222,-0.7024071058088583,-0.7036617473622533,-0.686434726499797,-0.7102257544607199,-0.6913260029928899,-0.6941751319586358,-0.6942191269642386,-0.6971584574302967,-0.6923876181976831,-0.6925328110330604,-0.691190422292365,-0.6902333084681962,-0.6904188998113201
29,0.1856784,-0.6998123747935214,-0.6985101677375154,-0.6985098091576105,-0.6997450326814951,-0.6829918859987949,-0.7064214298465632,-0.6882142582034814,-0.6904412673710545,-0.6904844246250609,-0.69340757206475,-0.6886480700944878,-0.688793262929865,-0.6874633126406733,-0.6865160723451822,-0.6868100246736888
30,0.190201,-0.6958966279385297,-0.6946128918520134,-0.6946125383583338,-0.6958283168780492,-0.6795427165392225,-0.702618924289853,-0.6850976149250465,-0.6867108836557421,-0.6867531872471297,-0.6896594444439268,-0.6849116685843681,-0.6850568614197453,-0.6837395703595869,-0.6828023849535296,-0.683204618587454
31,0.1947236,-0.691980881083538,-0.6907156159665112,-0.690715267559057,-0.6919115727842203,-0.6760871867117672,-0.6988182349692651,-0.6819758079350187,-0.6829840207445323,-0.683025454458757,-0.6859140884221986,-0.6811784400856418,-0.681323632921019,-0.6800192258540223,-0.6790922799943012,-0.6796026770578503
32,0.19924621,-0.6880651255703698,-0.6868183314636742,-0.6868179881424565,-0.6879947904821815,-0.6726252802515031,-0.6950193758131529,-0.6788485872959877,-0.6792607361161116,-0.6793012834340453,-0.6821715346500734,-0.6774484281247475,-0.6775936209601248,-0.6763023266514367,-0.6753858082951938,-0.6760042107930053
33,0.20376883,-0.6841493613990252,-0.6829210383435023,-0.6829207001085325,-0.6840779686387471,-0.6691569885025956,-0.6912223690388473,-0.675715711608016,-0.6755410964955025,-0.6755807405907249,-0.6784318222240757,-0.6737216850141219,-0.6738668778494992,-0.6725889291055335,-0.6716830295336229,-0.6724092376311678
34,0.20829144,-0.6802336058858569,-0.6790237538406654,-0.679023420691932,-0.6801611231605555,-0.6656823181787038,-0.6874272534924739,-0.6725769550904772,-0.6718251860216184,-0.671863909759968,-0.674695006889418,-0.6699982800276151,-0.6701434728629923,-0.6688791065398181,-0.6679840203537106,-0.6688177903856979
35,0.21281406,-0.6763178417145124,-0.6751264607204934,-0.6751261326580079,-0.676244235224324,-0.6622012452798423,-0.6836340342650746,-0.669432066029696,-0.6681130569343456,-0.6681508428613296,-0.6709611114309039,-0.666278249975709,-0.6664234428110861,-0.6651729000034421,-0.664288825264695,-0.6652298691347043
36,0.21733667,-0.6724020862013442,-0.6712291762176564,-0.6712288532414075,-0.672327320554648,-0.6587137765555571,-0.6798427497908657,-0.666280822375353,-0.6644047952959972,-0.6644416256405237,-0.6672301917434195,-0.6625616650460779,-0.6627068578814552,-0.6614703838724525,-0.6605975220503464,-0.6616455046914138
37,0.22185928,-0.6684863306881761,-0.6673318917148194,-0.667331573824807,-0.6684103687919903,-0.6552198956610682,-0.6760534130911781,-0.6631229831705695,-0.6607004635047491,-0.6607363201684865,-0.6635022789920757,-0.658848571183171,-0.6589937640185481,-0.6577716084429908,-0.6569101645308852,-0.6580647029910263
38,0.2263819,-0.6645705665168316,-0.6634345985946475,-0.6634342857908828,-0.6644933694659867,-0.651719586184537,-0.6722660369182472,-0.6599583094189799,-0.6570001249450655,-0.6570349894979006,-0.6597774043766327,-0.6551390147727083,-0.6552842076080855,-0.6540766245275665,-0.653226807087528,-0.6544874688628046
39,0.2309045,-0.6606548196618397,-0.6595373227091453,-0.659537014991606,-0.6605763466304497,-0.6482128626904329,-0.6684806671868484,-0.6567865922346772,-0.6533038766476351,-0.6533377303322155,-0.6560556319997167,-0.6514330753749717,-0.6515782682103489,-0.6503855160571018,-0.649547537158118,-0.6509138375555042
40,0.23542711,-0.6567390641486717,-0.6556400382063083,-0.6556397355750057,-0.6566592722437977,-0.6446996932528586,-0.6646972992112522,-0.6536075828610568,-0.6496117674983592,-0.6496445912125746,-0.6523369765013018,-0.6477307837105515,-0.6478759765459288,-0.6466983183927121,-0.645872393807353,-0.6473437956119531
41,0.23994973,-0.652823299977327,-0.6517427450861365,-0.6517424475410816,-0.6527421441062446,-0.6411800691327996,-0.6609159530229989,-0.6504210557378294,-0.6459238718424211,-0.6459556461417747,-0.6486214771327566,-0.6440321954348021,-0.6441773882701792,-0.6430150918103448,-0.6422014409783154,-0.6437773519727882
42,0.24447234,-0.6489075444641589,-0.6478454605832995,-0.6478451681244811,-0.6488249771876684,-0.6376539971881046,-0.6571366649024827,-0.6472268017438318,-0.6422402811825381,-0.6422709862808793,-0.6449091894039155,-0.6403373828128216,-0.6404825756481988,-0.6393359132027956,-0.6385347592139278,-0.6402145299089456
43,0.24899496,-0.6449917802928143,-0.6439481674631276,-0.6439478800905569,-0.6449077516464117,-0.6341214531085726,-0.6533594371855493,-0.6440245859073149,-0.6385610552737583,-0.6385906710299951,-0.6412001357790895,-0.6366463856521615,-0.6367915784875388,-0.635660827220139,-0.6348723969612758,-0.6366553196695135
44,0.25351757,-0.6410760247796461,-0.6400508829602906,-0.6400506006739565,-0.6409904821046803,-0.6305824437883684,-0.6495843050616659,-0.6408142039786635,-0.634886287251965,-0.63491479317583,-0.6374943712930228,-0.63295927661545,-0.6331044694508272,-0.6319899113066925,-0.6312144353859506,-0.6330997414236881
45,0.2580402,-0.6371602519501252,-0.6361535812227838,-0.6361533040227088,-0.6370731396788878,-0.6270369369925837,-0.6458112613627867,-0.6375954187249456,-0.631216030410152,-0.6312434056463225,-0.633791909706344,-0.6292760877443615,-0.6294212805797388,-0.6283232025441733,-0.6275609154680373,-0.629547774369075
46,0.26256278,-0.6332445224114862,-0.6322563225719515,-0.6322560504580793,-0.633155781885594,-0.623484978913791,-0.6420403816539072,-0.6343680667103482,-0.6275504199146885,-0.6275766432644714,-0.630092846264308,-0.625596932587406,-0.6257421254227832,-0.6246608192352797,-0.6239119591476047,-0.6259994744712201
47,0.26708543,-0.6293287322656125,-0.6283590035997748,-0.6283587365721841,-0.6292383014301259,-0.6199264665040464,-0.6382715823409475,-0.6311318515347883,-0.6238894376508985,-0.6239144875205371,-0.6263971203951019,-0.621921770170843,-0.6220669630062202,-0.621002725946843,-0.6202675352234084,-0.6224547467945416
48,0.27160805,-0.6254129680942679,-0.624461710479603,-0.62446144853826,-0.6253207813174211,-0.6163614695897972,-0.6345049624222846,-0.6278866366253535,-0.6202332444101,-0.6202570988640768,-0.6227048509324046,-0.6182507384098266,-0.6183959312452038,-0.6173490653964046,-0.6166277900159209,-0.6189136670236703
49,0.27613065,-0.6214972212392762,-0.6205644345941008,-0.6205641777389833,-0.6214032089869561,-0.6127899716166281,-0.6307405282934226,-0.6246322097074568,-0.616581912425288,-0.6166045491555529,-0.6190160661773652,-0.6145838856343233,-0.6147290784697006,-0.613699891206237,-0.6129927811014368,-0.6153762225005052
50,0.28065327,-0.6175814570679315,-0.6166671414739289,-0.6166668897050591,-0.6174855455752017,-0.6092119322062781,-0.626978260466635,-0.621368339572421,-0.6129354903594886,-0.6129568866743853,-0.6153307694042313,-0.610921235774659,-0.6110664286100362,-0.6100552328058346,-0.6093625419847684,-0.6118423750408937
51,0.2851759,-0.6136656842384106,-0.6127698397364221,-0.6127695930538114,-0.6135677951814903,-0.6056273504044419,-0.6232181800576616,-0.618094833803035,-0.6092940677826112,-0.6093142006178563,-0.6116490039970625,-0.6072628531058145,-0.6074080459411918,-0.6064151598610124,-0.6057371462721632,-0.6083121233627307
52,0.28969848,-0.6097499546997717,-0.6088725810855898,-0.608872339489182,-0.6096500048357348,-0.6020362650419173,-0.6194603485814615,-0.6148115393657253,-0.6056577748293998,-0.6056766207606376,-0.6079708531729693,-0.6036088419320425,-0.6037540347674196,-0.6027797819416855,-0.6021167073216287,-0.6047855027773398
53,0.2942211,-0.605834190528427,-0.6049752879654179,-0.6049750514552579,-0.6057320912016539,-0.5984385958555303,-0.6157047017079087,-0.611518197371186,-0.6020266213759351,-0.6020441565744611,-0.6042962772774016,-0.5999591849587073,-0.6001043777940844,-0.5991490877218494,-0.598501218102853,-0.6012624291597404
54,0.29874372,-0.6019184263570825,-0.601077994845246,-0.6010777634213337,-0.6018140830855465,-0.5948343657453732,-0.6119512818471966,-0.6082146462962614,-0.5984007221475638,-0.5984169224158187,-0.6006253414528411,-0.5963139694754647,-0.5964591623108418,-0.5955231700134302,-0.594890775305321,-0.5977429172088825
55,0.30326632,-0.5980026795020907,-0.5971807189597439,-0.597180492622057,-0.5978959914447826,-0.5912235818508307,-0.6082001133553331,-0.6049007134255739,-0.5947801758851776,-0.5947950166506135,-0.5969580934489149,-0.5926732659445363,-0.5928184587799135,-0.5919021049639456,-0.591285459019937,-0.5942269632596068
56,0.30778894,-0.5940869153307462,-0.5932834258395719,-0.5932832045881328,-0.5939777746706502,-0.5876062033830193,-0.6044511693330985,-0.6015761852384665,-0.591165033416972,-0.5911784897134634,-0.5932945312137496,-0.5890370958535484,-0.5891822886889255,-0.588285920095381,-0.587685300922293,-0.5907145141850197
57,0.31231153,-0.5901711771339309,-0.5893861585714049,-0.5893859424061797,-0.5900594684716989,-0.5839822614919322,-0.6007044958947817,-0.5982409175542486,-0.5875554175502529,-0.5875674640454731,-0.5896347243547858,-0.5854055522791213,-0.5855507451144984,-0.5846747142110975,-0.5840904036478257,-0.5872055838194579
58,0.31683415,-0.5862554129625862,-0.5854888654512329,-0.5854886543722556,-0.5861410125214549,-0.5803516992251506,-0.5969600462927531,-0.5948946884471414,-0.5839513631567904,-0.5839619741185721,-0.585978652055362,-0.5817786390210977,-0.5819238318564749,-0.5810684974182361,-0.5805007815210061,-0.5837000975320772
59,0.32135677,-0.5823396487912417,-0.581591572331061,-0.5815913663383314,-0.5822224236436602,-0.5767145317145681,-0.5932178465093485,-0.591537345675092,-0.5803529767434696,-0.5803621260687657,-0.5823263648404133,-0.5781564311229743,-0.5783016239583516,-0.5774673507529637,-0.5769165194569541,-0.580198047297417
60,0.3258794,-0.5784238759617207,-0.5776942705935542,-0.5776940696870837,-0.5783036830776315,-0.5730707420002836,-0.5894778874364441,-0.5881687108486913,-0.57676033257671,-0.5767679937805763,-0.5786778792530877,-0.5745389703556929,-0.5746841631910702,-0.5738713222495035,-0.5733376694936396,-0.5766993906895275
61,0.330402,-0.574508129106729,-0.5737969947080521,-0.5737967988878069,-0.5743848143386484,-0.5694203534469983,-0.585740199199819,-0.5847886463631489,-0.5731735441202523,-0.5731796903547002,-0.5750332503778675,-0.570926337128118,-0.5710715299634952,-0.5702804984293106,-0.5697643219368809,-0.5732041204031719
62,0.3349246,-0.5705923822517371,-0.56989971882255,-0.5698995280885302,-0.5704657790996841,-0.5657633329893645,-0.5820047518110866,-0.5813969659441625,-0.5695926686287137,-0.5695972726624545,-0.5713924749336797,-0.5673185544042351,-0.5674637472396123,-0.5666949087910087,-0.5661965103024572,-0.5697121713034698
63,0.33944723,-0.5666766094222162,-0.5660024170850432,-0.5660022314372823,-0.566546537677683,-0.5620996473754296,-0.5782715129587658,-0.5779934865647883,-0.56601776273567,-0.5660207969569759,-0.56775554768309,-0.5637156436444481,-0.5638608364798253,-0.5631145814288234,-0.562634266668355,-0.5662234744906475
64,0.34396985,-0.5627608452508717,-0.5621051239648712,-0.5621049434033583,-0.562627109507776,-0.5584293200259607,-0.5745405055837777,-0.5745780814399665,-0.5624489374811168,-0.5624503739263776,-0.5641225174753269,-0.5601176802862667,-0.560262873121644,-0.5595395981546403,-0.5590776765020955,-0.5627380110506102
65,0.34849244,-0.5588451070540563,-0.558207856696704,-0.5582076812214051,-0.5587074949327994,-0.5547523583112765,-0.5708117333647896,-0.5711506126774292,-0.5588862868222146,-0.558886097174862,-0.5604934145961683,-0.5565247217266662,-0.5566699145620434,-0.5559700229182922,-0.5555268074238464,-0.5592557423670407
66,0.35301507,-0.5549293342245354,-0.5543105549591972,-0.5543103845701574,-0.5547876142633807,-0.5510686963381606,-0.5670851229350546,-0.5677108777310056,-0.5553298325749224,-0.5553279881388,-0.5568681945967959,-0.5529367517413094,-0.5530819445766866,-0.5524058466062243,-0.5519816542996916,-0.555776556187875
67,0.3575377,-0.5510135613950143,-0.5504132532216904,-0.5504130879189095,-0.5508674808028389,-0.5473783576275992,-0.5633606885744871,-0.564258761149128,-0.5517796816896539,-0.5517761534355571,-0.5532468985521355,-0.5493538391134738,-0.5494990319488511,-0.548847144631214,-0.5484422959910689,-0.5523004203970627
68,0.3620603,-0.5470978145400226,-0.5465159773361884,-0.5465158171196327,-0.5469470964820005,-0.5436813577441875,-0.5596384330224756,-0.5607941440334976,-0.5482359313193775,-0.5482306898902998,-0.549629556458902,-0.5457760419364959,-0.545921234771873,-0.545293981842273,-0.5449088007414955,-0.5488272903373635
69,0.3665829,-0.5431820676850309,-0.5426187014506862,-0.542618546320356,-0.5430264080659395,-0.5399776632392906,-0.5559183061902313,-0.5573168654403302,-0.5446986295778482,-0.5446916452755801,-0.5460161471452232,-0.5422033679667255,-0.5423485608021027,-0.5417463731601365,-0.5413811870272998,-0.5453570702990733
70,0.37110552,-0.5392663035136862,-0.5387214083305143,-0.5387212582864318,-0.5391053672893348,-0.5362672486874642,-0.552200262625875,-0.5538267756967012,-0.5411678303157684,-0.5411590731143516,-0.542406654150228,-0.5386358298967959,-0.5387810227321732,-0.5382043384797853,-0.53785947815311,-0.5418896671502733
71,0.37562814,-0.5353505393423417,-0.5348241152103425,-0.5348239702525077,-0.5351839562240603,-0.5325501214392968,-0.548484285916331,-0.5503237598562529,-0.5376436161385765,-0.537633055711373,-0.5388010893552618,-0.5350734686537587,-0.535218661489136,-0.534667925788818,-0.5343437252161285,-0.538425013061643
72,0.38015077,-0.5314347665128207,-0.5309268134728355,-0.5309266736012599,-0.5312621258028655,-0.5288262642295628,-0.544770330902576,-0.546807683791031,-0.5341260434349605,-0.5341136491557686,-0.5351994368542654,-0.5315162978787038,-0.531661490714081,-0.5311371560374596,-0.5308339522756607,-0.5349630116029005
73,0.38467336,-0.5275190283160054,-0.5270295462046684,-0.5270294114193068,-0.5273398728955806,-0.5250957092596781,-0.5410583973583171,-0.5432784641604165,-0.5306152120910355,-0.5306009530730127,-0.5316017243863018,-0.5279643744406528,-0.52810956727603,-0.527612093126118,-0.5273302259097696,-0.5315036064207295
74,0.38919598,-0.5236032641446609,-0.5231322530844965,-0.5231321233853827,-0.5234170830103656,-0.5213583897655294,-0.5373483819937355,-0.5397359280728274,-0.5271111253887383,-0.5270949704508099,-0.528007879853759,-0.5244176567280154,-0.5245628495633926,-0.5240927032602506,-0.5238325154020973,-0.5280466433027102
75,0.3937186,-0.5196874999733163,-0.5192349599643247,-0.5192348353514586,-0.5194937195965439,-0.5176143214146567,-0.5336402587840163,-0.5361799846528547,-0.5236138605181562,-0.5235957782433818,-0.5244179060952943,-0.5208761771647549,-0.521021370000132,-0.520579026162145,-0.5203408629036154,-0.5245920382445077
76,0.39824122,-0.5157717358019717,-0.5153376668441527,-0.5153375473175345,-0.515569709437572,-0.5138634951399981,-0.5299339719813299,-0.5326105237621874,-0.5201234672253674,-0.5201034259677081,-0.5208317771385395,-0.517339939717878,-0.5174851325532552,-0.5170710733425683,-0.5168552822972939,-0.5211396777364743
77,0.4027638,-0.5118560062633327,-0.5114404081933204,-0.511440293752905,-0.5116450010162574,-0.5101059351274113,-0.526229493218077,-0.529027471150998,-0.5166400215115958,-0.5166179894344963,-0.5172494934364544,-0.5138089743216873,-0.5139541671570644,-0.5135688820879574,-0.5133758128244603,-0.5176894719689075
78,0.40728644,-0.5079402247756353,-0.5075430978384787,-0.5075429884843335,-0.507719405271235,-0.506341549158881,-0.5225266737996599,-0.5254306456722942,-0.5131634866839135,-0.5131394317210629,-0.5136709390267092,-0.51028319604496,-0.5104283888803373,-0.5100723757762502,-0.5099023802913967,-0.514241217280164
79,0.41180903,-0.5040244865788199,-0.5036458305703115,-0.5036457263023805,-0.5037928954473537,-0.5025704196702063,-0.5188255310181819,-0.5218200371344378,-0.5096939822284287,-0.5096678722018536,-0.5100961582772521,-0.5067626777469376,-0.5069078705823148,-0.5065816342821214,-0.5064350656824218,-0.5107948628161442
80,0.41633165,-0.5001087224074754,-0.4997485374501396,-0.4997484382684564,-0.4998652547899058,-0.49879247088864226,-0.5151259203191134,-0.5181954883631001,-0.5062314757896983,-0.5062032783514423,-0.5065250389865027,-0.503247337763039,-0.5033925305984163,-0.5030965842410572,-0.5029737974395406,-0.507350205247211
81,0.42085424,-0.49619298421066005,-0.4958512701819724,-0.49585117608650325,-0.49593635625252863,-0.4950077438138151,-0.511427805076343,-0.5145569583064187,-0.5027760360286206,-0.5027457187537633,-0.5029575729567483,-0.4997371964868267,-0.49988238932220386,-0.49961725346644204,-0.49951860415730553,-0.5039071400061297
82,0.42537686,-0.49227722003931546,-0.4919539770618005,-0.4919538880525791,-0.4920059276074701,-0.4912161791027252,-0.507731043537414,-0.5109043138416499,-0.4993276329676062,-0.49929516333004054,-0.4993936502616396,-0.496232173750806,-0.4963773665861832,-0.49614357005982634,-0.4960694150325392,-0.5004654629371829
83,0.42989948,-0.4883614558679709,-0.4880566839416286,-0.48805660001865503,-0.4880737214480084,-0.48741779269532126,-0.5040355602025299,-0.5072374985190735,-0.4958862980025379,-0.4958516434511899,-0.4958332245480453,-0.49273225140836885,-0.492877444243746,-0.4926755235636419,-0.4926262198769388,-0.49702502989117336
84,0.43442208,-0.4844457090129791,-0.4841594080561265,-0.4841593292193782,-0.48413941114233633,-0.48361259228035924,-0.5003412636496967,-0.5035564524474588,-0.4924520467577399,-0.4924151747493279,-0.49227623365011,-0.4892373950900658,-0.48938258792544304,-0.48921308737891017,-0.4891889920339621,-0.4935856802538911
85,0.4389447,-0.4805299448416345,-0.48026211493595455,-0.4802620411854541,-0.4802025229533868,-0.47980053503813647,-0.4966480053362995,-0.49986107122978224,-0.48902484069573054,-0.4889857187049556,-0.48872255991430186,-0.4857475151634007,-0.4858927079987779,-0.48575618008946503,-0.4857576499634849,-0.49014719863500156
86,0.44346732,-0.47661418067029,-0.47636482181578266,-0.47636475315153,-0.4762625052761268,-0.47598162860536236,-0.49295567721446,-0.4961513036554441,-0.4856046775872306,-0.48556327317880843,-0.4851721241106774,-0.4822625588923296,-0.4824077517277068,-0.48230475675157186,-0.4823321478328786,-0.48670940579442923
87,0.44798994,-0.47269841649894545,-0.47246752869561076,-0.4724674651176059,-0.47231860703226763,-0.4721558637954383,-0.4892641459569683,-0.4924270866705015,-0.48219153004339976,-0.4821478109081814,-0.4816248220106577,-0.47878244799628294,-0.4789276408316602,-0.4788587470132749,-0.4789124140493969,-0.4832720974616759
88,0.45251256,-0.46878265232760086,-0.46857023557543886,-0.46857017708368176,-0.46836981589848503,-0.4683232314108257,-0.48557326886028196,-0.48868836164386265,-0.47878535999289146,-0.4787392939970597,-0.47808053961474817,-0.4753070934887315,-0.47545228632410874,-0.47541806979902895,-0.4754983658011443,-0.47983505920086494
89,0.45703515,-0.4648669141307855,-0.46467296830727167,-0.46467291490172863,-0.4644147601639809,-0.4644837477345675,-0.48188291787071214,-0.4849350993304111,-0.47538614044278005,-0.4753376956964517,-0.47453917610262447,-0.47183641802662113,-0.4719816108619983,-0.47198265541034123,-0.472089930942868,-0.47639808885467044
90,0.46155778,-0.4609511413012646,-0.4607756665697649,-0.4607756182504809,-0.4604513920057536,-0.46063734409743623,-0.4781928730439172,-0.4811671918565448,-0.4719937570333477,-0.47194290189418864,-0.4710005415120098,-0.4683702555046891,-0.4685154483400663,-0.46855234612528446,-0.46868694933792054,-0.4729608973864132
91,0.4660804,-0.45703537712992,-0.4568783734495929,-0.45687833021655677,-0.4564768337042864,-0.45678405372445813,-0.4745030015725373,-0.4773846354727277,-0.46860817246883985,-0.4685548756656458,-0.4674645283973878,-0.46490851911351444,-0.46505371194889167,-0.46512706251924557,-0.46528933782427995,-0.46952327569850544
92,0.470603,-0.45311963027492824,-0.45298109756409083,-0.45298105941728,-0.45248661462889855,-0.45292387596292866,-0.47081312673191783,-0.4735873979148725,-0.46522930531113604,-0.465173535987628,-0.46393098592103615,-0.46145107776363237,-0.4615962705990096,-0.4617066811140236,-0.4618969687747308,-0.4660849726673696
93,0.4751256,-0.44920388341993644,-0.44908382167858873,-0.4490837886180032,-0.4484734811080709,-0.4490567845357219,-0.46712303553336676,-0.46977542621369445,-0.4618570367945516,-0.46179876456166047,-0.4603997271478504,-0.45799776312512364,-0.4581429559605008,-0.4582910413412665,-0.45850967697004846,-0.4626457023423717
94,0.47964823,-0.4452881105904155,-0.44518651994108194,-0.4451864919667554,-0.4444249073918708,-0.4451827444588415,-0.46343249450436597,-0.46594866317157746,-0.45849122493093925,-0.45843041993387956,-0.4568705440673083,-0.45454838418397914,-0.4546935770193563,-0.4548799599282608,-0.45512727382370116,-0.4592051587288573
95,0.48417085,-0.4413723464190709,-0.44128922682091004,-0.44128920393283133,-0.44031731998261975,-0.44130178067550535,-0.45974131442702354,-0.46210711529089726,-0.4551317629145686,-0.45506839594992876,-0.45334326930586133,-0.4511027873344984,-0.4512479801698756,-0.451473290281135,-0.45174960620578664,-0.4557630762557246
96,0.48869348,-0.43745657358955,-0.4373919250834032,-0.4373919072815835,-0.4361001095554412,-0.43741386673771276,-0.45604924370081956,-0.45825074286636813,-0.4517784812607357,-0.45171252382589305,-0.44981767396871547,-0.44766075631444996,-0.4478059491498272,-0.4480708234929999,-0.4483764582247326,-0.4523191304766165
97,0.49321607,-0.4335408353927346,-0.433494657815236,-0.4334946450996304,-0.43164178875154474,-0.433519036400967,-0.45235607388652027,-0.4543795704978109,-0.4484312432159308,-0.44836266763743055,-0.44629356829968225,-0.4442221103055789,-0.4443673031409561,-0.44467238529506786,-0.445007647292056,-0.448873036616641
98,0.4977387,-0.42962506256321364,-0.4295973560777292,-0.42959734844838265,-0.4264599778578226,-0.4296172114620915,-0.44866147581075677,-0.4504935160668075,-0.4450897954874057,-0.4450185749393038,-0.44277064506263486,-0.44078655086208185,-0.4409317436974591,-0.44127768472711026,-0.44164287404589275,-0.44542439677515955
99,0.5022613,-0.42570931570822185,-0.4257000801922271,-0.42570007764910583,-0.4162140830112427,-0.4257084429707479,-0.4449652276362466,-0.44659263057490534,-0.44175397418094114,-0.44168008287120203,-0.4392486969300408,-0.43735387376480245,-0.4374990666001797,-0.4378865234634073,-0.43828192978337777,-0.4419729128792712
100,0.5067839,-0.4217935688532301,-0.42180280430672507,-0.42180280684982907,-0.4312888658080819,-0.4217926957383732,-0.4412670100633343,-0.4426768837450579,-0.4384235186471053,-0.43834693186445395,-0.43572742090079697,-0.43392377798224385,-0.4340689708176211,-0.4344986069798559,-0.4349245092152045,-0.43851819568477973
101,0.5113065,-0.4178778219982383,-0.4179055284212229,-0.41790553605055225,-0.421042913843393,-0.41786996042421826,-0.43756651189455675,-0.4387462755772573,-0.43509816624530734,-0.4350188604880213,-0.43220651873785876,-0.4304959633710753,-0.43064115620645255,-0.431113641048948,-0.43157030604216523,-0.43505986343673886
102,0.51582915,-0.41396203185236463,-0.4140082094490463,-0.4140082221646572,-0.4158610777046515,-0.413940184192203,-0.4338633639492661,-0.4348007669188649,-0.43177759207952227,-0.4316955451427701,-0.42868563380614527,-0.42707006889146987,-0.4272152617268471,-0.42773127066798644,-0.4282189523614425,-0.43159748025479583
103,0.52035177,-0.41004626768102004,-0.41011091632887436,-0.4101109341307331,-0.4114027287418071,-0.4100034271455709,-0.43015728582127927,-0.43084043655900917,-0.42846153968034445,-0.42837673085941835,-0.4251644903082382,-0.4236458077856603,-0.42379100062103753,-0.4243512134579443,-0.42487015076338586,-0.4281306934988577
104,0.5248744,-0.4061304948514991,-0.40621361459136757,-0.4062136374794853,-0.4071855194892773,-0.40605964513812065,-0.42644788055630767,-0.4268652632107541,-0.4251496359212336,-0.42506204607030934,-0.4216426977446403,-0.42022277699884786,-0.42036796983422503,-0.4209730714380764,-0.4215234877503252,-0.42465904195067944
105,0.529397,-0.4022147479965073,-0.4023163387058655,-0.4023163666802085,-0.4030779506850306,-0.40210886371148674,-0.42273479784786216,-0.42287530031244147,-0.42184153621062487,-0.4217511479303396,-0.4181199056903733,-0.41680060742251357,-0.4169458002578908,-0.417596479276693,-0.4181785805392982,-0.42118210858539323
106,0.53391963,-0.39829897516698637,-0.3984190369683587,-0.39841907002896076,-0.3990293771136891,-0.3981510210552503,-0.419017585707875,-0.41887051764748523,-0.41853679109115843,-0.4184435888128152,-0.41459566263783765,-0.41337882638528806,-0.41352401922066523,-0.4142209685191821,-0.41483494247028624,-0.4176993818721059
107,0.5384422,-0.39438325428652377,-0.3945217869348613,-0.39452182508165495,-0.3950162702181423,-0.39418618659263926,-0.4152958951997148,-0.4148510223025568,-0.41523502734761314,-0.41513899758016826,-0.41106960978648094,-0.40995704551609136,-0.4101022383514686,-0.41084615285044646,-0.4114921664352995,-0.41421044768516163
108,0.5429648,-0.39046750743153197,-0.39062451104935914,-0.39062455428237813,-0.39102605107951,-0.39021427207402676,-0.41156920848719153,-0.4108167662002252,-0.4119357051847964,-0.41183683656428793,-0.40754122283760763,-0.4065347097196709,-0.4066799025550481,-0.40747148039085873,-0.4081496794225285,-0.4107147346132192
109,0.54748744,-0.3865517259438346,-0.3867272006945174,-0.3867272490138067,-0.3870514751847124,-0.38623525912315376,-0.40783705189094005,-0.40676777635315314,-0.40863830640131904,-0.40853658991041103,-0.4040100135418823,-0.40311129249212235,-0.4032564853274995,-0.4040964262772606,-0.404806933180977,-0.407211713710033
110,0.55201006,-0.3826359617724901,-0.38282990757434554,-0.38282996097988264,-0.3830881157897877,-0.38224919103974253,-0.4040989874491524,-0.4027041471540719,-0.40534232506393736,-0.4052377542545386,-0.4004755210368743,-0.39968628699985426,-0.3998314798352315,-0.40072048371019986,-0.40146339524183644,-0.40370089087915334
111,0.5565327,-0.3787201802847927,-0.37893259721950384,-0.3789326557113112,-0.37913301635912094,-0.3782560231166465,-0.4003544719432362,-0.3986258879232527,-0.4020471417174336,-0.4019397128347669,-0.3969371779941479,-0.3962590759518952,-0.3964042687872724,-0.3973430355698383,-0.39811842166314726,-0.40018167463520704
112,0.5610553,-0.3748044334298009,-0.3750353213340017,-0.3750353849120343,-0.3751842427305545,-0.3742557989128096,-0.3966030216477789,-0.3945331025949235,-0.39875216724172746,-0.39864187948336494,-0.39339446585530896,-0.392829081632356,-0.39297427446773325,-0.3939635021857501,-0.39477140327754745,-0.39665353094475214
113,0.5655779,-0.3708886865748092,-0.37113804544849965,-0.3711381141127576,-0.3712403619419181,-0.37024847366751074,-0.39284404618575514,-0.39042580935351806,-0.3954566951624791,-0.39534355082006056,-0.3898467572522548,-0.3893956128630706,-0.38954080569844785,-0.39058119039949835,-0.391421616098118,-0.393115827163379
114,0.57010055,-0.3669728964289354,-0.36724072647632294,-0.36724080022686245,-0.3673003181439458,-0.3662339934732896,-0.3890769222051497,-0.38630402118143414,-0.3921599651867806,-0.3920439698539929,-0.3862933850891553,-0.3859579315565741,-0.3861031243919513,-0.3871953590467994,-0.3880682860591331,-0.38956790124132123
115,0.5746231,-0.3630571928648256,-0.3633434936774954,-0.36334357251420396,-0.3633634908897218,-0.36221248209655943,-0.385301168278646,-0.38216793807556426,-0.3888613143002055,-0.3887424772222602,-0.3827338067312247,-0.3825154110630105,-0.38266060389838774,-0.383805374738442,-0.38471074319148585,-0.38600922663524423
116,0.5791457,-0.35914144600983383,-0.35944621779199337,-0.3594463017149272,-0.35942918056591905,-0.3581837967647257,-0.38151602752235475,-0.3780174905486918,-0.3855598101375789,-0.3854381442554484,-0.3791672097023317,-0.3790671543476562,-0.37921234718303337,-0.3804103356807921,-0.38134804893468927,-0.38243901908170297
117,0.58366835,-0.35522565586396015,-0.35554889881981677,-0.35554898782903216,-0.355496948313983,-0.3541479277211338,-0.3777208421388329,-0.3738527499665248,-0.38225457689855313,-0.38213009918657953,-0.3755928641764713,-0.37561233455322257,-0.37575752738859974,-0.37700940692961443,-0.37797932805450296,-0.37885658936327754
118,0.588191,-0.35130986571808637,-0.35165157984764006,-0.351651673943137,-0.35156649360046716,-0.3501049099341772,-0.37391497042371097,-0.36967383833846235,-0.37894472055137013,-0.37881745230059655,-0.3720100437607232,-0.3721501178673694,-0.3722953107027466,-0.37360174421031445,-0.3746036930863098,-0.375261265262036
119,0.5927136,-0.3473941188630946,-0.347754303962138,-0.3477544031438603,-0.3476375863848768,-0.3460547786770552,-0.3700977448923006,-0.36548088263816403,-0.37562929037934933,-0.37549925745857426,-0.3684179851560141,-0.3686796240951238,-0.36882481693050095,-0.3701864549080919,-0.37122020558560864,-0.37165235200876473
120,0.5972362,-0.34347837200810283,-0.3438570280766359,-0.3438571323445834,-0.3437099631028572,-0.34199747973785205,-0.3662683873754588,-0.36127392159470895,-0.37230720346845464,-0.3721744365343079,-0.3648158073962621,-0.3651998482452055,-0.3653450410805827,-0.36676252072449944,-0.3678277993794153,-0.3680290517634276
121,0.60175884,-0.33956259052040544,-0.3399597177217941,-0.33995982707601197,-0.33978340987788164,-0.33793296757130653,-0.3624261011706742,-0.3570530069529972,-0.3689773229376713,-0.3688418577230247,-0.3612025976448394,-0.3617097430378866,-0.3618549358732638,-0.36332887868793523,-0.36442536068477416,-0.36439055037358875
122,0.60628146,-0.33564682634906085,-0.3360624246016222,-0.3360625390420878,-0.3358578315034534,-0.33386128647514973,-0.35857014800835596,-0.35281828801651516,-0.36563852242529293,-0.36550040008955487,-0.3575774824721994,-0.358208287336166,-0.3583534801715432,-0.3598844882343366,-0.36101179447464204,-0.3607360900908223
123,0.610804,-0.3317311314431275,-0.3321652004201296,-0.3321653199467531,-0.33193315779859894,-0.3297824811173752,-0.3546997640183742,-0.3485699190507461,-0.36228961101832324,-0.36214887844472016,-0.35393954767703617,-0.35469440831952054,-0.35483960115489777,-0.35642825438105635,-0.357585948261166,-0.357064889801749
124,0.61532664,-0.3278153499554301,-0.32826789006528784,-0.3282680146781816,-0.328009130289011,-0.3256963795116264,-0.3508139534795602,-0.34430783270688087,-0.3589291528530345,-0.35878586281972036,-0.35028764331043827,-0.35116679280466173,-0.3513119856400389,-0.3529588419216949,-0.3541464277681732,-0.3533759487040511
125,0.61984926,-0.3238995857840856,-0.324370596945116,-0.3243707266442576,-0.3240857668785105,-0.3216030802729667,-0.3469119518315199,-0.34003224771064594,-0.35555586547285856,-0.35541007714263956,-0.34662081760223273,-0.34762430604514,-0.3477694988805172,-0.34947508707394204,-0.350692004864087,-0.3496684850481758
126,0.6243719,-0.3199838042963883,-0.32047328659027424,-0.32047342137568613,-0.3201629596499982,-0.3175025375759802,-0.34299283219579413,-0.3357432363863133,-0.3521682771859304,-0.3520200563397768,-0.34293794579914116,-0.34406563292281883,-0.34421082575819606,-0.34597564427996447,-0.3472212673428571,-0.34594156218362704
127,0.62889445,-0.3160681007322784,-0.3165760537914467,-0.31657619366302764,-0.3162407414357138,-0.31339484168852116,-0.33905577360107647,-0.33144101760220485,-0.3487649567960362,-0.348614376244695,-0.3392379808536071,-0.34048951990530624,-0.34063471274068347,-0.3424592238578389,-0.34373285447588686,-0.3421943426334406
128,0.63341707,-0.31215233656093383,-0.31267876067127476,-0.3126789056291035,-0.3123189196860688,-0.30927983769022693,-0.33509969676887863,-0.32712555755118805,-0.34534419651498266,-0.3451913362961844,-0.3355196096640465,-0.3368944426065169,-0.33703963544189414,-0.33892426478572363,-0.34022513232575474,-0.3384257406271396
129,0.6379397,-0.30823656373141295,-0.30878145893376796,-0.3087816089778557,-0.3083974999500986,-0.305157570324452,-0.3311236913057896,-0.32279703547903354,-0.34190437895992876,-0.341749326799266,-0.33178165295888484,-0.3332789920962562,-0.3334241849316334,-0.3353693142265394,-0.3366965701309318,-0.33463482755963425
130,0.6424623,-0.3043208168764211,-0.3048841830482658,-0.3048843381785789,-0.30447647651278126,-0.30102806643020374,-0.3271268092799645,-0.31845561609378303,-0.33844379655619794,-0.33828664820274257,-0.32802286969156413,-0.3296416858245883,-0.32978687865996553,-0.3317928412450318,-0.3331455554784437,-0.3308206345091576
131,0.6469849,-0.30040507002142935,-0.3009869071627638,-0.30098706737930214,-0.30055578809564143,-0.2968912890077323,-0.3231080219517319,-0.31410140102003853,-0.33496061182912723,-0.33480147137454797,-0.3242419145900374,-0.32598092647885657,-0.32612611931423374,-0.3281931959783991,-0.3295703536575031,-0.326982109440929
132,0.6515075,-0.29648932316643756,-0.2970896312772616,-0.2970897965800253,-0.2966354037738219,-0.2927472283659987,-0.3190663096083846,-0.3097345244682962,-0.3314529329533001,-0.33129191320178886,-0.32043742078140125,-0.3222950819586199,-0.3224402747939971,-0.32456868787255067,-0.3259691852522213,-0.32311820129102836
133,0.6560301,-0.29257357631144587,-0.29319235539175964,-0.2931925257807486,-0.29271529631497684,-0.28859587480246207,-0.31500063749224405,-0.3053551245245976,-0.32791879083598346,-0.32775601366009843,-0.3166079752451901,-0.3185824617913256,-0.3187276546267028,-0.3209175620712275,-0.32234020266036895,-0.31922783525095993
134,0.66055274,-0.2886577948237485,-0.2892950450369179,-0.28929522051217715,-0.2887954069761412,-0.2844371817896333,-0.31090992207260915,-0.3009633042109555,-0.3243561076837596,-0.32419170436553446,-0.31275208499058715,-0.31484128455725147,-0.31498647739262864,-0.3172379669319427,-0.31868145775214285,-0.3153098784369486
135,0.6650754,-0.28474199601969835,-0.28539771744740633,-0.28539789800895843,-0.2848757317338926,-0.28027115784685147,-0.3067931241147095,-0.2965592284162707,-0.3207627760356187,-0.32059688764243616,-0.3088682626288504,-0.31106976124580343,-0.31121495408118066,-0.31352803553753633,-0.3149909828827845,-0.3113632267301748
136,0.66959804,-0.28082621453200096,-0.2815004070925646,-0.28150059274038697,-0.2809562862334355,-0.27609783008248256,-0.3026492169554821,-0.292143085550712,-0.31713662969612555,-0.3169694074309579,-0.30495499441371077,-0.30726606488750446,-0.30741125772288164,-0.3097858553606707,-0.3112667607980811,-0.30738677203600356
137,0.67412066,-0.2769104503606564,-0.2776031139723926,-0.2776033047064628,-0.2770370534793436,-0.27191718884479527,-0.29847713536800935,-0.28771502893165096,-0.3134753974463952,-0.31330700297197855,-0.3010106896916603,-0.3034282820864874,-0.30357347492186465,-0.3060094200759982,-0.3075066767079605,-0.3033793504190418
138,0.6786433,-0.27299466887295915,-0.273705803617551,-0.2737059994378914,-0.2731179835810561,-0.2677291873979293,-0.294275778507049,-0.28327517620565046,-0.30977670375853306,-0.30960730951825133,-0.2970336811156067,-0.29955441386067244,-0.29969960669604967,-0.30219662982334516,-0.30370851851651925,-0.29933974164299515
139,0.68316585,-0.26907896530884934,-0.26980857081872345,-0.269808771725233,-0.26919915816959417,-0.2635339180015154,-0.29004419161745404,-0.2788237960419727,-0.30603822777959094,-0.30586801734378766,-0.2930223942732807,-0.2956425419220002,-0.2957877347573774,-0.29834545432583565,-0.2998701394182708,-0.29526684051071717
140,0.68768847,-0.2651632011375047,-0.2659112776985515,-0.2659114836913088,-0.26528042626928033,-0.2593312224995056,-0.28578117900164957,-0.2743608950026036,-0.3022573607662514,-0.3020865290814697,-0.2889749783812291,-0.2916904697946615,-0.2918356626300387,-0.2944535790198789,-0.2959891053496332,-0.2911592806497345
141,0.6922111,-0.2612474283079838,-0.2620139759610447,-0.2620141870400611,-0.26136182872796654,-0.2551211466571174,-0.2814857673150112,-0.2698866994655481,-0.29843161432303034,-0.2982603680349958,-0.2848897426415929,-0.2876961495778225,-0.2878413424131997,-0.2905188245614571,-0.2920631131688207,-0.28701587613358
142,0.6967337,-0.257331681452992,-0.25811670007554255,-0.25811691624078426,-0.25744339010668227,-0.2509037179521794,-0.27715698910012876,-0.2654014200046455,-0.2945584297466016,-0.2943869874442665,-0.2807649487253107,-0.2836574814520668,-0.28380267428744405,-0.2865389488886809,-0.28808979366012444,-0.28283540882360847
143,0.7012563,-0.25341593459800016,-0.25421942419004045,-0.25421964544150744,-0.25352507524439516,-0.2466788986641475,-0.27279384058867795,-0.2609052013063392,-0.29063513975895283,-0.29046373219540333,-0.27659876753510837,-0.27957227297348586,-0.27971746580886303,-0.2825116064194986,-0.2840666709117178,-0.27861658244538845
144,0.7057789,-0.24950018774300844,-0.25032214830453836,-0.25032237464223067,-0.2496068757978267,-0.24244667896310737,-0.2683953841766321,-0.2563982210469372,-0.28665906029040233,-0.286487930579812,-0.2723893738401006,-0.2754383336801681,-0.2755835265155453,-0.278434440582869,-0.27999125487420234,-0.27435811600173354
145,0.7103015,-0.24558444088801665,-0.24642487241903627,-0.24642510384295385,-0.24568878415717096,-0.2382070490074877,-0.2639607282176087,-0.25188066019674776,-0.2826274735867028,-0.2824568773594618,-0.26813492423836716,-0.271253455927132,-0.2713986487625093,-0.27430506426605367,-0.27586102213835983,-0.2700587184087063
146,0.71482414,-0.24166865940031926,-0.24252756206419454,-0.2425277985743824,-0.24177075871510229,-0.23395996134829808,-0.25948899618365867,-0.24735266287187888,-0.27853760131210764,-0.2783678068343261,-0.2638335244950375,-0.2670153852982684,-0.2671605781336456,-0.27012102988653464,-0.271673386274952,-0.265717052107983
147,0.7193467,-0.2377529471780331,-0.2386303206480321,-0.2386305622444003,-0.23785289705849513,-0.22970551890786378,-0.25497953484861313,-0.2428145367418912,-0.27438679758369167,-0.2742180857851909,-0.25948342712863237,-0.2627220183856238,-0.262867211221001,-0.26588002398323374,-0.26742589301139164,-0.2613319284330609
148,0.7238693,-0.2338372003230413,-0.23473304476252996,-0.23473329144512348,-0.23393508938679106,-0.2254435990223162,-0.2504315274867459,-0.2382663520443651,-0.2701721968323763,-0.27000486136144636,-0.25508265591765433,-0.25837103578789344,-0.2585162286232706,-0.26157950406997205,-0.26311585706002794,-0.2569019243515963
149,0.72839195,-0.2299214101771676,-0.23083572579035339,-0.2308359775592284,-0.23001732166788513,-0.2211741821574698,-0.24584435123305498,-0.23370829200959753,-0.2658910442160518,-0.2657253913681279,-0.25062934681835425,-0.2539602416661399,-0.2541054345015171,-0.25721703313598493,-0.2587406973832435,-0.2524257214996085
150,0.73291457,-0.226005646005823,-0.22693843267018143,-0.22693868952530427,-0.22609965825620962,-0.2168973338843096,-0.24121757316878673,-0.22914063379204783,-0.2615406994204733,-0.2613770479695606,-0.2461217428966385,-0.24948756355867913,-0.24963275639405635,-0.2527902790206036,-0.2542979374072224,-0.24790209470594132
151,0.7374372,-0.22208987317630208,-0.22304113093267464,-0.22304139287405653,-0.22218205993941595,-0.2126130065140506,-0.23655074942995954,-0.22456353659814945,-0.25711845387145726,-0.25695713490600414,-0.24155799641245906,-0.244950860598536,-0.2450960534339132,-0.24829682396419742,-0.2497850145477564,-0.24332970681296587
152,0.7419598,-0.21817412632131034,-0.2191438550471726,-0.21914412207477976,-0.21826455715119938,-0.208321228064992,-0.23184364250463396,-0.2199772433966604,-0.2526217405089047,-0.25246309709907216,-0.23693637769464615,-0.240348135355873,-0.24049332819125022,-0.2437343735012645,-0.24519949043050276,-0.23870731139292287
153,0.74648243,-0.21425835349178934,-0.21524655330966572,-0.21524682542353193,-0.21434709401962654,-0.20402193166393798,-0.22709604940899672,-0.21538189859269452,-0.24804797759623154,-0.2478923644627444,-0.2322551045293223,-0.23567736928600774,-0.23582256212138497,-0.23910059272721876,-0.24053888710567356,-0.23403357414112133
154,0.75100505,-0.21034258932044483,-0.21134926018949388,-0.2113495373896079,-0.21042970157941962,-0.19971514533875034,-0.2223080250269892,-0.2107777507808036,-0.2433947902780906,-0.24324257323821566,-0.2275125593606857,-0.23093674460063077,-0.23108193743600797,-0.23439332555374848,-0.23580090817539712,-0.22930728156165864
155,0.7555276,-0.206426885756335,-0.2074520273906663,-0.20745230967694941,-0.2065124284467401,-0.1954009164663109,-0.2174798167797791,-0.206165071979428,-0.23865995970022413,-0.2385115150290781,-0.22270722451868158,-0.22612458618669345,-0.22626977902207068,-0.22961053672570336,-0.23098338153459366,-0.22452726636672377
156,0.76005024,-0.20251110426863764,-0.20355471703582453,-0.20355500440837793,-0.20259513292007256,-0.19107908239610844,-0.21261162282196183,-0.20154391228384147,-0.2338411940013512,-0.23369690789089695,-0.21783743881508102,-0.22123912371504031,-0.22138431655041751,-0.22475007452281281,-0.22608402103582764,-0.21969215566683087
157,0.76457286,-0.19859534009729307,-0.1996574239156526,-0.19965771637445381,-0.1986779073786423,-0.186749738086965,-0.20770413372947147,-0.19691459980495646,-0.22893667266482157,-0.22879694012975652,-0.21290193634712948,-0.2162790382337717,-0.21642423106914893,-0.21981021360392602,-0.22110097434146145,-0.21480089560581261
158,0.7690955,-0.1946795586095957,-0.1957601135608109,-0.19576041110588238,-0.19476071447616994,-0.18241283525376964,-0.20275810118666937,-0.1922773120127729,-0.2239446359304805,-0.2238098599303223,-0.20789941625855832,-0.21124303830090488,-0.2113882311362821,-0.21478923316093193,-0.21603239897722926,-0.20985231159726864
159,0.7736181,-0.19076381175460397,-0.19186283767530882,-0.19186314030660565,-0.1908436036610503,-0.17806842147621035,-0.19777462683697414,-0.1876323313265085,-0.21886368731624845,-0.21873427748105082,-0.20282883292210308,-0.20613015893722753,-0.20627535177260473,-0.20968571417599843,-0.21087676321142568,-0.20484538321417178
160,0.7781407,-0.18684806489961214,-0.1879655617898067,-0.18796586950732877,-0.186926537935391,-0.17371644841238532,-0.19275496276768556,-0.18297983997781028,-0.2136926088181575,-0.2135689802278161,-0.19768919517955746,-0.2009395674381841,-0.20108476027356134,-0.20449834555838634,-0.20563265154251673,-0.19977903171603106
161,0.78266335,-0.18293227475373847,-0.18406824281763012,-0.18406855562143376,-0.1830094717949533,-0.1693568577932586,-0.1877006280720214,-0.17832001192039526,-0.2084304948158156,-0.20831306652155757,-0.19247968492871925,-0.19567069069719842,-0.19581588353257565,-0.19922605073589,-0.20029889361737926,-0.19465222283924805
162,0.78718597,-0.17901651058239387,-0.1801709496974582,-0.18017126758750962,-0.17909247246925533,-0.1649897166423956,-0.1826135864478303,-0.1736531572760308,-0.20307695867024533,-0.2029661518228983,-0.18719984411976845,-0.19032341309773404,-0.1904686059331112,-0.19386818588517424,-0.19487476621405284,-0.18946413475451607
163,0.7917085,-0.1751008243346368,-0.17627373413330039,-0.17627405710949842,-0.17517558999312724,-0.16061507314535706,-0.17749610038329883,-0.16897956813412351,-0.19763200648673665,-0.19752824244825487,-0.18184943100099785,-0.18489794028663303,-0.18504313312201026,-0.1884244043041763,-0.18935985767617367,-0.1842139993751483
164,0.79623115,-0.17118503418876313,-0.17237641516112379,-0.17237674322360336,-0.17125864068028973,-0.15623271402799593,-0.1723504647774175,-0.16429925940415802,-0.19209577131019115,-0.19199946999245723,-0.17642814309550237,-0.17939452641631176,-0.179539719251689,-0.18289438237640449,-0.18375379136138348,-0.1789008136463441
165,0.8007538,-0.1672692440428894,-0.16847909618894719,-0.16847942933770832,-0.16734172676214787,-0.15184274518779994,-0.16717970645956765,-0.15961258902100012,-0.1864692852718115,-0.18638086231186735,-0.17093635692540798,-0.1738142334666763,-0.17395942630205352,-0.17727858238941585,-0.17805700009760175,-0.1735240465412035
166,0.8052764,-0.1633534971878976,-0.16458182030344504,-0.16458215853843144,-0.1634248899446869,-0.1474452051945963,-0.161987151814049,-0.15491984486220572,-0.18075405142088197,-0.18067391573306735,-0.16537468758334734,-0.1681584939227742,-0.16830368675815144,-0.17157781528312016,-0.17227028507153563,-0.1680831870975416
167,0.80979896,-0.15943778496561145,-0.16068457888728266,-0.16068492220844938,-0.15950812006423742,-0.14304007445115152,-0.15677645413185204,-0.150221254562104,-0.17495209944120088,-0.17488065055257196,-0.15974402594443565,-0.1624291569713342,-0.16257434980671137,-0.16579328793884573,-0.16639486521044844,-0.1625777610930571
168,0.8143216,-0.15552200347791406,-0.1567872685324409,-0.15678761693987792,-0.15559131178065527,-0.1386272258586922,-0.151551551283588,-0.1455169330068224,-0.1690659653128001,-0.16900359059284342,-0.15404550206284395,-0.15662845952374355,-0.15677365235912077,-0.1599265748125922,-0.1604323497731352,-0.1570072745658378
169,0.8188442,-0.15160625662292226,-0.15288999264693875,-0.1528903461406011,-0.1516745676867285,-0.13420676627744266,-0.14631708539841948,-0.14080724630475105,-0.1630991982338481,-0.16304626918522852,-0.14828095831351756,-0.15075951602661747,-0.15090470886199464,-0.1539801153476948,-0.15438524562066425,-0.151371654715668
170,0.8233668,-0.14769050976793052,-0.14899271676143672,-0.14899307534132433,-0.1477578518831889,-0.12977864657499566,-0.14107795445157084,-0.13609239589026179,-0.15705589564338873,-0.1570127647391238,-0.14245248172771008,-0.1448258500485945,-0.14497104288397167,-0.1479567433954328,-0.14825648093446525,-0.1456707707369611
171,0.8278894,-0.14377476291293873,-0.14509544087593462,-0.14509580454204757,-0.14384116318303036,-0.1253428566021062,-0.13583955368647294,-0.13137262636052455,-0.1509410132855497,-0.15090801017570782,-0.13656268859560228,-0.13883169071014234,-0.13897688354551957,-0.14185999016199885,-0.1420497149168582,-0.13990468978254955
172,0.832412,-0.13985901605794693,-0.14119816499043247,-0.1411985337427707,-0.1399245004647367,-0.12089938619751761,-0.13060773710245865,-0.12664818381839849,-0.14476036411874932,-0.1447377916826756,-0.13061470895425298,-0.13278196264724274,-0.13292715548261996,-0.1356940782095728,-0.13576933364487126,-0.13407363947183848
173,0.8369346,-0.13594326920295519,-0.13730088910493043,-0.13730126294349393,-0.1360078626678266,-0.1164482251879479,-0.1253888215308141,-0.1219193157971028,-0.13852066714397138,-0.13850879731764226,-0.12461222140441208,-0.1266823259139505,-0.12682751874932774,-0.12946396673715915,-0.12942049806150402,-0.12817801978929194
174,0.84145725,-0.1320274790570814,-0.13340357013275378,-0.13340394905759884,-0.13209120548841818,-0.11198931405013268,-0.12018952918842818,-0.11718621883569325,-0.13222952377523722,-0.13222859328806758,-0.11855942065364389,-0.1205391460787345,-0.12068433891411173,-0.12317532624590694,-0.12300911997999198,-0.1222183491382084
175,0.84597987,-0.12811171488573692,-0.12950627701258194,-0.1295066610236748,-0.12817459725702673,-0.10752272140797953,-0.1150171896617791,-0.11244922679957076,-0.12589571107051184,-0.1259059165494612,-0.11246129293820567,-0.11435977483418225,-0.11450496766955948,-0.11683483222464097,-0.11654216336895307,-0.11619551448924181
176,0.8505025,-0.12419594205621587,-0.12560897527507503,-0.12560936437242687,-0.12425800243262924,-0.10304839759853013,-0.1098794418646375,-0.10770854919176492,-0.11952887194608319,-0.1195503654495858,-0.10632331502183034,-0.10815224326433309,-0.10829743609971032,-0.11044985873838098,-0.11002733381227475,-0.11011045530361235
177,0.8550251,-0.12028019520122418,-0.12171169938957299,-0.12171209357315022,-0.12034145480085418,-0.09856637202417307,-0.10478444632803097,-0.1029644804598997,-0.1131398256901428,-0.11317270960949155,-0.10015175458803316,-0.10192556258481911,-0.10207075542019634,-0.10402879536971932,-0.10347340348549705,-0.10396444176072428
178,0.85954773,-0.11636442237170325,-0.11781439765206614,-0.11781479692190244,-0.11642490159133867,-0.09407657498943961,-0.09974065760486223,-0.09821721121004684,-0.1067403389282961,-0.10678466122608021,-0.09395345570244817,-0.0956895006193435,-0.09583469345472073,-0.09758082702989962,-0.09688998816895872,-0.0977588455246945
179,0.8640703,-0.11244870149124064,-0.1139171476185688,-0.11391755197459663,-0.11250841997312083,-0.08957908567233747,-0.09475707259667199,-0.0934670904529476,-0.1003434941628582,-0.10039924291099639,-0.0877362078604485,-0.0894549433258241,-0.08960013616120133,-0.09111631860712621,-0.09028794149769864,-0.09149549490976416
180,0.8685929,-0.10853295463624885,-0.11001987173306671,-0.11002028117531987,-0.10859193127565575,-0.08507380439130718,-0.08984282328771886,-0.0887142790911441,-0.09396322788608735,-0.09403032661517169,-0.0815083175385441,-0.0832334499203099,-0.08337864275568713,-0.08464636754335303,-0.08367889957103408,-0.08517623514335204
181,0.87311554,-0.10461717314855151,-0.10612256137822496,-0.1061229759067484,-0.10467542614383762,-0.08056071073431809,-0.08500741710428167,-0.08395902277408274,-0.08761469163605545,-0.08769299405862868,-0.07527898488654944,-0.07703761323534797,-0.0771828060707252,-0.07818319101962556,-0.07707567758059458,-0.07880329945886899
182,0.87763816,-0.10070140897720697,-0.10222526825805311,-0.10222568787282432,-0.10075895587444955,-0.07603985424089171,-0.08026065987560216,-0.07920164152794407,-0.08131421453010768,-0.08140349939661323,-0.06905830562128551,-0.07088103591018668,-0.07102622874556386,-0.07174011920869722,-0.07049226411019638,-0.07237931388944197
183,0.8821608,-0.09678562748950964,-0.09832795790321136,-0.09832838260425292,-0.09684248519825212,-0.07151118463211531,-0.07561240381949763,-0.0744423508912535,-0.07507902699854363,-0.07517899354772195,-0.06285704573193962,-0.06477807743966862,-0.06492327027504585,-0.0653313495117232,-0.0639435708529501,-0.06590707094699588
184,0.8866834,-0.09286988063451779,-0.09443068201770921,-0.09443111180497604,-0.09292606547289078,-0.0669747517331361,-0.07107267353644164,-0.06968147220533516,-0.06892748215899192,-0.06903774534624901,-0.05668691798889047,-0.05874409216735543,-0.05888928500273266,-0.058972216248123155,-0.05744570868208915,-0.05938982757965788
185,0.891206,-0.08895413377952599,-0.09053340613220706,-0.09053384100569917,-0.08900966148714273,-0.062430505206469034,-0.06665136439620206,-0.06491922207106698,-0.06287870319354588,-0.06299878974579537,-0.05056030154408647,-0.05279511103548801,-0.052940303870865235,-0.05267887935126625,-0.051015669722694335,-0.05283103275702544
186,0.89572865,-0.08503834363365231,-0.08663608716003052,-0.08663652711980413,-0.08509322939723024,-0.05787838435217768,-0.06235823070064139,-0.060155806927209565,-0.05695261230343707,-0.057081956999461614,-0.044490351798723904,-0.046947901835304284,-0.04709309467068151,-0.04646841179108835,-0.04467141647285755,-0.04623446810002868
187,0.9002512,-0.08112264006954245,-0.08273885436120293,-0.0827392994071457,-0.0811768985759172,-0.05331852993451702,-0.05820295465370651,-0.055391644220854186,-0.05117007450104938,-0.051308016627001574,-0.03849125301901912,-0.04122015181999156,-0.041365344655368785,-0.040359023330318045,-0.0384321095847171,-0.03960456948120311
188,0.90477383,-0.07720686724002152,-0.07884155262369608,-0.07884200275589787,-0.07726051265358103,-0.04875075016537295,-0.054194516018371275,-0.050626804050325436,-0.04555206172643672,-0.04569784326755921,-0.032577473900925524,-0.035629687673783605,-0.035774880509160834,-0.034369260925502854,-0.032317289869238874,-0.03294566400840376
189,0.90929645,-0.07329110306867698,-0.07494425950352424,-0.07494471472197378,-0.07334414909118181,-0.04417512539347479,-0.05034159682477829,-0.04586164111323476,-0.04012024421896193,-0.040273007720269594,-0.0267645144161488,-0.03019511442380607,-0.030340307259183297,-0.02851872294830493,-0.02634760582693113,-0.026262860251783815
190,0.9138191,-0.06937531292280325,-0.07104694053134758,-0.07104740083607869,-0.06942777279664042,-0.03959160471787582,-0.046652050652212285,-0.04109637325987192,-0.034896270073105806,-0.035055058223009306,-0.02106831041973578,-0.02493516256140954,-0.02508035539678677,-0.022827398372837593,-0.020544136189831974,-0.019561472569685878
191,0.9183417,-0.06545956606781139,-0.06714966464584543,-0.06715013003680187,-0.065511452611346,-0.03500025887532454,-0.04313293725594686,-0.036331344798397724,-0.029901820734630102,-0.03006557668982901,-0.015505471717405128,-0.01986881444276012,-0.020014007278137347,-0.017315842321295405,-0.014928565455417375,-0.012847399771496681
192,0.9228643,-0.061543819212819706,-0.06325238876034339,-0.06325285923752516,-0.06159514482234729,-0.03040102683204232,-0.0397901283391508,-0.03156676300262612,-0.025158045504896254,-0.025325614822730158,-0.01009286746322341,-0.015014814754335748,-0.015160007589712976,-0.012004688865048407,-0.009522682565229867,-0.0061267631140938805
193,0.92738694,-0.05762803772512237,-0.05935507840550169,-0.059355553968953756,-0.05767881439439437,-0.02579385738884782,-0.03662822556856726,-0.026802845561915645,-0.020685420094153972,-0.020855553874600974,-0.004847688538942907,-0.010391614040312303,-0.01053680687568953,-0.0069146332153881,-0.004348357433617389,0.0005938792838530715
194,0.93190956,-0.05371227355377778,-0.05545778528532974,-0.05545826593502956,-0.05376251290299655,-0.021178801185688434,-0.03365040428508992,-0.02203991528907101,-0.01650347873426178,-0.016674838354518273,0.0002125939493033968,-0.006017197134464525,-0.006162389969841753,-0.0020662944972557606,0.0005726060572727731,0.007307392858421691
195,0.9364321,-0.04979657864784437,-0.051560561103837055,-0.0515610468396947,-0.04984629193901058,-0.016555909270067892,-0.030858113992338787,-0.017278294643037095,-0.01263031739139131,-0.012801481129592118,0.005070517320845791,-0.0019086828686860624,-0.0020538757040632905,0.0025201719554050483,0.0052188731123253285,0.01400621228115484
196,0.94095474,-0.04588079716014698,-0.047663250748995356,-0.0476637415711233,-0.04592999528457253,-0.011924987141739951,-0.028250721188890937,-0.01251805305047654,-0.009081998221805943,-0.009251469666461842,0.009709054342927737,0.001918185402664585,0.001772992567287357,0.006825589985180458,0.009570110177139879,0.020682694603816276
197,0.94547737,-0.0419650243306261,-0.04376594901148856,-0.04376644491987558,-0.04201371785700109,-0.0072861367316056636,-0.025825606995080685,-0.007759564816608222,-0.0058725509436754475,-0.006038769510111286,0.014111257619188078,0.005448904851155234,0.005303712015778006,0.01083155528392754,0.013606787325172842,0.027328335385241986
198,0.95,-0.03804925150110511,-0.03986864727398176,-0.03986914826862781,-0.0380974506751135,-0.0026393373305016454,-0.023577692465056643,-0.0030030773640528086,-0.00301314917788581,-0.0031745027830883954,0.01826093380176541,0.008670952324360881,0.008525759488983709,0.014521206534045095,0.017310973113396244,0.03393437975432467
